{
  "trades": 1046,
  "final_equity": 7365825.830872399,
  "total_return": 6.3658258308723985,
  "max_drawdown": -0.2114818827528755,
  "win_rate": 0.4196940726577438,
  "limit_hit_rate": 0.06596558317399617,
  "avg_trade_return": 0.0606832467990965
}