date,symbol,name,board,close,score,turnover,ret_3,ret_5,volume_ratio_5,market_limit_hits,market_limit_hit_rate,market_failed_limit_hits,board_limit_hits,limit_hits_5,failed_limit_hits_5,consecutive_limit_hits,suggest_reason
2026-07-27,003001.SZ,中岩大地,main,19.15,0.7856327555644922,0.0,0.0892094017094018,0.0424335378323108,1.2503894786001777,88,0.0159362549800796,40,75,3.0,1.0,2.0,短线动量强，市场情绪强，板块情绪强，近5日触板记忆
2026-07-27,002879.SZ,长缆科技,main,18.5,0.5790749833478415,0.0,0.3311209439528024,0.4302694136291602,1.18873698578605,88,0.0159362549800796,40,75,4.0,0.0,4.0,短线动量强，市场情绪强，板块情绪强，近5日触板记忆
2026-07-27,603580.SH,艾艾精工,main,46.3,0.57517334895893,0.0,0.272327562517175,0.0307212822796081,1.0800636463055275,88,0.0159362549800796,40,75,3.0,1.0,1.0,短线动量强，市场情绪强，板块情绪强，近5日触板记忆
2026-07-27,000668.SZ,荣丰控股,main,18.34,0.5473144005552862,0.0,0.1756487025948105,0.007411630558723,1.1477405261290807,88,0.0159362549800796,40,75,2.0,0.0,2.0,短线动量强，市场情绪强，板块情绪强，近5日触板记忆
2026-07-27,603221.SH,爱丽家居,main,14.0,0.44630040122443276,0.0,0.3307984790874525,0.357904946653734,0.8611300204220558,88,0.0159362549800796,40,75,4.0,0.0,4.0,短线动量强，市场情绪强，板块情绪强，近5日触板记忆
2026-07-27,000595.SZ,新能股份,main,6.07,0.4451685791341958,0.0,0.331140350877193,0.2832980972515855,3.1472401836443424,88,0.0159362549800796,40,75,3.0,0.0,3.0,成交量放大，短线动量强，市场情绪强，板块情绪强，近5日触板记忆
2026-07-27,001258.SZ,立新能源,main,13.03,0.42152492442290285,0.0,0.3016983016983017,0.5755743651753324,1.678507047088898,88,0.0159362549800796,40,75,5.0,1.0,7.0,成交量放大，短线动量强，市场情绪强，板块情绪强，近5日触板记忆
2026-07-27,600984.SH,建设机械,main,4.0,0.4173155927628197,0.0,0.2618296529968453,0.2779552715654951,1.5457995489933258,88,0.0159362549800796,40,75,3.0,1.0,2.0,成交量放大，短线动量强，市场情绪强，板块情绪强，近5日触板记忆
2026-07-27,002083.SZ,孚日股份,main,11.52,0.3969116618946888,0.0,0.1975051975051975,0.1228070175438595,1.6914080049127629,88,0.0159362549800796,40,75,2.0,0.0,2.0,成交量放大，短线动量强，市场情绪强，板块情绪强，近5日触板记忆
2026-07-27,001229.SZ,魅视科技,main,39.18,0.3907820000570739,0.0,0.1392846757778423,0.0925822643614053,1.061071087010076,88,0.0159362549800796,40,75,2.0,1.0,1.0,短线动量强，市场情绪强，板块情绪强，近5日触板记忆
2026-07-27,603118.SH,共进股份,main,15.77,0.34863013404185905,0.0,0.0562625586068319,0.0548494983277592,1.0556665381250607,88,0.0159362549800796,40,75,3.0,1.0,0.0,短线动量强，市场情绪强，板块情绪强，近5日触板记忆
2026-07-27,002218.SZ,拓日新能,main,4.2,0.33752358257680054,0.0,0.2103746397694523,0.2244897959183673,2.7857279433423887,88,0.0159362549800796,40,75,2.0,0.0,2.0,成交量放大，短线动量强，市场情绪强，板块情绪强，近5日触板记忆
2026-07-27,000011.SZ,深物业A,main,8.26,0.3294310011384845,0.0,0.2164948453608246,0.2458521870286576,1.9534817457579692,88,0.0159362549800796,40,75,2.0,0.0,2.0,成交量放大，短线动量强，市场情绪强，板块情绪强，近5日触板记忆
2026-07-27,600698.SH,湖南天雁,main,6.84,0.3195172639139837,0.0,0.2084805653710246,0.1999999999999999,2.4997878977201284,88,0.0159362549800796,40,75,2.0,0.0,2.0,成交量放大，短线动量强，市场情绪强，板块情绪强，近5日触板记忆
2026-07-27,603956.SH,威派格,main,6.31,0.319322590420535,0.0,0.2134615384615383,0.1728624535315985,1.3178697888921558,88,0.0159362549800796,40,75,2.0,0.0,2.0,短线动量强，市场情绪强，板块情绪强，近5日触板记忆
2026-07-27,603068.SH,博通集成,main,37.02,0.31686444566373384,0.0,0.0913915094339623,0.0460582085334841,1.110470743902965,88,0.0159362549800796,40,75,1.0,0.0,1.0,短线动量强，市场情绪强，板块情绪强，近5日触板记忆
2026-07-27,301234.SZ,五洲医疗,chinext,58.75,0.3145546844311159,0.0,0.7279411764705883,0.5947339847991313,1.0508288806685848,88,0.0159362549800796,40,10,3.0,0.0,3.0,短线动量强，市场情绪强，板块情绪强，近5日触板记忆
2026-07-27,601606.SH,长城军工,main,32.05,0.31320683575211344,0.0,0.219094712818562,0.2713209044030145,1.4291392083367849,88,0.0159362549800796,40,75,2.0,0.0,2.0,短线动量强，市场情绪强，板块情绪强，近5日触板记忆
2026-07-27,002300.SZ,太阳电缆,main,7.1,0.31234512683214416,0.0,0.2074829931972788,0.2013536379018612,2.557247529619143,88,0.0159362549800796,40,75,2.0,0.0,2.0,成交量放大，短线动量强，市场情绪强，板块情绪强，近5日触板记忆
2026-07-27,002388.SZ,新亚制程,main,4.36,0.3123407184720947,0.0,0.1266149870801034,0.1150895140664962,1.235230482834387,88,0.0159362549800796,40,75,2.0,1.0,2.0,短线动量强，市场情绪强，板块情绪强，近5日触板记忆
2026-07-27,002298.SZ,中电鑫龙,main,8.1,0.30869706109330713,0.0,0.1894273127753303,0.1964549483013293,1.7474272742101855,88,0.0159362549800796,40,75,2.0,0.0,2.0,成交量放大，短线动量强，市场情绪强，板块情绪强，近5日触板记忆
2026-07-27,002498.SZ,汉缆股份,main,6.5,0.3027403644299427,0.0,0.1948529411764705,0.2104283054003723,1.0148567189958588,88,0.0159362549800796,40,75,2.0,0.0,2.0,短线动量强，市场情绪强，板块情绪强，近5日触板记忆
2026-07-27,000533.SZ,顺钠股份,main,9.55,0.2916965699048248,0.0,0.20125786163522,0.1982434127979926,0.3582399698802521,88,0.0159362549800796,40,75,2.0,0.0,2.0,短线动量强，市场情绪强，板块情绪强，近5日触板记忆
2026-07-27,300480.SZ,光力科技,chinext,31.66,0.2754625986132071,0.0,0.1942663145982648,0.1969754253308129,1.2014813396552766,88,0.0159362549800796,40,10,1.0,0.0,1.0,短线动量强，市场情绪强，板块情绪强，近5日触板记忆
2026-07-27,605288.SH,凯迪股份,main,69.24,0.27517920158108683,0.0,0.1399407309845239,0.1286063569682149,1.153475240061451,88,0.0159362549800796,40,75,3.0,1.0,2.0,短线动量强，市场情绪强，板块情绪强，近5日触板记忆
2026-07-27,600539.SH,狮头股份,main,18.51,0.27482618304443485,0.0,0.1482630272952854,0.0965639810426541,1.4471901094294173,88,0.0159362549800796,40,75,1.0,0.0,1.0,短线动量强，市场情绪强，板块情绪强，近5日触板记忆
2026-07-27,002396.SZ,星网锐捷,main,32.92,0.25336355106901737,0.0,0.0414425814615628,0.0991652754590985,0.668598461733045,88,0.0159362549800796,40,75,2.0,1.0,0.0,市场情绪强，板块情绪强，近5日触板记忆
2026-07-27,603726.SH,朗迪集团,main,25.0,0.2474199042874975,0.0,0.083658430862592,0.0683760683760683,1.460067925228503,88,0.0159362549800796,40,75,1.0,0.0,1.0,短线动量强，市场情绪强，板块情绪强，近5日触板记忆
2026-07-27,603690.SH,至纯科技,main,22.62,0.24232519406324388,0.0,0.0184601530841963,-0.0582847626977518,0.5624593218200358,88,0.0159362549800796,40,75,1.0,0.0,1.0,市场情绪强，板块情绪强，近5日触板记忆
2026-07-27,002208.SZ,合肥城建,main,13.6,0.2342759392226371,0.0,0.1193415637860082,-0.0072992700729926,0.823346663558996,88,0.0159362549800796,40,75,1.0,0.0,1.0,短线动量强，市场情绪强，板块情绪强，近5日触板记忆
2026-07-27,002303.SZ,美盈森,main,4.57,0.23070837528633623,0.0,0.1065375302663438,0.0066079295154186,0.5636144578604914,88,0.0159362549800796,40,75,1.0,0.0,1.0,短线动量强，市场情绪强，板块情绪强，近5日触板记忆
2026-07-27,605198.SH,安德利,main,54.63,0.2282381087519561,0.0,0.1031906300484652,0.0659512195121951,0.8877518267739894,88,0.0159362549800796,40,75,1.0,0.0,1.0,短线动量强，市场情绪强，板块情绪强，近5日触板记忆
2026-07-27,002412.SZ,汉森制药,main,7.09,0.22771843051629703,0.0,0.1622950819672131,0.1026438569206842,2.402855783100616,88,0.0159362549800796,40,75,3.0,1.0,3.0,成交量放大，短线动量强，市场情绪强，板块情绪强，近5日触板记忆
2026-07-27,600722.SH,金牛化工,main,11.43,0.21945258762434278,0.0,0.2685904550499445,0.3399765533411489,1.3372806029504618,88,0.0159362549800796,40,75,3.0,0.0,0.0,短线动量强，市场情绪强，板块情绪强，近5日触板记忆
2026-07-27,300214.SZ,日科化学,chinext,11.86,0.218104860145334,0.0,0.3492605233219568,0.2341311134235171,1.7330167387490774,88,0.0159362549800796,40,10,2.0,1.0,2.0,成交量放大，短线动量强，市场情绪强，板块情绪强，近5日触板记忆
2026-07-27,600396.SH,华电辽能,main,14.77,0.2161015246593723,0.0,0.0892330383480826,0.2678111587982832,0.9746722834985958,88,0.0159362549800796,40,75,3.0,0.0,0.0,短线动量强，市场情绪强，板块情绪强，近5日触板记忆
2026-07-27,603976.SH,正川股份,main,25.2,0.21316256231422173,0.0,0.0871440897325279,0.0088070456365092,1.0919528261355709,88,0.0159362549800796,40,75,1.0,0.0,1.0,短线动量强，市场情绪强，板块情绪强，近5日触板记忆
2026-07-27,000670.SZ,盈方微,main,6.34,0.21159194667713443,0.0,0.1103327495621715,0.1142355008787345,1.489901911522158,88,0.0159362549800796,40,75,1.0,0.0,1.0,短线动量强，市场情绪强，板块情绪强，近5日触板记忆
2026-07-27,600744.SH,华银电力,main,7.53,0.2104797629018462,0.0,0.0429362880886428,0.2634228187919463,1.0274671504842336,88,0.0159362549800796,40,75,3.0,0.0,0.0,市场情绪强，板块情绪强，近5日触板记忆
2026-07-27,002156.SZ,通富微电,main,76.64,0.20731675298524171,0.0,0.1059163059163059,0.1211234640140432,1.16870173930077,88,0.0159362549800796,40,75,3.0,2.0,1.0,短线动量强，市场情绪强，板块情绪强，近5日触板记忆，近期炸板偏多
2026-07-27,000417.SZ,合百集团,main,6.36,0.20550050007182935,0.0,0.145945945945946,0.0984455958549224,1.548017603641231,88,0.0159362549800796,40,75,1.0,0.0,1.0,成交量放大，短线动量强，市场情绪强，板块情绪强，近5日触板记忆
2026-07-27,002374.SZ,中锐股份,main,3.09,0.20410220704125903,0.0,0.1318681318681318,0.140221402214022,1.2451670112783657,88,0.0159362549800796,40,75,1.0,0.0,1.0,短线动量强，市场情绪强，板块情绪强，近5日触板记忆
2026-07-27,600664.SH,哈药股份,main,5.4,0.19404466754371064,0.0,-0.0753424657534246,0.0131332082551596,0.8281249618416783,88,0.0159362549800796,40,75,1.0,0.0,0.0,市场情绪强，板块情绪强，近5日触板记忆
2026-07-27,002012.SZ,凯恩股份,main,5.73,0.18815340734726146,0.0,0.0872865275142316,0.0630797773654918,0.7037100673631946,88,0.0159362549800796,40,75,1.0,0.0,1.0,短线动量强，市场情绪强，板块情绪强，近5日触板记忆
2026-07-27,002265.SZ,建设工业,main,19.34,0.18557086293831632,0.0,0.1857755977927653,0.2079950031230479,1.574763674459128,88,0.0159362549800796,40,75,1.0,0.0,1.0,成交量放大，短线动量强，市场情绪强，板块情绪强，近5日触板记忆
2026-07-27,002141.SZ,贤丰控股,main,5.21,0.17995038927650725,0.0,0.0632653061224488,-0.1374172185430463,1.0873486929125395,88,0.0159362549800796,40,75,2.0,2.0,0.0,短线动量强，市场情绪强，板块情绪强，近5日触板记忆，近期炸板偏多
2026-07-27,002189.SZ,中光学,main,19.1,0.17906060117095193,0.0,0.1248527679623086,0.0670391061452515,1.9754722057557697,88,0.0159362549800796,40,75,1.0,0.0,1.0,成交量放大，短线动量强，市场情绪强，板块情绪强，近5日触板记忆
2026-07-27,603619.SH,中曼石油,main,22.7,0.17163826314008324,0.0,0.1701030927835052,0.2795941375422774,2.023564970548964,88,0.0159362549800796,40,75,3.0,0.0,0.0,成交量放大，短线动量强，市场情绪强，板块情绪强，近5日触板记忆
2026-07-27,600178.SH,东安动力,main,9.5,0.16827696131200773,0.0,0.1377245508982036,0.1216056670602123,2.1976252730318224,88,0.0159362549800796,40,75,1.0,0.0,1.0,成交量放大，短线动量强，市场情绪强，板块情绪强，近5日触板记忆
2026-07-27,600962.SH,国投中鲁,main,21.43,0.16341324448586278,0.0,0.0297933685728015,-0.0267938237965486,1.6481415742993808,88,0.0159362549800796,40,75,2.0,1.0,2.0,成交量放大，市场情绪强，板块情绪强，近5日触板记忆
2026-07-27,000603.SZ,盛达资源,main,24.8,0.16039872456743723,0.0,0.2085769980506824,0.3087071240105541,1.7715663006957416,88,0.0159362549800796,40,75,3.0,0.0,0.0,成交量放大，短线动量强，市场情绪强，板块情绪强，近5日触板记忆
2026-07-27,002674.SZ,兴业科技,main,22.42,0.15733064665369825,0.0,0.1215607803901952,-0.0361134995700773,1.181971967634775,88,0.0159362549800796,40,75,1.0,0.0,0.0,短线动量强，市场情绪强，板块情绪强，近5日触板记忆
2026-07-27,000021.SZ,深科技,main,41.99,0.1555377040538465,0.0,0.0864165588615784,0.0763906690592157,1.1532730806354696,88,0.0159362549800796,40,75,2.0,1.0,0.0,短线动量强，市场情绪强，板块情绪强，近5日触板记忆
2026-07-27,600617.SH,国新能源,main,3.39,0.154706928556321,0.0,0.1770833333333334,0.1978798586572439,1.354999548127258,88,0.0159362549800796,40,75,1.0,0.0,1.0,短线动量强，市场情绪强，板块情绪强，近5日触板记忆
2026-07-27,003043.SZ,华亚智能,main,68.56,0.1544895810016185,0.0,0.0697456701513496,0.0155532513701672,1.0740978947897388,88,0.0159362549800796,40,75,2.0,2.0,1.0,短线动量强，市场情绪强，板块情绪强，近5日触板记忆，近期炸板偏多
2026-07-27,603311.SH,金海高科,main,25.71,0.15389197927619172,0.0,0.0404694455685956,0.0387878787878788,0.9322237976278892,88,0.0159362549800796,40,75,2.0,1.0,0.0,市场情绪强，板块情绪强，近5日触板记忆
2026-07-27,002409.SZ,雅克科技,main,153.95,0.15194370041461877,0.0,0.0724486241727619,0.0617241379310344,1.0637593898199336,88,0.0159362549800796,40,75,2.0,1.0,0.0,短线动量强，市场情绪强，板块情绪强，近5日触板记忆
2026-07-27,000938.SZ,紫光股份,main,41.45,0.15155621486115858,0.0,-0.0002411963338156,0.179903216623968,0.7432204800058805,88,0.0159362549800796,40,75,3.0,2.0,0.0,市场情绪强，板块情绪强，近5日触板记忆，近期炸板偏多
2026-07-27,002197.SZ,证通电子,main,6.9,0.15073223872841046,0.0,0.0883280757097793,0.2545454545454546,1.489581701101194,88,0.0159362549800796,40,75,4.0,1.0,0.0,短线动量强，市场情绪强，板块情绪强，近5日触板记忆
2026-07-27,002536.SZ,飞龙股份,main,48.19,0.14775053478303568,0.0,0.0240118997025073,-0.0207274944117049,0.8510099108394649,88,0.0159362549800796,40,75,1.0,1.0,0.0,市场情绪强，板块情绪强，近5日触板记忆
2026-07-27,002484.SZ,江海股份,main,63.59,0.14589400833201657,0.0,-0.1235010337698138,-0.1322325327510917,0.8191949597915945,88,0.0159362549800796,40,75,1.0,0.0,0.0,市场情绪强，板块情绪强，近5日触板记忆
2026-07-27,605376.SH,博迁新材,main,137.87,0.1458279412995359,0.0,-0.0680051375650645,-0.0772988890376119,0.8647977663413149,88,0.0159362549800796,40,75,2.0,1.0,0.0,市场情绪强，板块情绪强，近5日触板记忆
2026-07-27,603567.SH,珍宝岛,main,5.85,0.14512965539681502,0.0,-0.0518638573743922,-0.0298507462686568,0.9988891847452056,88,0.0159362549800796,40,75,1.0,0.0,0.0,市场情绪强，板块情绪强，近5日触板记忆
2026-07-27,002900.SZ,哈三联,main,11.4,0.14357209283742667,0.0,0.1400000000000001,0.0458715596330274,1.4507999958363698,88,0.0159362549800796,40,75,2.0,0.0,0.0,短线动量强，市场情绪强，板块情绪强，近5日触板记忆
2026-07-27,600206.SH,有研新材,main,44.0,0.14251209011196084,0.0,0.1150532184490622,0.1041405269761606,1.24267437204947,88,0.0159362549800796,40,75,1.0,0.0,0.0,短线动量强，市场情绪强，板块情绪强，近5日触板记忆
2026-07-27,600227.SH,赤天化,main,3.13,0.14219997275744267,0.0,0.0330033003300329,0.0228758169934639,1.0440607385203442,88,0.0159362549800796,40,75,1.0,0.0,0.0,市场情绪强，板块情绪强，近5日触板记忆
2026-07-27,600403.SH,大有能源,main,5.35,0.13925243650063399,0.0,0.0328185328185328,0.1145833333333332,1.009541410115376,88,0.0159362549800796,40,75,2.0,0.0,0.0,市场情绪强，板块情绪强，近5日触板记忆
2026-07-27,002353.SZ,杰瑞股份,main,137.29,0.1387241383402491,0.0,0.0895167050234106,0.1689229459344401,1.641290068528562,88,0.0159362549800796,40,75,2.0,1.0,0.0,成交量放大，短线动量强，市场情绪强，板块情绪强，近5日触板记忆
2026-07-27,002432.SZ,九安医疗,main,67.58,0.1376011823481669,0.0,-0.1526018808777429,-0.1467171717171718,0.7928225769693559,88,0.0159362549800796,40,75,2.0,1.0,0.0,市场情绪强，板块情绪强，近5日触板记忆
2026-07-27,002713.SZ,东易日盛,main,9.36,0.1375271139832149,0.0,0.0331125827814569,-0.0667996011964108,1.25709461482893,88,0.0159362549800796,40,75,1.0,0.0,0.0,市场情绪强，板块情绪强，近5日触板记忆
2026-07-27,002762.SZ,金发拉比,main,7.98,0.13712775939133592,0.0,0.164963503649635,0.1037344398340249,2.458761594365109,88,0.0159362549800796,40,75,2.0,1.0,2.0,成交量放大，短线动量强，市场情绪强，板块情绪强，近5日触板记忆
2026-07-27,603823.SH,百合花,main,75.91,0.1353007232896522,0.0,-0.0734773587208593,0.0816471929324591,0.7749857874040108,88,0.0159362549800796,40,75,1.0,0.0,0.0,市场情绪强，板块情绪强，近5日触板记忆
2026-07-27,603893.SH,瑞芯微,main,221.8,0.13514373551012146,0.0,0.0660898822398461,0.0980198019801981,0.933463153348534,88,0.0159362549800796,40,75,1.0,0.0,0.0,短线动量强，市场情绪强，板块情绪强，近5日触板记忆
2026-07-27,603988.SH,中电电机,main,16.4,0.13486080627305314,0.0,0.1557434813248766,0.1373092926490984,2.2261276194714,88,0.0159362549800796,40,75,2.0,0.0,0.0,成交量放大，短线动量强，市场情绪强，板块情绪强，近5日触板记忆
2026-07-27,601678.SH,滨化股份,main,6.54,0.13285667434942924,0.0,0.1084745762711862,0.2601156069364161,2.1444598895013205,88,0.0159362549800796,40,75,2.0,1.0,2.0,成交量放大，短线动量强，市场情绪强，板块情绪强，近5日触板记忆
2026-07-27,603459.SH,红板科技,main,84.09,0.13157778910825615,0.0,0.0920779220779222,0.0216255619001337,0.9467603488253256,88,0.0159362549800796,40,75,2.0,2.0,0.0,短线动量强，市场情绪强，板块情绪强，近5日触板记忆，近期炸板偏多
2026-07-27,000811.SZ,冰轮环境,main,43.25,0.1310441453722993,0.0,-0.0192743764172336,-0.0002311604253351,1.051788162243585,88,0.0159362549800796,40,75,1.0,1.0,0.0,市场情绪强，板块情绪强，近5日触板记忆
2026-07-27,688260.SH,昀冢科技,star,72.21,0.12961119090016807,0.0,-0.0474871388998814,-0.1132260837529167,0.941339165146946,88,0.0159362549800796,40,3,1.0,1.0,0.0,市场情绪强，近5日触板记忆
2026-07-27,600726.SH,华电能源,main,6.28,0.12810667349324534,0.0,0.0466666666666666,0.1849056603773586,0.8725633338315459,88,0.0159362549800796,40,75,3.0,1.0,0.0,市场情绪强，板块情绪强，近5日触板记忆
2026-07-27,000815.SZ,美利云,main,16.19,0.12771651924112587,0.0,0.1043656207366985,0.3358085808580859,1.9403173197719357,88,0.0159362549800796,40,75,4.0,0.0,0.0,成交量放大，短线动量强，市场情绪强，板块情绪强，近5日触板记忆
2026-07-27,002173.SZ,创新医疗,main,18.81,0.12769521464861036,0.0,0.0841498559077809,0.0561482313307131,1.4285227416797697,88,0.0159362549800796,40,75,1.0,0.0,0.0,短线动量强，市场情绪强，板块情绪强，近5日触板记忆
2026-07-27,603186.SH,华正新材,main,124.5,0.12725144436692923,0.0,-0.1587837837837837,-0.2184557438794727,0.7515950628143171,88,0.0159362549800796,40,75,0.0,0.0,0.0,市场情绪强，板块情绪强
2026-07-27,603061.SH,金海通,main,294.6,0.12675153962556163,0.0,-0.0539195221426506,-0.0348894348894348,0.7490806566034428,88,0.0159362549800796,40,75,1.0,0.0,0.0,市场情绪强，板块情绪强，近5日触板记忆
2026-07-27,605111.SH,新洁能,main,55.16,0.1253873142906609,0.0,0.0243268337975857,0.0294886151549085,0.7317365449226303,88,0.0159362549800796,40,75,2.0,1.0,0.0,市场情绪强，板块情绪强，近5日触板记忆
2026-07-27,605100.SH,华丰股份,main,29.5,0.1253397952240326,0.0,0.0446175637393768,0.0314685314685314,1.121850969981958,88,0.0159362549800796,40,75,1.0,0.0,0.0,市场情绪强，板块情绪强，近5日触板记忆
2026-07-27,603678.SH,火炬电子,main,42.02,0.12416726703198545,0.0,-0.1013686911890503,-0.1103112428541179,0.8894657309788686,88,0.0159362549800796,40,75,2.0,1.0,0.0,市场情绪强，板块情绪强，近5日触板记忆
2026-07-27,603629.SH,利通电子,main,108.61,0.1239114045716963,0.0,0.0095742703104666,0.1962771230311708,1.0794238730466748,88,0.0159362549800796,40,75,4.0,2.0,0.0,市场情绪强，板块情绪强，近5日触板记忆，近期炸板偏多
2026-07-27,603137.SH,恒尚节能,main,26.51,0.12284346610899133,0.0,0.1329059829059831,-0.081109185441941,0.8368968276400546,88,0.0159362549800796,40,75,1.0,1.0,0.0,短线动量强，市场情绪强，板块情绪强，近5日触板记忆
2026-07-27,603727.SH,博迈科,main,16.35,0.12227528432466991,0.0,0.0092592592592593,0.0834990059642148,1.3310446541869292,88,0.0159362549800796,40,75,2.0,0.0,0.0,市场情绪强，板块情绪强，近5日触板记忆
2026-07-27,688371.SH,菲沃泰,star,25.28,0.1218777679544617,0.0,-0.0783813343055048,-0.0753474762253109,0.587883303475547,88,0.0159362549800796,40,3,1.0,0.0,0.0,市场情绪强，近5日触板记忆
2026-07-27,002774.SZ,快意电梯,main,17.64,0.12165651965760943,0.0,0.1574803149606298,0.1799331103678931,1.5294037835323306,88,0.0159362549800796,40,75,1.0,0.0,0.0,成交量放大，短线动量强，市场情绪强，板块情绪强，近5日触板记忆
2026-07-27,600844.SH,金煤科技,main,3.02,0.120537717510842,0.0,0.1226765799256506,0.0709219858156029,1.4169249468630265,88,0.0159362549800796,40,75,1.0,0.0,0.0,短线动量强，市场情绪强，板块情绪强，近5日触板记忆
2026-07-27,603256.SH,宏和科技,main,145.77,0.12031179548529866,0.0,-0.0813587093521552,-0.0905290741202894,0.8023591469278567,88,0.0159362549800796,40,75,1.0,0.0,0.0,市场情绪强，板块情绪强，近5日触板记忆
2026-07-27,603399.SH,永杉锂业,main,13.55,0.11920514667025009,0.0,0.0980551053484604,0.0520186335403727,1.525049501692371,88,0.0159362549800796,40,75,1.0,0.0,0.0,成交量放大，短线动量强，市场情绪强，板块情绪强，近5日触板记忆
2026-07-27,603407.SH,长裕集团,main,59.18,0.11850909719923602,0.0,0.0117968883569841,0.0016926201760325,1.2748995806669283,88,0.0159362549800796,40,75,2.0,0.0,0.0,市场情绪强，板块情绪强，近5日触板记忆
2026-07-27,600584.SH,长电科技,main,82.9,0.11845304781120475,0.0,-0.0211359074270869,-0.0302959410457361,0.8050744729714683,88,0.0159362549800796,40,75,1.0,0.0,0.0,市场情绪强，板块情绪强，近5日触板记忆
2026-07-27,600641.SH,先导基电,main,30.52,0.11834476655338003,0.0,-0.0411561420043983,-0.0509950248756218,0.8580772786321504,88,0.0159362549800796,40,75,1.0,0.0,0.0,市场情绪强，板块情绪强，近5日触板记忆
2026-07-27,605162.SH,新中港,main,8.64,0.11818700423944117,0.0,0.2378223495702005,0.2083916083916084,2.551840914854109,88,0.0159362549800796,40,75,2.0,0.0,0.0,成交量放大，短线动量强，市场情绪强，板块情绪强，近5日触板记忆
2026-07-27,688237.SH,超卓航科,star,65.45,0.11651028591104974,0.0,0.2349056603773585,0.2274943735933983,1.7037323218174427,88,0.0159362549800796,40,3,1.0,0.0,1.0,成交量放大，短线动量强，市场情绪强，近5日触板记忆
2026-07-27,002775.SZ,文科股份,main,3.54,0.11617992152552559,0.0,0.1644736842105263,0.0858895705521474,1.2195198290363334,88,0.0159362549800796,40,75,1.0,0.0,0.0,短线动量强，市场情绪强，板块情绪强，近5日触板记忆
2026-07-27,600667.SH,太极实业,main,16.29,0.11562952113246927,0.0,-0.0239664469742362,-0.0338078291814947,0.8616639996081755,88,0.0159362549800796,40,75,1.0,0.0,0.0,市场情绪强，板块情绪强，近5日触板记忆
2026-07-27,600162.SH,香江控股,main,2.72,0.115203510760298,0.0,0.0421455938697319,-0.111111111111111,0.9468248172046964,88,0.0159362549800796,40,75,0.0,0.0,0.0,市场情绪强，板块情绪强
2026-07-27,688679.SH,通源环境,star,35.53,0.11388955877187537,0.0,0.1468689477081988,0.3218005952380953,1.0221312580561324,88,0.0159362549800796,40,3,1.0,0.0,0.0,短线动量强，市场情绪强，近5日触板记忆
2026-07-27,002515.SZ,金字火腿,main,7.81,0.11304794309460735,0.0,0.0497311827956987,0.0156046814044212,0.7108484942186001,88,0.0159362549800796,40,75,1.0,0.0,0.0,市场情绪强，板块情绪强，近5日触板记忆
2026-07-27,000608.SZ,阳光股份,main,6.52,0.11235660454936269,0.0,0.1319444444444444,0.0030769230769229,1.3049350972683498,88,0.0159362549800796,40,75,1.0,0.0,0.0,短线动量强，市场情绪强，板块情绪强，近5日触板记忆
2026-07-27,002213.SZ,大为股份,main,26.93,0.11180181191061095,0.0,0.0776310524209684,0.0733359904344359,0.9787717979224392,88,0.0159362549800796,40,75,2.0,0.0,0.0,短线动量强，市场情绪强，板块情绪强，近5日触板记忆
2026-07-27,000566.SZ,海南海药,main,4.82,0.11136386327790632,0.0,0.0168776371308017,-0.0549019607843136,0.9610246916815648,88,0.0159362549800796,40,75,1.0,0.0,0.0,市场情绪强，板块情绪强，近5日触板记忆
2026-07-27,688328.SH,深科达,star,77.6,0.1107588171893805,0.0,-0.0169749176589815,0.0130548302872062,0.8600944939165888,88,0.0159362549800796,40,3,1.0,0.0,0.0,市场情绪强，近5日触板记忆
2026-07-27,605028.SH,世茂能源,main,27.2,0.1106830804966036,0.0,0.2279909706546274,0.1161263848994664,1.4417224283978836,88,0.0159362549800796,40,75,2.0,1.0,0.0,短线动量强，市场情绪强，板块情绪强，近5日触板记忆
2026-07-27,600176.SH,中国巨石,main,37.34,0.10932340379761882,0.0,-0.1316279069767441,-0.1474885844748856,0.6718595999492122,88,0.0159362549800796,40,75,0.0,0.0,0.0,市场情绪强，板块情绪强
2026-07-27,600343.SH,航天动力,main,17.2,0.10903918684358074,0.0,-0.0114942528735632,-0.0309859154929578,1.12575612712118,88,0.0159362549800796,40,75,1.0,0.0,0.0,市场情绪强，板块情绪强，近5日触板记忆
2026-07-27,600379.SH,宝光股份,main,11.15,0.10885059118936959,0.0,0.0899315738025414,-0.0044642857142855,1.3926067093914645,88,0.0159362549800796,40,75,1.0,0.0,0.0,短线动量强，市场情绪强，板块情绪强，近5日触板记忆
2026-07-27,000862.SZ,银星能源,main,5.56,0.10864803704229918,0.0,0.0754352030947775,0.1119999999999998,1.3810318279927605,88,0.0159362549800796,40,75,2.0,1.0,0.0,短线动量强，市场情绪强，板块情绪强，近5日触板记忆
2026-07-27,300414.SZ,中光防雷,chinext,11.27,0.10864389576944941,0.0,0.2027748132337248,0.1739583333333334,1.6233636394621211,88,0.0159362549800796,40,10,1.0,0.0,1.0,成交量放大，短线动量强，市场情绪强，板块情绪强，近5日触板记忆
2026-07-27,603318.SH,水发燃气,main,8.94,0.10713960896025342,0.0,0.1174999999999999,0.0554899645808735,1.5449495069633457,88,0.0159362549800796,40,75,1.0,0.0,0.0,成交量放大，短线动量强，市场情绪强，板块情绪强，近5日触板记忆
2026-07-27,000636.SZ,风华高科,main,40.22,0.10641625165509115,0.0,-0.0925090252707581,-0.1356114334837739,0.797447894870794,88,0.0159362549800796,40,75,1.0,1.0,0.0,市场情绪强，板块情绪强，近5日触板记忆
2026-07-27,001389.SZ,广合科技,main,160.5,0.10561446011858422,0.0,-0.0792266651368251,-0.0884307377747486,0.6811195154145715,88,0.0159362549800796,40,75,1.0,0.0,0.0,市场情绪强，板块情绪强，近5日触板记忆
2026-07-27,603929.SH,亚翔集成,main,165.5,0.1052610746949465,0.0,-0.0241169880299546,-0.0338587273788675,0.8478945417557529,88,0.0159362549800796,40,75,1.0,0.0,0.0,市场情绪强，板块情绪强，近5日触板记忆
2026-07-27,603950.SH,长源东谷,main,59.8,0.10437351752019541,0.0,-0.0479223053653877,-0.0339256865912762,0.607628100099755,88,0.0159362549800796,40,75,1.0,0.0,0.0,市场情绪强，板块情绪强，近5日触板记忆
2026-07-27,603773.SH,沃格光电,main,79.88,0.10411039585882353,0.0,-0.0563496751329003,-0.0657309941520468,0.6810976741601578,88,0.0159362549800796,40,75,1.0,0.0,0.0,市场情绪强，板块情绪强，近5日触板记忆
2026-07-27,600353.SH,旭光电子,main,26.48,0.10390475885114228,0.0,-0.0747728860936408,-0.120265780730897,0.7490873619961396,88,0.0159362549800796,40,75,0.0,0.0,0.0,市场情绪强，板块情绪强
2026-07-27,603192.SH,汇得科技,main,20.33,0.10383609231110605,0.0,-0.0323655402189435,0.0409626216077827,0.7518502448964381,88,0.0159362549800796,40,75,2.0,1.0,0.0,市场情绪强，板块情绪强，近5日触板记忆
2026-07-27,600513.SH,联环药业,main,15.42,0.10347569059053056,0.0,0.0045602605863193,-0.0870337477797513,0.883775367048763,88,0.0159362549800796,40,75,1.0,0.0,0.0,市场情绪强，板块情绪强，近5日触板记忆
2026-07-27,600644.SH,乐山电力,main,9.39,0.10268838038098987,0.0,-0.0259336099585062,0.0421753607103219,0.7226503963693305,88,0.0159362549800796,40,75,2.0,0.0,0.0,市场情绪强，板块情绪强，近5日触板记忆
2026-07-27,002428.SZ,云南锗业,main,78.08,0.10179597939169766,0.0,0.0554203838875371,0.0403730846102599,1.1800274202374514,88,0.0159362549800796,40,75,0.0,0.0,0.0,短线动量强，市场情绪强，板块情绪强
2026-07-27,301273.SZ,瑞晨环保,chinext,38.68,0.10174111884734087,0.0,0.0889639639639638,0.39086659475009,1.2846319466510916,88,0.0159362549800796,40,10,1.0,0.0,0.0,短线动量强，市场情绪强，板块情绪强，近5日触板记忆
2026-07-27,688766.SH,普冉股份,star,389.64,0.10159211375959355,0.0,-0.1710139994042806,-0.0896261682242991,0.8103177873716332,88,0.0159362549800796,40,3,1.0,1.0,0.0,市场情绪强，近5日触板记忆
2026-07-27,603124.SH,江南新材,main,121.0,0.10133550549504615,0.0,0.0526315789473683,0.0470751124956732,0.8043552270264829,88,0.0159362549800796,40,75,2.0,1.0,0.0,短线动量强，市场情绪强，板块情绪强，近5日触板记忆
2026-07-27,605299.SH,舒华体育,main,11.89,0.10121282377475364,0.0,0.1039925719591459,0.0550133096716949,2.55713736185619,88,0.0159362549800796,40,75,1.0,0.0,0.0,成交量放大，短线动量强，市场情绪强，板块情绪强，近5日触板记忆
2026-07-27,002957.SZ,科瑞技术,main,36.3,0.10110550366373004,0.0,0.0196629213483143,-0.0030211480362537,0.4919982531806026,88,0.0159362549800796,40,75,1.0,1.0,0.0,市场情绪强，板块情绪强，近5日触板记忆
2026-07-27,002436.SZ,兴森科技,main,33.8,0.10102162324298603,0.0,0.0342717258261933,-0.0076335877862596,0.680345737739906,88,0.0159362549800796,40,75,1.0,1.0,0.0,市场情绪强，板块情绪强，近5日触板记忆
2026-07-27,603936.SH,博敏电子,main,13.74,0.10010906474836098,0.0,-0.0213675213675212,-0.0310296191819463,0.7581416072564164,88,0.0159362549800796,40,75,1.0,0.0,0.0,市场情绪强，板块情绪强，近5日触板记忆
2026-07-27,688146.SH,中船特气,star,245.67,0.10001698159084807,0.0,0.1588207547169811,-0.0212350597609561,1.1394857404139225,88,0.0159362549800796,40,3,0.0,0.0,0.0,短线动量强，市场情绪强
2026-07-27,603082.SH,北自科技,main,33.9,0.09947649228289974,0.0,0.0896817743490838,0.0119402985074625,1.4446816050344202,88,0.0159362549800796,40,75,1.0,0.0,0.0,短线动量强，市场情绪强，板块情绪强，近5日触板记忆
2026-07-27,002955.SZ,鸿合科技,main,32.1,0.09944015004431006,0.0,0.1134235171696151,0.1326746647847565,0.8311080882510568,88,0.0159362549800796,40,75,2.0,2.0,0.0,短线动量强，市场情绪强，板块情绪强，近5日触板记忆，近期炸板偏多
2026-07-27,000977.SZ,浪潮信息,main,85.31,0.09915498645608482,0.0,-0.0377847958493119,0.1021963824289404,0.5977821902171379,88,0.0159362549800796,40,75,1.0,1.0,0.0,市场情绪强，板块情绪强，近5日触板记忆
2026-07-27,002281.SZ,光迅科技,main,186.8,0.09880438319336371,0.0,-0.0010695187165774,-0.0139878595935601,0.564623850311873,88,0.0159362549800796,40,75,1.0,1.0,0.0,市场情绪强，板块情绪强，近5日触板记忆
2026-07-27,603400.SH,DR华之杰,main,39.9,0.09810967705647503,0.0,0.1670078970459199,-0.1560913705583756,1.840558157317392,88,0.0159362549800796,40,75,1.0,0.0,0.0,成交量放大，短线动量强，市场情绪强，板块情绪强，近5日触板记忆
2026-07-27,002579.SZ,中京电子,main,12.17,0.09771791423341328,0.0,0.025273799494524,-0.0121753246753246,0.9817966367380891,88,0.0159362549800796,40,75,0.0,0.0,0.0,市场情绪强，板块情绪强
2026-07-27,300843.SZ,胜蓝股份,chinext,113.5,0.09681646664146555,0.0,0.0135738524736559,0.076543678269942,0.6223213676548318,88,0.0159362549800796,40,10,0.0,0.0,0.0,市场情绪强，板块情绪强
2026-07-27,603986.SH,兆易创新,main,457.0,0.09653857411476932,0.0,-0.0389670472945975,-0.0132786354312857,0.7917741578489282,88,0.0159362549800796,40,75,1.0,0.0,0.0,市场情绪强，板块情绪强，近5日触板记忆
2026-07-27,601208.SH,东材科技,main,41.72,0.095926517010903,0.0,-0.029767441860465,-0.0496583143507972,0.7867781484401625,88,0.0159362549800796,40,75,0.0,0.0,0.0,市场情绪强，板块情绪强
2026-07-27,000676.SZ,智度股份,main,6.47,0.0952254858422796,0.0,-0.065028901734104,-0.0540935672514619,0.7449499584927465,88,0.0159362549800796,40,75,1.0,1.0,0.0,市场情绪强，板块情绪强，近5日触板记忆
2026-07-27,600183.SH,生益科技,main,118.71,0.0952236666442602,0.0,-0.125009213532837,-0.1026532617733766,0.778696661576861,88,0.0159362549800796,40,75,1.0,0.0,0.0,市场情绪强，板块情绪强，近5日触板记忆
2026-07-27,600330.SH,天通股份,main,18.35,0.09517915488872017,0.0,-0.0407736539466805,-0.0452653485952131,0.6384135333605068,88,0.0159362549800796,40,75,1.0,0.0,0.0,市场情绪强，板块情绪强，近5日触板记忆
2026-07-27,603120.SH,肯特催化,main,44.73,0.09503715930529091,0.0,0.0074324324324324,-0.1839080459770116,0.555789482201649,88,0.0159362549800796,40,75,1.0,1.0,0.0,市场情绪强，板块情绪强，近5日触板记忆
2026-07-27,002566.SZ,益盛药业,main,6.15,0.09489763334665557,0.0,0.028428093645485,-0.029968454258675,1.9802335374655875,88,0.0159362549800796,40,75,1.0,0.0,0.0,成交量放大，市场情绪强，板块情绪强，近5日触板记忆
2026-07-27,002913.SZ,奥士康,main,45.08,0.09454401125542461,0.0,0.0584644282695467,0.0478847047884702,0.863952167314188,88,0.0159362549800796,40,75,1.0,0.0,0.0,短线动量强，市场情绪强，板块情绪强，近5日触板记忆
2026-07-27,600611.SH,大众交通,main,3.98,0.09422819996663304,0.0,-0.0025062656641604,0.0,1.059122606294082,88,0.0159362549800796,40,75,1.0,0.0,0.0,市场情绪强，板块情绪强，近5日触板记忆
2026-07-27,301165.SZ,锐捷网络,chinext,132.0,0.09420565634175002,0.0,0.1906909615731553,0.3737121448641898,0.8698692433699927,88,0.0159362549800796,40,10,1.0,1.0,0.0,短线动量强，市场情绪强，板块情绪强，近5日触板记忆
2026-07-27,002897.SZ,意华股份,main,59.01,0.09377442877492746,0.0,-0.041578690920903,-0.0587015472962194,0.6063659400029989,88,0.0159362549800796,40,75,1.0,1.0,0.0,市场情绪强，板块情绪强，近5日触板记忆
2026-07-27,301520.SZ,万邦医药,chinext,53.59,0.09363255682924362,0.0,0.1426439232409382,-0.1955869108375862,0.9040512296992204,88,0.0159362549800796,40,10,0.0,0.0,0.0,短线动量强，市场情绪强，板块情绪强
2026-07-27,000510.SZ,新金路,main,14.5,0.09309232868508857,0.0,-0.0645161290322581,-0.073482428115016,0.6861398503121934,88,0.0159362549800796,40,75,1.0,0.0,0.0,市场情绪强，板块情绪强，近5日触板记忆
2026-07-27,603083.SH,剑桥科技,main,166.8,0.09172584384790117,0.0,-0.0248465361005554,-0.0529722364162833,0.5831212761932871,88,0.0159362549800796,40,75,0.0,0.0,0.0,市场情绪强，板块情绪强
2026-07-27,002546.SZ,新联电子,main,8.15,0.09172572989622348,0.0,0.0598179453836151,0.016209476309227,1.7028470844833845,88,0.0159362549800796,40,75,1.0,0.0,0.0,成交量放大，短线动量强，市场情绪强，板块情绪强，近5日触板记忆
2026-07-27,001208.SZ,华菱线缆,main,13.46,0.09152379738086829,0.0,0.0767999999999999,0.0657165479018211,1.9796469914492307,88,0.0159362549800796,40,75,1.0,0.0,0.0,成交量放大，短线动量强，市场情绪强，板块情绪强，近5日触板记忆
2026-07-27,600172.SH,黄河旋风,main,11.03,0.0913769202565254,0.0,-0.0400348128807659,-0.0723296888141296,0.7401938626459076,88,0.0159362549800796,40,75,1.0,1.0,0.0,市场情绪强，板块情绪强，近5日触板记忆
2026-07-27,301357.SZ,北方长龙,chinext,92.58,0.09106081989055104,0.0,0.2984572230014026,0.303943661971831,2.0559465230867424,88,0.0159362549800796,40,10,1.0,0.0,0.0,成交量放大，短线动量强，市场情绪强，板块情绪强，近5日触板记忆
2026-07-27,002112.SZ,三变科技,main,14.87,0.09103304336133747,0.0,0.1031157270029672,0.0806686046511626,2.4263851436645445,88,0.0159362549800796,40,75,1.0,0.0,0.0,成交量放大，短线动量强，市场情绪强，板块情绪强，近5日触板记忆
2026-07-27,000571.SZ,新大洲A,main,5.96,0.09079940605732033,0.0,0.0456140350877192,-0.0308943089430895,0.5530089618224566,88,0.0159362549800796,40,75,1.0,1.0,0.0,市场情绪强，板块情绪强，近5日触板记忆
2026-07-27,688596.SH,正帆科技,star,48.38,0.09053333909226637,0.0,-0.0364469229237203,0.004151100041511,1.139415111610475,88,0.0159362549800796,40,3,1.0,0.0,0.0,市场情绪强，近5日触板记忆
2026-07-27,603800.SH,洪田股份,main,63.9,0.08914131726533452,0.0,-0.0193370165745856,-0.0476900149031296,0.5160312714364756,88,0.0159362549800796,40,75,0.0,0.0,0.0,市场情绪强，板块情绪强
2026-07-27,688797.SH,臻宝科技,star,381.25,0.08876947420542834,0.0,0.0819285998070264,0.1390797729309829,1.1174916801489738,88,0.0159362549800796,40,3,1.0,0.0,0.0,短线动量强，市场情绪强，近5日触板记忆
2026-07-27,002859.SZ,洁美科技,main,59.38,0.08824765583485569,0.0,-0.0424125141106273,-0.0641449960598896,0.7354668819034559,88,0.0159362549800796,40,75,0.0,0.0,0.0,市场情绪强，板块情绪强
2026-07-27,688549.SH,中巨芯,star,23.61,0.08802091284936962,0.0,-0.0100628930817611,-0.07953216374269,1.045881113714348,88,0.0159362549800796,40,3,0.0,0.0,0.0,市场情绪强
2026-07-27,002379.SZ,宏桥控股,main,19.06,0.08793429862076209,0.0,0.0565410199556539,0.0536207849640684,1.1770353796738235,88,0.0159362549800796,40,75,1.0,0.0,0.0,短线动量强，市场情绪强，板块情绪强，近5日触板记忆
2026-07-27,603026.SH,石大胜华,main,62.03,0.08775409507227551,0.0,0.0554704781351029,0.0338333333333333,1.444260163650039,88,0.0159362549800796,40,75,1.0,0.0,0.0,短线动量强，市场情绪强，板块情绪强，近5日触板记忆
2026-07-27,605208.SH,永茂泰,main,11.48,0.08753170695084139,0.0,-0.1546391752577319,-0.2607855763039278,0.965874443090263,88,0.0159362549800796,40,75,0.0,0.0,0.0,市场情绪强，板块情绪强
2026-07-27,603488.SH,展鹏科技,main,7.52,0.08702837130878639,0.0,0.0576652601969056,0.0066934404283802,1.319975765850793,88,0.0159362549800796,40,75,1.0,0.0,0.0,短线动量强，市场情绪强，板块情绪强，近5日触板记忆
2026-07-27,688359.SH,三孚新科,star,102.06,0.08674767420298791,0.0,-0.1769354838709677,-0.2284547928636225,0.5790988033676211,88,0.0159362549800796,40,3,0.0,0.0,0.0,市场情绪强
2026-07-27,688627.SH,精智达,star,496.25,0.08658015961325122,0.0,-0.096100253183002,-0.0307238564006406,0.7936373163356542,88,0.0159362549800796,40,3,1.0,0.0,0.0,市场情绪强，近5日触板记忆
2026-07-27,002165.SZ,红 宝 丽,main,6.37,0.08640939539600573,0.0,0.1136363636363637,0.1116928446771379,1.465851661985469,88,0.0159362549800796,40,75,1.0,0.0,0.0,短线动量强，市场情绪强，板块情绪强，近5日触板记忆
2026-07-27,002829.SZ,星网宇达,main,19.83,0.08618502404109224,0.0,-0.0772452303396928,-0.0429536679536679,0.6165914092942194,88,0.0159362549800796,40,75,0.0,0.0,0.0,市场情绪强，板块情绪强
2026-07-27,603331.SH,百达精工,main,10.88,0.08616204415932446,0.0,0.0815109343936382,0.0381679389312976,1.6151735188621472,88,0.0159362549800796,40,75,1.0,0.0,0.0,成交量放大，短线动量强，市场情绪强，板块情绪强，近5日触板记忆
2026-07-27,603803.SH,瑞斯康达,main,9.61,0.08612815637854569,0.0,0.0502732240437158,-0.0020768431983386,1.0676522762563836,88,0.0159362549800796,40,75,1.0,0.0,0.0,短线动量强，市场情绪强，板块情绪强，近5日触板记忆
2026-07-27,603738.SH,泰晶科技,main,31.3,0.08589211569464368,0.0,-0.0575127973501957,-0.0799529688418577,0.6791491636432351,88,0.0159362549800796,40,75,0.0,0.0,0.0,市场情绪强，板块情绪强
2026-07-27,605189.SH,富春染织,main,14.59,0.0858804177276158,0.0,0.0289139633286319,-0.008157715839565,1.2635705185276584,88,0.0159362549800796,40,75,1.0,0.0,0.0,市场情绪强，板块情绪强，近5日触板记忆
2026-07-27,688702.SH,盛科通信,star,390.78,0.08584962988046457,0.0,-0.0107837181044958,0.2524999999999999,0.6706954207290567,88,0.0159362549800796,40,3,0.0,0.0,0.0,市场情绪强
2026-07-27,603296.SH,华勤技术,main,88.19,0.08581875091816657,0.0,0.1065244667503135,0.2289576365663321,1.0344495299858736,88,0.0159362549800796,40,75,1.0,0.0,0.0,短线动量强，市场情绪强，板块情绪强，近5日触板记忆
2026-07-27,600460.SH,XD士兰微,main,31.57,0.08571368992492219,0.0,-0.0395497414055369,-0.0488098824947272,0.6344648128080166,88,0.0159362549800796,40,75,1.0,0.0,0.0,市场情绪强，板块情绪强，近5日触板记忆
2026-07-27,002080.SZ,中材科技,main,47.22,0.0850800283360174,0.0,-0.1195226552302816,-0.1545210384959714,0.6990022082017808,88,0.0159362549800796,40,75,0.0,0.0,0.0,市场情绪强，板块情绪强
2026-07-27,003031.SZ,中瓷电子,main,106.0,0.08507119952825622,0.0,-0.0363636363636363,-0.01193139448173,0.5999587520281174,88,0.0159362549800796,40,75,1.0,0.0,0.0,市场情绪强，板块情绪强，近5日触板记忆
2026-07-27,002167.SZ,东方锆业,main,15.56,0.08506746668437107,0.0,-0.0765578635014837,-0.0857814336075205,0.8574224361425666,88,0.0159362549800796,40,75,1.0,0.0,0.0,市场情绪强，板块情绪强，近5日触板记忆
2026-07-27,600988.SH,赤峰黄金,main,36.49,0.08504971459558644,0.0,0.0284667418263813,0.1496534341524891,0.9386719198793824,88,0.0159362549800796,40,75,2.0,1.0,0.0,市场情绪强，板块情绪强，近5日触板记忆
2026-07-27,002240.SZ,盛新锂能,main,28.46,0.08471838483102898,0.0,0.0390653523183643,-0.0145429362880885,1.1251763462536926,88,0.0159362549800796,40,75,1.0,0.0,0.0,市场情绪强，板块情绪强，近5日触板记忆
2026-07-27,300795.SZ,米奥会展,chinext,11.07,0.08467015467903295,0.0,-0.1682945154019534,0.0562977099236641,0.7904526053312237,88,0.0159362549800796,40,10,2.0,1.0,0.0,市场情绪强，板块情绪强，近5日触板记忆
2026-07-27,603757.SH,大元泵业,main,58.86,0.0845801261987124,0.0,-0.0965464313123561,-0.2290766208251473,0.7375011737130778,88,0.0159362549800796,40,75,0.0,0.0,0.0,市场情绪强，板块情绪强
2026-07-27,002384.SZ,东山精密,main,199.18,0.08448536822766642,0.0,-0.1377489177489177,-0.1766699735449735,0.622531908450839,88,0.0159362549800796,40,75,0.0,0.0,0.0,市场情绪强，板块情绪强
2026-07-27,000889.SZ,中嘉博创,main,3.58,0.08424261169129757,0.0,-0.0578947368421052,0.1401273885350318,0.9425730478625138,88,0.0159362549800796,40,75,2.0,0.0,0.0,市场情绪强，板块情绪强，近5日触板记忆
2026-07-27,603228.SH,景旺电子,main,74.6,0.08384922904651117,0.0,0.0100189547793121,0.0404463040446303,0.841372584060074,88,0.0159362549800796,40,75,0.0,0.0,0.0,市场情绪强，板块情绪强
2026-07-27,002138.SZ,顺络电子,main,42.11,0.082377974099646,0.0,0.0052518500835521,-0.0047270148900969,0.6122106165596414,88,0.0159362549800796,40,75,1.0,0.0,0.0,市场情绪强，板块情绪强，近5日触板记忆
2026-07-27,603005.SH,晶方科技,main,30.76,0.08202300672615459,0.0,-0.0093397745571658,-0.0093397745571658,0.7330837796609326,88,0.0159362549800796,40,75,1.0,0.0,0.0,市场情绪强，板块情绪强，近5日触板记忆
2026-07-27,601179.SH,中国西电,main,13.55,0.08201166199879315,0.0,0.097165991902834,0.1640893470790378,1.6883377146526248,88,0.0159362549800796,40,75,1.0,0.0,0.0,成交量放大，短线动量强，市场情绪强，板块情绪强，近5日触板记忆
2026-07-27,688610.SH,埃科光电,star,151.19,0.08198913909760822,0.0,-0.0879531881522592,-0.1074443591711434,0.7555207312286408,88,0.0159362549800796,40,3,1.0,0.0,0.0,市场情绪强，近5日触板记忆
2026-07-27,601991.SH,大唐发电,main,6.29,0.08175936940348882,0.0,-0.0498489425981872,0.0844827586206897,0.715965079113427,88,0.0159362549800796,40,75,1.0,0.0,0.0,市场情绪强，板块情绪强，近5日触板记忆
2026-07-27,603115.SH,海星股份,main,67.17,0.0816476605358948,0.0,-0.0390557939914163,-0.0792323509252913,0.8534986523442597,88,0.0159362549800796,40,75,1.0,1.0,0.0,市场情绪强，板块情绪强，近5日触板记忆
2026-07-27,603306.SH,华懋科技,main,67.26,0.08161830199569299,0.0,-0.0479830148619957,-0.0575872215216477,0.6532081477329574,88,0.0159362549800796,40,75,1.0,0.0,0.0,市场情绪强，板块情绪强，近5日触板记忆
2026-07-27,002008.SZ,大族激光,main,101.76,0.08143836685362972,0.0,0.008623253047874,-0.0014718869590815,0.6765553310109123,88,0.0159362549800796,40,75,1.0,0.0,0.0,市场情绪强，板块情绪强，近5日触板记忆
2026-07-27,000048.SZ,京基智农,main,18.04,0.08103758448653092,0.0,-0.1078140454995054,-0.0311493018259936,0.5146290569091625,88,0.0159362549800796,40,75,1.0,0.0,0.0,市场情绪强，板块情绪强，近5日触板记忆
2026-07-27,001382.SZ,新亚电缆,main,16.9,0.08052702823302307,0.0,0.1031331592689293,0.1147757255936674,2.427302677113408,88,0.0159362549800796,40,75,1.0,0.0,0.0,成交量放大，短线动量强，市场情绪强，板块情绪强，近5日触板记忆
2026-07-27,603618.SH,杭电股份,main,24.64,0.08048249402025166,0.0,-0.0967741935483871,-0.1168458781362006,1.0536631247486552,88,0.0159362549800796,40,75,1.0,1.0,0.0,市场情绪强，板块情绪强，近5日触板记忆
2026-07-27,002975.SZ,博杰股份,main,84.48,0.08029777936949346,0.0,-0.0345142857142857,-0.0692960229150599,0.5940954100607853,88,0.0159362549800796,40,75,0.0,0.0,0.0,市场情绪强，板块情绪强
2026-07-27,000017.SZ,深中华A,main,5.8,0.08004067285027706,0.0,0.1372549019607842,0.0583941605839415,1.5017466664354904,88,0.0159362549800796,40,75,1.0,0.0,0.0,成交量放大，短线动量强，市场情绪强，板块情绪强，近5日触板记忆
2026-07-27,600552.SH,凯盛科技,main,15.55,0.07966280658656535,0.0,-0.0323584318606098,-0.0365551425030978,0.667776451895944,88,0.0159362549800796,40,75,1.0,0.0,0.0,市场情绪强，板块情绪强，近5日触板记忆
2026-07-27,002025.SZ,航天电器,main,65.9,0.07966272853322591,0.0,-0.0161242161839354,0.0176034589252624,0.6621222286785469,88,0.0159362549800796,40,75,0.0,0.0,0.0,市场情绪强，板块情绪强
2026-07-27,603725.SH,天安新材,main,11.99,0.07959740685829747,0.0,-0.0212244897959184,-0.1228968544257498,0.6630501616074173,88,0.0159362549800796,40,75,1.0,0.0,0.0,市场情绪强，板块情绪强，近5日触板记忆
2026-07-27,301205.SZ,联特科技,chinext,231.16,0.07872945887689062,0.0,0.0822097378277153,0.147196029776675,0.7971874552289557,88,0.0159362549800796,40,10,1.0,0.0,0.0,短线动量强，市场情绪强，板块情绪强，近5日触板记忆
2026-07-27,002938.SZ,鹏鼎控股,main,88.39,0.07858390429647465,0.0,-0.0754184100418409,-0.0585791884119714,0.7554721787233114,88,0.0159362549800796,40,75,0.0,0.0,0.0,市场情绪强，板块情绪强
2026-07-27,603435.SH,嘉德利,main,44.33,0.07804108074063866,0.0,-0.0159822419533851,-0.0257142857142858,0.6292309118853009,88,0.0159362549800796,40,75,2.0,1.0,0.0,市场情绪强，板块情绪强，近5日触板记忆
2026-07-27,002490.SZ,山东墨龙,main,7.92,0.07732742408107057,0.0,0.0804911323328785,0.1170662905500705,1.1120758631255538,88,0.0159362549800796,40,75,1.0,0.0,0.0,短线动量强，市场情绪强，板块情绪强，近5日触板记忆
2026-07-27,000779.SZ,甘咨询,main,9.99,0.07690723155756339,0.0,0.0080726538849646,-0.1831561733442355,2.41034327435977,88,0.0159362549800796,40,75,1.0,1.0,1.0,成交量放大，市场情绪强，板块情绪强，近5日触板记忆
2026-07-27,001399.SZ,惠科股份,main,25.1,0.07682647875159136,0.0,-0.0993900251166128,0.06763079540621,0.490152981983551,88,0.0159362549800796,40,75,2.0,1.0,0.0,市场情绪强，板块情绪强，近5日触板记忆
2026-07-27,600550.SH,保变电气,main,11.35,0.07678219672531447,0.0,0.0737937559129611,0.135,1.810091342050813,88,0.0159362549800796,40,75,1.0,0.0,0.0,成交量放大，短线动量强，市场情绪强，板块情绪强，近5日触板记忆
2026-07-27,000035.SZ,中国天楹,main,4.57,0.07657680710721308,0.0,0.0316027088036119,0.0481651376146787,1.5016472416060918,88,0.0159362549800796,40,75,1.0,0.0,0.0,成交量放大，市场情绪强，板块情绪强，近5日触板记忆
2026-07-27,603876.SH,鼎胜新材,main,20.4,0.07636250156340241,0.0,0.039755351681957,0.0542635658914727,1.057507905933049,88,0.0159362549800796,40,75,1.0,0.0,0.0,市场情绪强，板块情绪强，近5日触板记忆
2026-07-27,002491.SZ,通鼎互联,main,15.71,0.07623255018482472,0.0,-0.0882182240278584,-0.0844988344988344,0.5713284278630464,88,0.0159362549800796,40,75,1.0,1.0,0.0,市场情绪强，板块情绪强，近5日触板记忆
2026-07-27,002185.SZ,华天科技,main,18.59,0.07614197585927919,0.0,0.0130790190735694,-0.0069444444444444,0.9594093623744564,88,0.0159362549800796,40,75,0.0,0.0,0.0,市场情绪强，板块情绪强
2026-07-27,002980.SZ,华盛昌,main,81.9,0.07598889346975961,0.0,-0.1136363636363636,-0.1524371313256751,0.6001840713004777,88,0.0159362549800796,40,75,0.0,0.0,0.0,市场情绪强，板块情绪强
2026-07-27,301536.SZ,星宸科技,chinext,131.8,0.0759389978243838,0.0,0.0787362907186119,0.4349482852476867,0.8828287958675772,88,0.0159362549800796,40,10,2.0,2.0,0.0,短线动量强，市场情绪强，板块情绪强，近5日触板记忆，近期炸板偏多
2026-07-27,603324.SH,盛剑科技,main,27.1,0.07579095883084142,0.0,-0.0383250532292405,-0.0785447126827609,0.8680592774905584,88,0.0159362549800796,40,75,0.0,0.0,0.0,市场情绪强，板块情绪强
2026-07-27,603989.SH,艾华集团,main,26.24,0.07544598190228703,0.0,-0.1096029860875467,-0.1717171717171717,0.908700775416962,88,0.0159362549800796,40,75,0.0,0.0,0.0,市场情绪强，板块情绪强
2026-07-27,600683.SH,京投发展,main,7.52,0.07530400047020619,0.0,-0.0358974358974358,-0.1015531660692951,0.8780867086026752,88,0.0159362549800796,40,75,1.0,1.0,0.0,市场情绪强，板块情绪强，近5日触板记忆
2026-07-27,002273.SZ,水晶光电,main,27.35,0.07502023785540195,0.0,-0.007619738751814,0.026266416510319,0.9221222062501284,88,0.0159362549800796,40,75,1.0,0.0,0.0,市场情绪强，板块情绪强，近5日触板记忆
2026-07-27,300814.SZ,中富电路,chinext,132.86,0.07500670242144059,0.0,-0.0323379461034231,0.0247589664481295,0.7695434521421284,88,0.0159362549800796,40,10,1.0,0.0,0.0,市场情绪强，板块情绪强，近5日触板记忆
2026-07-27,002870.SZ,香山股份,main,38.91,0.07487368129467915,0.0,0.0067270375161707,0.0228706624605676,1.1990858090424303,88,0.0159362549800796,40,75,1.0,1.0,0.0,市场情绪强，板块情绪强，近5日触板记忆
2026-07-27,000688.SZ,国城矿业,main,27.74,0.07485925021705091,0.0,0.0523520485584219,0.0331471135940408,1.2358208405951605,88,0.0159362549800796,40,75,1.0,0.0,0.0,短线动量强，市场情绪强，板块情绪强，近5日触板记忆
2026-07-27,002407.SZ,多氟多,main,30.52,0.07485275922661158,0.0,0.0129439097245269,-0.0230473751600511,1.2588906353977676,88,0.0159362549800796,40,75,0.0,0.0,0.0,市场情绪强，板块情绪强
2026-07-27,002371.SZ,北方华创,main,757.0,0.07477440593695223,0.0,0.0166532366371205,0.1181683899556869,0.9424828987653228,88,0.0159362549800796,40,75,1.0,0.0,0.0,市场情绪强，板块情绪强，近5日触板记忆
2026-07-27,002560.SZ,通达股份,main,5.86,0.07473814437848154,0.0,0.0539568345323742,0.0483005366726296,1.7779883941198196,88,0.0159362549800796,40,75,1.0,0.0,0.0,成交量放大，短线动量强，市场情绪强，板块情绪强，近5日触板记忆
2026-07-27,603222.SH,济民健康,main,7.91,0.0745315928597395,0.0,-0.0813008130081299,-0.1364628820960698,0.8031294533241724,88,0.0159362549800796,40,75,0.0,0.0,0.0,市场情绪强，板块情绪强
2026-07-27,000722.SZ,湖南发展,main,12.77,0.07446954103198467,0.0,-0.1088625261688764,-0.076644974692697,0.7127613965084544,88,0.0159362549800796,40,75,1.0,0.0,0.0,市场情绪强，板块情绪强，近5日触板记忆
2026-07-27,600246.SH,万通发展,main,13.52,0.07439644893934566,0.0,-0.1016611295681063,-0.22875071306332,0.6834080002364363,88,0.0159362549800796,40,75,1.0,1.0,0.0,市场情绪强，板块情绪强，近5日触板记忆
2026-07-27,600236.SH,桂冠电力,main,10.7,0.07414550534540686,0.0,-0.0488888888888889,0.0075329566854991,0.7648354364243967,88,0.0159362549800796,40,75,2.0,1.0,0.0,市场情绪强，板块情绪强，近5日触板记忆
2026-07-27,002119.SZ,康强电子,main,22.08,0.07408837369061526,0.0,-0.0341207349081364,-0.0655945831570038,0.8172741703932084,88,0.0159362549800796,40,75,0.0,0.0,0.0,市场情绪强，板块情绪强
2026-07-27,603283.SH,赛腾股份,main,43.71,0.07385583176613052,0.0,-0.0468818142171827,-0.0670224119530416,0.8848507446156465,88,0.0159362549800796,40,75,0.0,0.0,0.0,市场情绪强，板块情绪强
2026-07-27,603078.SH,江化微,main,32.24,0.07385141986777383,0.0,-0.0550996483001171,-0.0838306337027563,0.7919366113857282,88,0.0159362549800796,40,75,0.0,0.0,0.0,市场情绪强，板块情绪强
2026-07-27,603890.SH,春秋电子,main,18.89,0.07363774999790715,0.0,-0.0550275137568783,-0.0493205837946653,0.5239544387430599,88,0.0159362549800796,40,75,1.0,0.0,0.0,市场情绪强，板块情绪强，近5日触板记忆
2026-07-27,688048.SH,长光华芯,star,289.51,0.07360532285230864,0.0,-0.1108415233415234,-0.1515195920400925,0.6172717088769636,88,0.0159362549800796,40,3,0.0,0.0,0.0,市场情绪强
2026-07-27,002463.SZ,沪电股份,main,112.22,0.07336407390163734,0.0,-0.0846655791190864,-0.1219092331768387,0.5822602016392456,88,0.0159362549800796,40,75,0.0,0.0,0.0,市场情绪强，板块情绪强
2026-07-27,688618.SH,三旺通信,star,28.05,0.07319733044638242,0.0,0.1388550548112059,0.1810526315789473,1.5358925987750534,88,0.0159362549800796,40,3,1.0,0.0,0.0,成交量放大，短线动量强，市场情绪强，近5日触板记忆
2026-07-27,601101.SH,昊华能源,main,11.02,0.07309748884596069,0.0,0.0232126276694522,0.0515267175572518,0.8361145588798365,88,0.0159362549800796,40,75,1.0,1.0,0.0,市场情绪强，板块情绪强，近5日触板记忆
2026-07-27,601133.SH,柏诚股份,main,28.38,0.07298077812596257,0.0,-0.0132127955493742,-0.0676741130091984,0.8549860643844579,88,0.0159362549800796,40,75,0.0,0.0,0.0,市场情绪强，板块情绪强
2026-07-27,688001.SH,华兴源创,star,49.77,0.07290032145417834,0.0,-0.1323221757322175,-0.0844370860927151,0.6854768508464845,88,0.0159362549800796,40,3,1.0,0.0,0.0,市场情绪强，近5日触板记忆
2026-07-27,002851.SZ,麦格米特,main,122.27,0.07246985727844917,0.0,-0.0957698565300991,-0.1048393000951753,0.5964165684992987,88,0.0159362549800796,40,75,1.0,0.0,0.0,市场情绪强，板块情绪强，近5日触板记忆
2026-07-27,600545.SH,卓郎智能,main,3.83,0.07246334054401157,0.0,-0.035264483627204,-0.058968058968059,0.7172559699737676,88,0.0159362549800796,40,75,0.0,0.0,0.0,市场情绪强，板块情绪强
2026-07-27,002837.SZ,英维克,main,58.7,0.07243385935537171,0.0,-0.0215035839306551,-0.0466136105246061,0.5146237454109635,88,0.0159362549800796,40,75,0.0,0.0,0.0,市场情绪强，板块情绪强
2026-07-27,688361.SH,中科飞测,star,357.42,0.07227382709333939,0.0,-0.0246684494897122,0.148558758314856,0.910361651640939,88,0.0159362549800796,40,3,1.0,0.0,0.0,市场情绪强，近5日触板记忆
2026-07-27,603938.SH,三孚股份,main,40.0,0.0719974953754627,0.0,-0.0701999070199907,-0.0614734866259971,0.5687856838254624,88,0.0159362549800796,40,75,1.0,1.0,0.0,市场情绪强，板块情绪强，近5日触板记忆
2026-07-27,605117.SH,德业股份,main,88.45,0.0718350653036505,0.0,0.0883474836963209,0.1035558328134746,1.4153271889689203,88,0.0159362549800796,40,75,1.0,0.0,0.0,短线动量强，市场情绪强，板块情绪强，近5日触板记忆
2026-07-27,000657.SZ,中钨高新,main,55.51,0.07179263664509615,0.0,-0.0815684976836532,-0.086405529953917,0.6511503091235546,88,0.0159362549800796,40,75,0.0,0.0,0.0,市场情绪强，板块情绪强
2026-07-27,301292.SZ,海科新源,chinext,63.76,0.0716672733334015,0.0,0.217956064947469,0.2037002076647158,1.609423504558262,88,0.0159362549800796,40,10,1.0,0.0,0.0,成交量放大，短线动量强，市场情绪强，板块情绪强，近5日触板记忆
2026-07-27,600105.SH,永鼎股份,main,33.57,0.07166313097873363,0.0,-0.1230407523510972,-0.1624251497005987,0.7168230070322094,88,0.0159362549800796,40,75,0.0,0.0,0.0,市场情绪强，板块情绪强
2026-07-27,002824.SZ,和胜股份,main,22.01,0.07164435732544423,0.0,-0.0143304970891176,0.0100963744837081,0.5753598007664769,88,0.0159362549800796,40,75,0.0,0.0,0.0,市场情绪强，板块情绪强
2026-07-27,000426.SZ,兴业银锡,main,31.37,0.07163333907511667,0.0,0.0590817015530047,0.1243727598566308,0.8165683366943943,88,0.0159362549800796,40,75,2.0,1.0,0.0,短线动量强，市场情绪强，板块情绪强，近5日触板记忆
2026-07-27,002326.SZ,永太科技,main,17.97,0.07129361949365697,0.0,0.0766926303175552,-0.0142622051563358,1.585814663920886,88,0.0159362549800796,40,75,1.0,1.0,1.0,成交量放大，短线动量强，市场情绪强，板块情绪强，近5日触板记忆
2026-07-27,605006.SH,山东玻纤,main,12.71,0.07128303115491486,0.0,-0.0393046107331821,-0.0715850986121255,0.6806619156184776,88,0.0159362549800796,40,75,0.0,0.0,0.0,市场情绪强，板块情绪强
2026-07-27,301369.SZ,联动科技,chinext,138.15,0.07092524877089892,0.0,-0.1130585516178735,-0.066554054054054,0.7603612187890343,88,0.0159362549800796,40,10,1.0,0.0,0.0,市场情绪强，板块情绪强，近5日触板记忆
2026-07-27,603019.SH,中科曙光,main,97.5,0.0708410837061473,0.0,-0.0038823048630975,0.1093412219820229,0.6854810636312688,88,0.0159362549800796,40,75,0.0,0.0,0.0,市场情绪强，板块情绪强
2026-07-27,002451.SZ,摩恩电气,main,6.66,0.07081904477729926,0.0,0.0488188976377954,0.0293663060278208,1.9268378597155844,88,0.0159362549800796,40,75,1.0,0.0,0.0,成交量放大，市场情绪强，板块情绪强，近5日触板记忆
2026-07-27,688141.SH,杰华特,star,134.03,0.07065982913855937,0.0,-0.024242865463017,0.147222459984593,0.7093488963528917,88,0.0159362549800796,40,3,1.0,0.0,0.0,市场情绪强，近5日触板记忆
2026-07-27,002358.SZ,森源电气,main,5.45,0.07015939346856026,0.0,0.0707269155206287,0.056201550387597,1.99582394869028,88,0.0159362549800796,40,75,1.0,0.0,0.0,成交量放大，短线动量强，市场情绪强，板块情绪强，近5日触板记忆
2026-07-27,001337.SZ,四川黄金,main,37.05,0.07015881527855514,0.0,0.0686472454571673,0.1227272727272725,1.1962636277705505,88,0.0159362549800796,40,75,1.0,0.0,0.0,短线动量强，市场情绪强，板块情绪强，近5日触板记忆
2026-07-27,001896.SZ,豫能控股,main,14.39,0.07013932112580688,0.0,0.003486750348675,0.0308022922636101,0.782864689645104,88,0.0159362549800796,40,75,0.0,0.0,0.0,市场情绪强，板块情绪强
2026-07-27,002606.SZ,大连电瓷,main,13.45,0.06996216991277732,0.0,0.0228136882129277,0.0683081810961079,1.2342675894624608,88,0.0159362549800796,40,75,1.0,0.0,0.0,市场情绪强，板块情绪强，近5日触板记忆
2026-07-27,002229.SZ,鸿博股份,main,9.61,0.06985592578928512,0.0,0.0333333333333332,0.056043956043956,1.5907833859819251,88,0.0159362549800796,40,75,1.0,0.0,0.0,成交量放大，市场情绪强，板块情绪强，近5日触板记忆
2026-07-27,300285.SZ,国瓷材料,chinext,57.21,0.06981500142555201,0.0,-0.0449081803005008,0.0104203461674321,0.8680198905269013,88,0.0159362549800796,40,10,1.0,0.0,0.0,市场情绪强，板块情绪强，近5日触板记忆
2026-07-27,002440.SZ,闰土股份,main,11.85,0.06975031043729008,0.0,-0.0358014646053701,0.1064425770308121,0.6657692240761,88,0.0159362549800796,40,75,2.0,1.0,0.0,市场情绪强，板块情绪强，近5日触板记忆
2026-07-27,603391.SH,力聚热能,main,50.2,0.06945752794192517,0.0,-0.041618938526155,-0.0512190512190511,0.5312824829070136,88,0.0159362549800796,40,75,1.0,0.0,0.0,市场情绪强，板块情绪强，近5日触板记忆
2026-07-27,603212.SH,赛伍技术,main,10.2,0.06942175452820305,0.0,0.0515463917525773,-0.000979431929481,1.135565956954065,88,0.0159362549800796,40,75,1.0,0.0,0.0,短线动量强，市场情绪强，板块情绪强，近5日触板记忆
2026-07-27,600367.SH,红星发展,main,29.6,0.06923475753682407,0.0,-0.0534058202750239,-0.0997566909975669,0.6189877766182864,88,0.0159362549800796,40,75,0.0,0.0,0.0,市场情绪强，板块情绪强
2026-07-27,002745.SZ,木林森,main,10.55,0.06918060718974789,0.0,-0.0338827838827837,-0.0037771482530688,0.6099217427427931,88,0.0159362549800796,40,75,1.0,0.0,0.0,市场情绪强，板块情绪强，近5日触板记忆
2026-07-27,002655.SZ,共达电声,main,25.46,0.06891984679992919,0.0,-0.0708029197080291,-0.1088554427721385,0.8120350388366018,88,0.0159362549800796,40,75,0.0,0.0,0.0,市场情绪强，板块情绪强
2026-07-27,603926.SH,铁流股份,main,14.74,0.0687735829394224,0.0,0.0278940027894003,-0.0334426229508196,2.119249201910053,88,0.0159362549800796,40,75,1.0,1.0,1.0,成交量放大，市场情绪强，板块情绪强，近5日触板记忆
2026-07-27,300626.SZ,华瑞股份,chinext,27.92,0.06876897872553478,0.0,0.1289931257581884,0.1101391650099405,1.1426683248492298,88,0.0159362549800796,40,10,0.0,0.0,0.0,短线动量强，市场情绪强，板块情绪强
2026-07-27,603716.SH,塞力医疗,main,13.58,0.06866275743151712,0.0,-0.0510132774283718,-0.1095081967213115,0.8799756305546493,88,0.0159362549800796,40,75,0.0,0.0,0.0,市场情绪强，板块情绪强
2026-07-27,000803.SZ,山高环能,main,6.6,0.0685530629819589,0.0,0.0909090909090908,0.0679611650485436,0.933674187592039,88,0.0159362549800796,40,75,1.0,0.0,0.0,短线动量强，市场情绪强，板块情绪强，近5日触板记忆
2026-07-27,603011.SH,合锻智能,main,17.61,0.06852041362328708,0.0,-0.02707182320442,-0.1303703703703703,0.7649668854305172,88,0.0159362549800796,40,75,0.0,0.0,0.0,市场情绪强，板块情绪强
2026-07-27,002596.SZ,海南瑞泽,main,2.85,0.06827890799721073,0.0,0.0555555555555555,0.0401459854014598,1.1279789889029097,88,0.0159362549800796,40,75,1.0,0.0,0.0,短线动量强，市场情绪强，板块情绪强，近5日触板记忆
2026-07-27,002068.SZ,黑猫股份,main,7.37,0.06824680371469805,0.0,-0.0867410161090458,-0.0934809348093481,0.5642827247229765,88,0.0159362549800796,40,75,1.0,0.0,0.0,市场情绪强，板块情绪强，近5日触板记忆
2026-07-27,603031.SH,安孚科技,main,37.49,0.06819076470348309,0.0,-0.071570084200099,-0.1504645365964196,0.981636051221924,88,0.0159362549800796,40,75,0.0,0.0,0.0,市场情绪强，板块情绪强
2026-07-27,002552.SZ,宝鼎科技,main,37.54,0.06818156687696475,0.0,-0.1506787330316742,-0.2312103215236535,0.8036411803495385,88,0.0159362549800796,40,75,0.0,0.0,0.0,市场情绪强，板块情绪强
2026-07-27,603155.SH,新亚强,main,12.85,0.06763338883936494,0.0,-0.0551470588235294,-0.0969782150386507,0.6172685981050432,88,0.0159362549800796,40,75,0.0,0.0,0.0,市场情绪强，板块情绪强
2026-07-27,300105.SZ,龙源技术,chinext,9.19,0.06757695581804873,0.0,0.0587557603686634,0.0098901098901098,0.8570964388611487,88,0.0159362549800796,40,10,0.0,0.0,0.0,短线动量强，市场情绪强，板块情绪强
2026-07-27,300779.SZ,惠城环保,chinext,77.22,0.06733293690661735,0.0,0.3406249999999999,0.5499799277398634,1.16444698463027,88,0.0159362549800796,40,10,1.0,0.0,0.0,短线动量强，市场情绪强，板块情绪强，近5日触板记忆
2026-07-27,603778.SH,国晟科技,main,8.46,0.06724472677336256,0.0,-0.012835472578763,-0.0440677966101693,0.58596562325198,88,0.0159362549800796,40,75,1.0,1.0,0.0,市场情绪强，板块情绪强，近5日触板记忆
2026-07-27,002297.SZ,博云新材,main,16.83,0.06701180147328131,0.0,-0.0512965050732807,-0.0732378854625551,0.7585399656754277,88,0.0159362549800796,40,75,0.0,0.0,0.0,市场情绪强，板块情绪强
2026-07-27,603496.SH,恒为科技,main,26.26,0.06688822686197597,0.0,0.0705258866693845,0.0718367346938775,1.0646959025561848,88,0.0159362549800796,40,75,1.0,1.0,0.0,短线动量强，市场情绪强，板块情绪强，近5日触板记忆
2026-07-27,603879.SH,永悦科技,main,4.27,0.06685651838418497,0.0,0.0892857142857141,0.0047058823529411,1.625354269512407,88,0.0159362549800796,40,75,0.0,0.0,0.0,成交量放大，短线动量强，市场情绪强，板块情绪强
2026-07-27,688037.SH,芯源微,star,342.0,0.06680478926269524,0.0,-0.0460251046025104,0.1011301072152999,0.7579088194401282,88,0.0159362549800796,40,3,1.0,0.0,0.0,市场情绪强，近5日触板记忆
2026-07-27,603203.SH,快克智能,main,40.3,0.06675874410358398,0.0,-0.051764705882353,-0.0780141843971632,0.7233227168770234,88,0.0159362549800796,40,75,0.0,0.0,0.0,市场情绪强，板块情绪强
2026-07-27,003013.SZ,地铁设计,main,16.37,0.06656113593961958,0.0,0.1250859106529209,0.083388484447386,1.0857821569220312,88,0.0159362549800796,40,75,0.0,0.0,0.0,短线动量强，市场情绪强，板块情绪强
2026-07-27,600173.SH,卧龙新能,main,5.9,0.0665501787975062,0.0,0.0535714285714286,0.0516934046345811,1.7858365152584743,88,0.0159362549800796,40,75,1.0,0.0,0.0,成交量放大，短线动量强，市场情绪强，板块情绪强，近5日触板记忆
2026-07-27,002725.SZ,跃岭股份,main,10.85,0.06645513024948822,0.0,0.0839160839160839,0.0637254901960784,1.0662966802765816,88,0.0159362549800796,40,75,1.0,0.0,0.0,短线动量强，市场情绪强，板块情绪强，近5日触板记忆
2026-07-27,002636.SZ,金安国纪,main,57.9,0.06618580849189228,0.0,-0.2001657687525901,-0.281637717121588,0.7671916340057168,88,0.0159362549800796,40,75,0.0,0.0,0.0,市场情绪强，板块情绪强
2026-07-27,300489.SZ,光智科技,chinext,179.0,0.06609542104283493,0.0,-0.0579443187200673,-0.062974401926399,0.7212583109237979,88,0.0159362549800796,40,10,0.0,0.0,0.0,市场情绪强，板块情绪强
2026-07-27,002654.SZ,万润科技,main,11.28,0.06608088628425608,0.0,-0.0910556003223207,-0.1228615863141524,0.5704756000156903,88,0.0159362549800796,40,75,1.0,1.0,0.0,市场情绪强，板块情绪强，近5日触板记忆
2026-07-27,001339.SZ,智微智能,main,74.46,0.06599054677768144,0.0,-0.0579453441295547,-0.0599671758616335,0.6006496856772602,88,0.0159362549800796,40,75,0.0,0.0,0.0,市场情绪强，板块情绪强
2026-07-27,688809.SH,强一股份,star,440.8,0.06587621937483208,0.0,0.0260468797281254,0.0420803782505909,0.7900414693971404,88,0.0159362549800796,40,3,1.0,0.0,0.0,市场情绪强，近5日触板记忆
2026-07-27,002348.SZ,高乐股份,main,9.78,0.06575807543913578,0.0,0.0700218818380742,-0.022,0.7667117885213702,88,0.0159362549800796,40,75,1.0,1.0,0.0,短线动量强，市场情绪强，板块情绪强，近5日触板记忆
2026-07-27,603002.SH,宏昌电子,main,13.49,0.06565731213180302,0.0,-0.0670816044260028,-0.15423197492163,0.653233200662735,88,0.0159362549800796,40,75,0.0,0.0,0.0,市场情绪强，板块情绪强
2026-07-27,000592.SZ,平潭发展,main,5.52,0.06537880830263047,0.0,0.0184501845018449,0.0203327171903879,1.9487134355209217,88,0.0159362549800796,40,75,0.0,0.0,0.0,成交量放大，市场情绪强，板块情绪强
2026-07-27,603162.SH,海通发展,main,11.07,0.06537357400902051,0.0,0.08,0.0512820512820513,0.9458908564092514,88,0.0159362549800796,40,75,1.0,0.0,0.0,短线动量强，市场情绪强，板块情绪强，近5日触板记忆
2026-07-27,301310.SZ,鑫宏业,chinext,50.61,0.06520946621296346,0.0,-0.2100827220227875,-0.1130389064143008,1.1195365792801288,88,0.0159362549800796,40,10,1.0,0.0,0.0,市场情绪强，板块情绪强，近5日触板记忆
2026-07-27,600498.SH,烽火通信,main,36.36,0.06508208877168033,0.0,-0.0691244239631336,-0.0818181818181819,0.6323115985169484,88,0.0159362549800796,40,75,0.0,0.0,0.0,市场情绪强，板块情绪强
2026-07-27,605318.SH,法狮龙,main,78.22,0.06498861628834487,0.0,-0.0123737373737373,0.0203495956170101,0.6272840300826287,88,0.0159362549800796,40,75,1.0,0.0,0.0,市场情绪强，板块情绪强，近5日触板记忆
2026-07-27,688729.SH,屹唐股份,star,28.3,0.06483645100492351,0.0,-0.047779273216689,0.0223988439306359,0.8167546590492251,88,0.0159362549800796,40,3,1.0,0.0,0.0,市场情绪强，近5日触板记忆
2026-07-27,603608.SH,天创时尚,main,16.68,0.0648337117258125,0.0,-0.1230283911671924,-0.2445652173913043,0.7283081144417769,88,0.0159362549800796,40,75,0.0,0.0,0.0,市场情绪强，板块情绪强
2026-07-27,300990.SZ,同飞股份,chinext,87.74,0.06479461855930081,0.0,0.0083898402482471,-0.0539141686435195,0.6198557100769252,88,0.0159362549800796,40,10,0.0,0.0,0.0,市场情绪强，板块情绪强
2026-07-27,600578.SH,京能电力,main,5.54,0.06469065859266833,0.0,-0.0932896890343699,0.0653846153846153,0.6941461496323322,88,0.0159362549800796,40,75,1.0,0.0,0.0,市场情绪强，板块情绪强，近5日触板记忆
2026-07-27,605196.SH,华通线缆,main,29.62,0.06450181473819061,0.0,0.0994803266518189,0.258283772302464,0.8293278187890923,88,0.0159362549800796,40,75,1.0,0.0,0.0,短线动量强，市场情绪强，板块情绪强，近5日触板记忆
2026-07-27,003018.SZ,金富科技,main,37.0,0.06441624201871171,0.0,-0.062341611758743,-0.1215574548907881,0.6315998883840799,88,0.0159362549800796,40,75,0.0,0.0,0.0,市场情绪强，板块情绪强
2026-07-27,002245.SZ,蔚蓝锂芯,main,16.3,0.0643422778759917,0.0,-0.0539756239117817,-0.0204326923076922,0.5812221004362843,88,0.0159362549800796,40,75,1.0,0.0,0.0,市场情绪强，板块情绪强，近5日触板记忆
2026-07-27,600666.SH,奥瑞德,main,3.18,0.06417015250102373,0.0,0.0095238095238097,0.022508038585209,1.043908228532229,88,0.0159362549800796,40,75,1.0,1.0,0.0,市场情绪强，板块情绪强，近5日触板记忆
2026-07-27,600378.SH,昊华科技,main,43.7,0.06414308172770566,0.0,-0.0284570920409069,-0.0678327645051194,0.9680004350868682,88,0.0159362549800796,40,75,0.0,0.0,0.0,市场情绪强，板块情绪强
2026-07-27,600389.SH,江山股份,main,18.7,0.0640210284322565,0.0,0.0747126436781608,0.1084765856550087,1.3139616181987153,88,0.0159362549800796,40,75,1.0,0.0,0.0,短线动量强，市场情绪强，板块情绪强，近5日触板记忆
2026-07-27,603516.SH,淳中科技,main,89.06,0.06398515601204177,0.0,-0.0222856515534087,0.0091784702549575,0.541455781038247,88,0.0159362549800796,40,75,1.0,0.0,0.0,市场情绪强，板块情绪强，近5日触板记忆
2026-07-27,603163.SH,圣晖集成,main,73.18,0.06390800331069399,0.0,-0.0865060541755086,-0.1077785905876613,0.608248355961157,88,0.0159362549800796,40,75,0.0,0.0,0.0,市场情绪强，板块情绪强
2026-07-27,605303.SH,园林股份,main,18.9,0.06390158333354627,0.0,0.0026525198938991,0.0053191489361701,0.7831913694517258,88,0.0159362549800796,40,75,0.0,0.0,0.0,市场情绪强，板块情绪强
2026-07-27,600360.SH,华微电子,main,9.93,0.06385103876253145,0.0,-0.0980926430517711,-0.1432269197584124,0.6212858000195302,88,0.0159362549800796,40,75,0.0,0.0,0.0,市场情绪强，板块情绪强
2026-07-27,688669.SH,聚石化学,star,68.51,0.06371823212903939,0.0,0.0536757920639805,-0.1437320334958129,0.4659048537300567,88,0.0159362549800796,40,3,0.0,0.0,0.0,短线动量强，市场情绪强
2026-07-27,603139.SH,康惠股份,main,33.3,0.06371214519629644,0.0,0.032238065716057,-0.0742285237698082,0.8267262932473994,88,0.0159362549800796,40,75,1.0,1.0,0.0,市场情绪强，板块情绪强，近5日触板记忆
2026-07-27,688409.SH,富创精密,star,187.0,0.06365308666434547,0.0,-0.0837824595786379,-0.0360327851951132,0.6348407917720386,88,0.0159362549800796,40,3,1.0,1.0,0.0,市场情绪强，近5日触板记忆
2026-07-27,603688.SH,石英股份,main,46.44,0.0632874310941169,0.0,-0.0516642842556667,-0.0691521346963319,0.6586329397870505,88,0.0159362549800796,40,75,0.0,0.0,0.0,市场情绪强，板块情绪强
2026-07-27,000034.SZ,神州数码,main,26.67,0.06319445101996067,0.0,0.0566561014263076,0.0837058106460788,0.6939902171940396,88,0.0159362549800796,40,75,1.0,1.0,0.0,短线动量强，市场情绪强，板块情绪强，近5日触板记忆
2026-07-27,002539.SZ,云图控股,main,10.81,0.0631360959769631,0.0,0.082082082082082,0.119047619047619,1.1209383889373723,88,0.0159362549800796,40,75,1.0,0.0,0.0,短线动量强，市场情绪强，板块情绪强，近5日触板记忆
2026-07-27,002953.SZ,日丰股份,main,9.52,0.06307493133563453,0.0,0.0624999999999997,0.089244851258581,1.3227801660918268,88,0.0159362549800796,40,75,1.0,0.0,0.0,短线动量强，市场情绪强，板块情绪强，近5日触板记忆
2026-07-27,688519.SH,南亚新材,star,223.66,0.06305220682457323,0.0,-0.1229019607843137,-0.2202349823937524,0.5432303693118501,88,0.0159362549800796,40,3,0.0,0.0,0.0,市场情绪强
2026-07-27,603127.SH,昭衍新药,main,45.26,0.0629330452987301,0.0,-0.0785830618892508,-0.0557062382641352,0.7788964742747215,88,0.0159362549800796,40,75,0.0,0.0,0.0,市场情绪强，板块情绪强
2026-07-27,603861.SH,白云电器,main,11.56,0.06275335996968595,0.0,0.0414414414414414,0.0405040504050406,1.169630686295012,88,0.0159362549800796,40,75,1.0,0.0,0.0,市场情绪强，板块情绪强，近5日触板记忆
2026-07-27,002739.SZ,儒意电影,main,8.86,0.06272326786784896,0.0,-0.0359085963003265,-0.1219028741328047,0.988273416665554,88,0.0159362549800796,40,75,0.0,0.0,0.0,市场情绪强，板块情绪强
2026-07-27,002222.SZ,福晶科技,main,55.99,0.06266864009126173,0.0,-0.0602551191675058,-0.0676103247293921,0.5791043730648713,88,0.0159362549800796,40,75,0.0,0.0,0.0,市场情绪强，板块情绪强
2026-07-27,688308.SH,欧科亿,star,92.01,0.06256500059758417,0.0,-0.0951022816679779,-0.1400934579439251,0.5355003800452072,88,0.0159362549800796,40,3,0.0,0.0,0.0,市场情绪强
2026-07-27,300688.SZ,创业黑马,chinext,25.03,0.06252240437160216,0.0,0.2010556621880999,0.1976076555023924,0.7304128207502834,88,0.0159362549800796,40,10,1.0,0.0,0.0,短线动量强，市场情绪强，板块情绪强，近5日触板记忆
2026-07-27,600881.SH,亚泰集团,main,1.64,0.06214039985482251,0.0,-0.0352941176470588,-0.1182795698924732,0.5042708338181515,88,0.0159362549800796,40,75,1.0,1.0,0.0,市场情绪强，板块情绪强，近5日触板记忆
2026-07-27,601869.SH,长飞光纤,main,331.65,0.06211724155738615,0.0,-0.1838919238151484,-0.082750228171585,0.7424676686037534,88,0.0159362549800796,40,75,0.0,0.0,0.0,市场情绪强，板块情绪强
2026-07-27,601700.SH,风范股份,main,4.86,0.062045815981278535,0.0,0.0776053215077605,0.0776053215077605,1.5048404366284334,88,0.0159362549800796,40,75,1.0,0.0,0.0,成交量放大，短线动量强，市场情绪强，板块情绪强，近5日触板记忆
2026-07-27,300382.SZ,斯莱克,chinext,13.73,0.06201412419960983,0.0,-0.0828323313293253,-0.0079479768786127,0.6377298184739193,88,0.0159362549800796,40,10,0.0,0.0,0.0,市场情绪强，板块情绪强
2026-07-27,688362.SH,甬矽电子,star,78.49,0.062001966772069664,0.0,-0.056610576923077,0.0780112621892596,0.7353012475351537,88,0.0159362549800796,40,3,0.0,0.0,0.0,市场情绪强
2026-07-27,000037.SZ,深南电A,main,8.97,0.06199922059496245,0.0,-0.0675675675675674,-0.0249999999999998,0.6704524190924155,88,0.0159362549800796,40,75,1.0,0.0,0.0,市场情绪强，板块情绪强，近5日触板记忆
2026-07-27,000593.SZ,德龙汇能,main,17.6,0.06183856544918444,0.0,-0.1243781094527363,-0.1133501259445843,1.0353792548762968,88,0.0159362549800796,40,75,1.0,1.0,0.0,市场情绪强，板块情绪强，近5日触板记忆
2026-07-27,688662.SH,富信科技,star,76.0,0.06176672822948219,0.0,-0.1016548463356973,-0.0650756550621233,0.6790530329695044,88,0.0159362549800796,40,3,0.0,0.0,0.0,市场情绪强
2026-07-27,000962.SZ,东方钽业,main,48.38,0.06142388263885882,0.0,-0.0510003923107099,-0.062947898508619,0.6145421212082662,88,0.0159362549800796,40,75,0.0,0.0,0.0,市场情绪强，板块情绪强
2026-07-27,688072.SH,拓荆科技,star,791.0,0.06138529493619828,0.0,0.0347173167987859,0.1314870973279165,0.8912546431603331,88,0.0159362549800796,40,3,1.0,0.0,0.0,市场情绪强，近5日触板记忆
2026-07-27,001230.SZ,劲旅环境,main,16.57,0.06117394804448368,0.0,-0.0466052934407363,-0.1338212232096183,0.4795340714890075,88,0.0159362549800796,40,75,0.0,0.0,0.0,市场情绪强，板块情绪强
2026-07-27,003036.SZ,泰坦股份,main,49.47,0.06113324832668971,0.0,-0.0761904761904761,-0.170384034881771,0.7196227144603675,88,0.0159362549800796,40,75,0.0,0.0,0.0,市场情绪强，板块情绪强
2026-07-27,603308.SH,应流股份,main,44.1,0.061049884288380686,0.0,-0.0538511049131087,-0.0054127198917456,0.7051747999749725,88,0.0159362549800796,40,75,1.0,1.0,0.0,市场情绪强，板块情绪强，近5日触板记忆
2026-07-27,600601.SH,方正科技,main,10.15,0.06100026667527817,0.0,-0.0360873694207026,-0.0342530922930541,0.5793272643791749,88,0.0159362549800796,40,75,0.0,0.0,0.0,市场情绪强，板块情绪强
2026-07-27,603353.SH,和顺石油,main,28.8,0.06098627971414144,0.0,0.0293066476054324,0.01301442138586,1.0619022593132623,88,0.0159362549800796,40,75,0.0,0.0,0.0,市场情绪强，板块情绪强
2026-07-27,688120.SH,华海清科,star,263.9,0.06095456401142634,0.0,-0.0353121801432958,0.0919849381387842,0.8282693514323358,88,0.0159362549800796,40,3,1.0,0.0,0.0,市场情绪强，近5日触板记忆
2026-07-27,301588.SZ,美新科技,chinext,32.77,0.06090349833092835,0.0,-0.0153245192307691,0.0052147239263804,0.5258050392944145,88,0.0159362549800796,40,10,1.0,0.0,0.0,市场情绪强，板块情绪强，近5日触板记忆
2026-07-27,688110.SH,东芯股份,star,110.15,0.06077080638441414,0.0,-0.0855885771210359,-0.0571770949242488,0.5305275969887316,88,0.0159362549800796,40,3,1.0,0.0,0.0,市场情绪强，近5日触板记忆
2026-07-27,605289.SH,罗曼股份,main,99.0,0.06076990651588435,0.0,-0.0745933819405496,-0.0358395013634593,0.527394737235409,88,0.0159362549800796,40,75,0.0,0.0,0.0,市场情绪强，板块情绪强
2026-07-27,002916.SZ,深南电路,main,332.81,0.060698871584333285,0.0,-0.0491142857142856,-0.003562874251497,0.5733938350742307,88,0.0159362549800796,40,75,0.0,0.0,0.0,市场情绪强，板块情绪强
2026-07-27,002339.SZ,积成电子,main,6.83,0.060676257927166695,0.0,0.0523882896764251,0.0523882896764251,1.6505797412401584,88,0.0159362549800796,40,75,1.0,0.0,0.0,成交量放大，短线动量强，市场情绪强，板块情绪强，近5日触板记忆
2026-07-27,688508.SH,芯朋微,star,67.69,0.060640324527572585,0.0,-0.0063123899001762,0.1210665783371975,0.8598744700497096,88,0.0159362549800796,40,3,0.0,0.0,0.0,市场情绪强
2026-07-27,000539.SZ,粤电力Ａ,main,5.66,0.060587506801436056,0.0,-0.0644628099173553,0.0659133709981167,0.6876985751333037,88,0.0159362549800796,40,75,1.0,0.0,0.0,市场情绪强，板块情绪强，近5日触板记忆
2026-07-27,002741.SZ,光华科技,main,21.9,0.06056134439315833,0.0,-0.0596822670674109,-0.1169354838709678,0.6612834354857742,88,0.0159362549800796,40,75,0.0,0.0,0.0,市场情绪强，板块情绪强
2026-07-27,605133.SH,嵘泰股份,main,25.48,0.06050459279913762,0.0,-0.0139318885448915,-0.0237547892720306,0.5179221585080139,88,0.0159362549800796,40,75,1.0,0.0,0.0,市场情绪强，板块情绪强，近5日触板记忆
2026-07-27,600449.SH,宁夏建材,main,11.7,0.060486958074922374,0.0,0.0636363636363634,-0.0176322418136021,1.213981274919835,88,0.0159362549800796,40,75,1.0,0.0,0.0,短线动量强，市场情绪强，板块情绪强，近5日触板记忆
2026-07-27,000672.SZ,上峰材料,main,15.58,0.06048024559372157,0.0,-0.0051085568326947,-0.0304915992532669,1.154464289835324,88,0.0159362549800796,40,75,0.0,0.0,0.0,市场情绪强，板块情绪强
2026-07-27,600409.SH,三友化工,main,6.24,0.060449923124122604,0.0,0.0540540540540541,0.1122994652406417,1.2966896367063032,88,0.0159362549800796,40,75,1.0,0.0,0.0,短线动量强，市场情绪强，板块情绪强，近5日触板记忆
2026-07-27,600846.SH,同济科技,main,11.01,0.060413172967482706,0.0,-0.065365025466893,-0.0018132366273798,0.7777276040287099,88,0.0159362549800796,40,75,1.0,0.0,0.0,市场情绪强，板块情绪强，近5日触板记忆
2026-07-27,600967.SH,内蒙一机,main,11.56,0.060243199054502726,0.0,0.1020019065776931,0.1377952755905511,2.1602201126045566,88,0.0159362549800796,40,75,1.0,1.0,1.0,成交量放大，短线动量强，市场情绪强，板块情绪强，近5日触板记忆
2026-07-27,600184.SH,光电股份,main,16.84,0.060228709403902556,0.0,-0.015780245470485,0.0083832335329341,1.035017663656522,88,0.0159362549800796,40,75,0.0,0.0,0.0,市场情绪强，板块情绪强
2026-07-27,002290.SZ,禾盛新材,main,56.62,0.06022572042513232,0.0,-0.0495215712607017,-0.0656765676567657,0.790078929199192,88,0.0159362549800796,40,75,0.0,0.0,0.0,市场情绪强，板块情绪强
2026-07-27,000767.SZ,晋控电力,main,3.65,0.06015000463109018,0.0,-0.0852130325814537,0.067251461988304,0.7216925837360524,88,0.0159362549800796,40,75,1.0,0.0,0.0,市场情绪强，板块情绪强，近5日触板记忆
2026-07-27,300868.SZ,杰美特,chinext,80.0,0.060146086256044826,0.0,-0.0345160511706492,-0.1248222295153702,0.7502943820804836,88,0.0159362549800796,40,10,0.0,0.0,0.0,市场情绪强，板块情绪强
2026-07-27,603680.SH,今创集团,main,9.49,0.06004228261398733,0.0,0.0451541850220265,0.0085015940488841,1.4426070549255583,88,0.0159362549800796,40,75,1.0,0.0,0.0,市场情绪强，板块情绪强，近5日触板记忆
2026-07-27,001287.SZ,中电港,main,22.23,0.05984978527399169,0.0,0.0159963436928702,-0.0211360634081902,0.6070078397265579,88,0.0159362549800796,40,75,0.0,0.0,0.0,市场情绪强，板块情绪强
2026-07-27,301158.SZ,德石股份,chinext,15.72,0.05981786761784623,0.0,0.2636655948553055,0.2319749216300941,2.024212807012583,88,0.0159362549800796,40,10,1.0,0.0,0.0,成交量放大，短线动量强，市场情绪强，板块情绪强，近5日触板记忆
2026-07-27,000988.SZ,华工科技,main,108.19,0.059743685355673794,0.0,-0.0438356164383562,-0.0801734398911749,0.5596265911617078,88,0.0159362549800796,40,75,0.0,0.0,0.0,市场情绪强，板块情绪强
2026-07-27,605589.SH,圣泉集团,main,37.64,0.0597020398295649,0.0,-0.0747295968534906,-0.1003824091778203,0.6041566059950484,88,0.0159362549800796,40,75,0.0,0.0,0.0,市场情绪强，板块情绪强
2026-07-27,605255.SH,天普股份,main,69.73,0.05953569414572083,0.0,0.0438622754491018,-0.0126026621353724,0.9101026673106136,88,0.0159362549800796,40,75,0.0,0.0,0.0,市场情绪强，板块情绪强
2026-07-27,002787.SZ,华源控股,main,21.24,0.05950531495702151,0.0,-0.0148423005565863,-0.0765217391304348,0.8702172323027355,88,0.0159362549800796,40,75,0.0,0.0,0.0,市场情绪强，板块情绪强
2026-07-27,600110.SH,诺德股份,main,8.7,0.05937636752798009,0.0,-0.0685224839400429,-0.1256281407035175,0.6545814588475893,88,0.0159362549800796,40,75,0.0,0.0,0.0,市场情绪强，板块情绪强
2026-07-27,002943.SZ,宇晶股份,main,30.23,0.05932173939317066,0.0,-0.0576683291770573,-0.0976119402985075,0.7228600882772006,88,0.0159362549800796,40,75,0.0,0.0,0.0,市场情绪强，板块情绪强
2026-07-27,002903.SZ,宇环数控,main,23.14,0.059318195611463106,0.0,-0.0281394372112556,-0.065050505050505,0.6082971802209624,88,0.0159362549800796,40,75,0.0,0.0,0.0,市场情绪强，板块情绪强
2026-07-27,300062.SZ,中能电气,chinext,6.8,0.05915923277073069,0.0,0.2662942271880819,0.2523020257826889,2.543885953509558,88,0.0159362549800796,40,10,1.0,0.0,0.0,成交量放大，短线动量强，市场情绪强，板块情绪强，近5日触板记忆
2026-07-27,603779.SH,威龙股份,main,6.92,0.05914356764926283,0.0,-0.1962833914053425,-0.1229404309252217,0.7318326967208685,88,0.0159362549800796,40,75,1.0,0.0,0.0,市场情绪强，板块情绪强，近5日触板记忆
2026-07-27,002575.SZ,群兴玩具,main,4.56,0.05901332901654956,0.0,0.0387243735763098,0.0247191011235954,1.4229532475472833,88,0.0159362549800796,40,75,1.0,0.0,0.0,市场情绪强，板块情绪强，近5日触板记忆
2026-07-27,603903.SH,中持股份,main,12.85,0.05876999491590074,0.0,0.0263578274760383,-0.0647743813682678,1.3094865935450513,88,0.0159362549800796,40,75,0.0,0.0,0.0,市场情绪强，板块情绪强
2026-07-27,301362.SZ,民爆光电,chinext,114.66,0.05866895803097856,0.0,-0.0275633958103638,-0.08125,0.6519702117990848,88,0.0159362549800796,40,10,0.0,0.0,0.0,市场情绪强，板块情绪强
2026-07-27,603679.SH,华体科技,main,16.06,0.05862511189670349,0.0,0.0255427841634736,0.0037499999999999,0.4039197516812135,88,0.0159362549800796,40,75,0.0,0.0,0.0,市场情绪强，板块情绪强
2026-07-27,605358.SH,立昂微,main,41.75,0.058594264175623266,0.0,-0.0474560803102896,-0.0824175824175824,0.6883842088808505,88,0.0159362549800796,40,75,0.0,0.0,0.0,市场情绪强，板块情绪强
2026-07-27,600226.SH,亨通股份,main,5.4,0.0585194228180607,0.0,-0.0878378378378377,-0.1247974068071312,0.6589868526576755,88,0.0159362549800796,40,75,0.0,0.0,0.0,市场情绪强，板块情绪强
2026-07-27,688347.SH,华虹宏力,star,329.9,0.05849161789860994,0.0,-0.1706470913570315,0.0676375404530744,0.6558036436008957,88,0.0159362549800796,40,3,1.0,0.0,0.0,市场情绪强，近5日触板记忆
2026-07-27,002545.SZ,东方铁塔,main,18.56,0.0583732667057845,0.0,0.1262135922330096,0.183673469387755,0.9030996378142192,88,0.0159362549800796,40,75,1.0,0.0,0.0,短线动量强，市场情绪强，板块情绪强，近5日触板记忆
2026-07-27,002585.SZ,双星新材,main,7.55,0.05835974761849367,0.0,-0.0667490729295426,-0.0903614457831326,0.6346829887762759,88,0.0159362549800796,40,75,0.0,0.0,0.0,市场情绪强，板块情绪强
2026-07-27,600400.SH,红豆股份,main,2.56,0.058331947216688274,0.0,0.0364372469635627,0.0118577075098815,0.5869007247703335,88,0.0159362549800796,40,75,1.0,1.0,0.0,市场情绪强，板块情绪强，近5日触板记忆
2026-07-27,600980.SH,北矿科技,main,16.84,0.05824300274786378,0.0,0.0382244143033292,0.0262035344302253,2.066801073605021,88,0.0159362549800796,40,75,1.0,0.0,0.0,成交量放大，市场情绪强，板块情绪强，近5日触板记忆
2026-07-27,002970.SZ,锐明技术,main,45.65,0.058164468592130744,0.0,-0.0811191626409018,-0.0433780385582565,0.6174024725186885,88,0.0159362549800796,40,75,1.0,0.0,0.0,市场情绪强，板块情绪强，近5日触板记忆
2026-07-27,601996.SH,丰林集团,main,2.12,0.05814792852407953,0.0,0.0871794871794873,-0.0139534883720929,0.673615212167169,88,0.0159362549800796,40,75,1.0,1.0,0.0,短线动量强，市场情绪强，板块情绪强，近5日触板记忆
2026-07-27,688630.SH,芯碁微装,star,408.8,0.05813828256247066,0.0,0.0132606270913373,0.1362499305130915,0.9478801576985204,88,0.0159362549800796,40,3,0.0,0.0,0.0,市场情绪强
2026-07-27,300444.SZ,双杰电气,chinext,9.85,0.058090445013299026,0.0,0.1838942307692306,0.1824729891956782,1.9948771507284448,88,0.0159362549800796,40,10,1.0,0.0,0.0,成交量放大，短线动量强，市场情绪强，板块情绪强，近5日触板记忆
2026-07-27,600354.SH,敦煌种业,main,5.79,0.0579927343541219,0.0,0.0782122905027933,0.0339285714285715,1.1587112533228865,88,0.0159362549800796,40,75,1.0,0.0,0.0,短线动量强，市场情绪强，板块情绪强，近5日触板记忆
2026-07-27,600186.SH,莲花控股,main,8.48,0.05789256042129739,0.0,-0.0150987224157954,-0.0503919372900335,0.5586992444382635,88,0.0159362549800796,40,75,0.0,0.0,0.0,市场情绪强，板块情绪强
2026-07-27,003033.SZ,征和工业,main,68.9,0.057891438552761985,0.0,0.0224068852945542,0.1118283040180734,0.5717699274186442,88,0.0159362549800796,40,75,1.0,0.0,0.0,市场情绪强，板块情绪强，近5日触板记忆
2026-07-27,603052.SH,可川科技,main,50.99,0.05782900846760768,0.0,-0.0306083650190114,-0.0693557218470523,0.5964997651118084,88,0.0159362549800796,40,75,0.0,0.0,0.0,市场情绪强，板块情绪强
2026-07-27,002317.SZ,众生药业,main,26.68,0.05778262616492311,0.0,-0.0144070927225711,-0.0582421461348393,0.6391529541488866,88,0.0159362549800796,40,75,0.0,0.0,0.0,市场情绪强，板块情绪强
2026-07-27,600990.SH,四创电子,main,16.86,0.05771065404342883,0.0,0.0550688360450561,-0.0005927682276231,1.474829203359464,88,0.0159362549800796,40,75,1.0,0.0,0.0,短线动量强，市场情绪强，板块情绪强，近5日触板记忆
2026-07-27,600869.SH,远东股份,main,14.65,0.05769948279713641,0.0,-0.0911910669975186,-0.1412661195779601,0.6895222817484494,88,0.0159362549800796,40,75,0.0,0.0,0.0,市场情绪强，板块情绪强
2026-07-27,603050.SH,科林电气,main,17.79,0.05763442043066347,0.0,0.0434017595307916,0.0039503386004515,1.1681921730469873,88,0.0159362549800796,40,75,1.0,0.0,0.0,市场情绪强，板块情绪强，近5日触板记忆
2026-07-27,002885.SZ,京泉华,main,25.08,0.057611256867610525,0.0,-0.0075187969924812,-0.0412844036697248,0.7058244713176146,88,0.0159362549800796,40,75,0.0,0.0,0.0,市场情绪强，板块情绪强
2026-07-27,300806.SZ,斯迪克,chinext,57.48,0.05747475236693391,0.0,-0.068697342838626,-0.1006102331403536,0.5826087346604882,88,0.0159362549800796,40,10,0.0,0.0,0.0,市场情绪强，板块情绪强
2026-07-27,600714.SH,金瑞矿业,main,13.13,0.057445428504012915,0.0,-0.0037936267071319,-0.0112951807228914,0.8830027016870732,88,0.0159362549800796,40,75,0.0,0.0,0.0,市场情绪强，板块情绪强
2026-07-27,603650.SH,彤程新材,main,63.44,0.05733633887895465,0.0,-0.0460150375939849,-0.0601481481481481,0.6659828307099704,88,0.0159362549800796,40,75,0.0,0.0,0.0,市场情绪强，板块情绪强
2026-07-27,000823.SZ,超声电子,main,13.04,0.05730227497052816,0.0,-0.0564399421128799,-0.0523255813953489,0.5809743931506316,88,0.0159362549800796,40,75,0.0,0.0,0.0,市场情绪强，板块情绪强
2026-07-27,600230.SH,沧州大化,main,12.55,0.057262360384592134,0.0,0.0278460278460277,0.0161943319838058,1.3754014044097893,88,0.0159362549800796,40,75,1.0,0.0,0.0,市场情绪强，板块情绪强，近5日触板记忆
2026-07-27,600397.SH,江钨装备,main,13.85,0.05702228932300124,0.0,-0.079734219269103,-0.1161455009572431,0.6100789033685998,88,0.0159362549800796,40,75,0.0,0.0,0.0,市场情绪强，板块情绪强
2026-07-27,001388.SZ,信通电子,main,21.44,0.05696758402098328,0.0,-0.1085239085239084,-0.1333872271624897,1.2197906352185317,88,0.0159362549800796,40,75,1.0,0.0,0.0,市场情绪强，板块情绪强，近5日触板记忆
2026-07-27,688049.SH,炬芯科技,star,44.37,0.056966955381052446,0.0,0.1959568733153638,0.20734693877551,1.1447901550572104,88,0.0159362549800796,40,3,1.0,1.0,0.0,短线动量强，市场情绪强，近5日触板记忆
2026-07-27,603156.SH,养元饮品,main,36.75,0.056778382238056396,0.0,0.036379018612521,0.0378424173962159,1.277550039056672,88,0.0159362549800796,40,75,0.0,0.0,0.0,市场情绪强，板块情绪强
2026-07-27,603538.SH,美诺华,main,26.17,0.056773070256972695,0.0,-0.0640200286123032,-0.2418887601390498,0.9815319798553463,88,0.0159362549800796,40,75,0.0,0.0,0.0,市场情绪强，板块情绪强
2026-07-27,688123.SH,聚辰股份,star,127.52,0.056709088029370164,0.0,-0.0477897252090799,-0.034670704012112,0.7578577266230963,88,0.0159362549800796,40,3,0.0,0.0,0.0,市场情绪强
2026-07-27,600707.SH,彩虹股份,main,8.68,0.056668810098148614,0.0,-0.0616216216216216,-0.0863157894736842,0.6867679955694013,88,0.0159362549800796,40,75,0.0,0.0,0.0,市场情绪强，板块情绪强
2026-07-27,600188.SH,兖矿能源,main,19.73,0.05665447633234821,0.0,-0.0577841451766953,0.0439153439153439,0.8931466111579539,88,0.0159362549800796,40,75,1.0,0.0,0.0,市场情绪强，板块情绪强，近5日触板记忆
2026-07-27,002203.SZ,海亮股份,main,17.85,0.05665173102031942,0.0,-0.0261865793780685,0.0119047619047618,0.6015524819665239,88,0.0159362549800796,40,75,1.0,0.0,0.0,市场情绪强，板块情绪强，近5日触板记忆
2026-07-27,000506.SZ,招金黄金,main,12.04,0.05661640797398002,0.0,0.0168918918918918,0.0607929515418501,0.9495725208344106,88,0.0159362549800796,40,75,1.0,0.0,0.0,市场情绪强，板块情绪强，近5日触板记忆
2026-07-27,688416.SH,恒烁股份,star,68.18,0.056564043294283724,0.0,-0.0486954095158363,-0.0461667599328483,0.6489541169381131,88,0.0159362549800796,40,3,0.0,0.0,0.0,市场情绪强
2026-07-27,001267.SZ,汇绿生态,main,31.0,0.05634520000754584,0.0,-0.0651387213510252,-0.1122565864833906,0.6167071298469845,88,0.0159362549800796,40,75,0.0,0.0,0.0,市场情绪强，板块情绪强
2026-07-27,002881.SZ,美格智能,main,38.24,0.05634283005472318,0.0,-0.0875685993796229,-0.0599803343166174,0.602091290253616,88,0.0159362549800796,40,75,0.0,0.0,0.0,市场情绪强，板块情绪强
2026-07-27,605155.SH,西大门,main,12.5,0.05629406503276981,0.0,0.0766580534022394,-0.0362374710871241,1.067039995473836,88,0.0159362549800796,40,75,1.0,0.0,0.0,短线动量强，市场情绪强，板块情绪强，近5日触板记忆
2026-07-27,300201.SZ,海伦哲,chinext,13.84,0.05618680551752377,0.0,0.0984126984126985,0.0958036421219319,0.5714770135896651,88,0.0159362549800796,40,10,1.0,1.0,0.0,短线动量强，市场情绪强，板块情绪强，近5日触板记忆
2026-07-27,600520.SH,三佳科技,main,23.86,0.0561830774393552,0.0,-0.0363489499192246,-0.0819545979222777,0.951196909092148,88,0.0159362549800796,40,75,0.0,0.0,0.0,市场情绪强，板块情绪强
2026-07-27,301013.SZ,利和兴,chinext,37.46,0.05608983672378708,0.0,-0.0568982880161127,-0.1100023758612497,0.7958199784024343,88,0.0159362549800796,40,10,0.0,0.0,0.0,市场情绪强，板块情绪强
2026-07-27,603285.SH,键邦股份,main,32.73,0.05594048840035069,0.0,0.0755833059480775,0.013626509755342,0.7502718680277571,88,0.0159362549800796,40,75,0.0,0.0,0.0,短线动量强，市场情绪强，板块情绪强
2026-07-27,300209.SZ,行云科技,chinext,25.78,0.05585719532040076,0.0,-0.0448314190440902,0.1524362986142153,0.7745992899532216,88,0.0159362549800796,40,10,1.0,1.0,0.0,市场情绪强，板块情绪强，近5日触板记忆
2026-07-27,603663.SH,三祥新材,main,38.7,0.055721649626351545,0.0,-0.0785714285714285,-0.0743841186319062,0.7681050986111887,88,0.0159362549800796,40,75,1.0,0.0,0.0,市场情绪强，板块情绪强，近5日触板记忆
2026-07-27,000975.SZ,山金国际,main,21.8,0.05570279669469706,0.0,0.0649731314118222,0.1752021563342318,0.999978503596908,88,0.0159362549800796,40,75,1.0,0.0,0.0,短线动量强，市场情绪强，板块情绪强，近5日触板记忆
2026-07-27,301191.SZ,菲菱科思,chinext,107.41,0.0556958086564787,0.0,0.0440318818040434,0.1015280484052916,0.6829504375651952,88,0.0159362549800796,40,10,0.0,0.0,0.0,市场情绪强，板块情绪强
2026-07-27,603123.SH,翠微股份,main,8.56,0.05556206834601523,0.0,-0.0126874279123413,0.0918367346938775,0.834629834092861,88,0.0159362549800796,40,75,1.0,0.0,0.0,市场情绪强，板块情绪强，近5日触板记忆
2026-07-27,688515.SH,裕太微,star,142.35,0.055527147662399086,0.0,0.0133115034168564,0.0167857142857141,0.6881017410168168,88,0.0159362549800796,40,3,0.0,0.0,0.0,市场情绪强
2026-07-27,603191.SH,望变电气,main,12.84,0.055424064953723824,0.0,0.02555910543131,0.0054815974941269,1.3684092263706684,88,0.0159362549800796,40,75,1.0,0.0,0.0,市场情绪强，板块情绪强，近5日触板记忆
2026-07-27,002989.SZ,中天精装,main,20.99,0.0553144961848053,0.0,-0.0749228735125607,-0.127597672485453,0.6353230627595388,88,0.0159362549800796,40,75,0.0,0.0,0.0,市场情绪强，板块情绪强
2026-07-27,002768.SZ,国恩股份,main,46.5,0.055192758307535714,0.0,-0.0085287846481876,-0.083743842364532,0.5610083567755235,88,0.0159362549800796,40,75,0.0,0.0,0.0,市场情绪强，板块情绪强
2026-07-27,600522.SH,中天科技,main,31.39,0.05516892895293387,0.0,-0.0935604966791799,-0.0671619613670133,0.6089136384729731,88,0.0159362549800796,40,75,0.0,0.0,0.0,市场情绪强，板块情绪强
2026-07-27,300875.SZ,捷强装备,chinext,32.81,0.055150391543376524,0.0,0.2129390018484289,0.1896301667875273,1.579998481767262,88,0.0159362549800796,40,10,0.0,0.0,0.0,成交量放大，短线动量强，市场情绪强，板块情绪强
2026-07-27,603269.SH,海鸥股份,main,11.05,0.05513957056512341,0.0,-0.0539383561643834,-0.1333333333333333,0.6055086057286406,88,0.0159362549800796,40,75,0.0,0.0,0.0,市场情绪强，板块情绪强
2026-07-27,002645.SZ,华宏科技,main,16.81,0.05510847261391477,0.0,-0.0333525014376079,-0.0448863636363637,0.7210750139419368,88,0.0159362549800796,40,75,0.0,0.0,0.0,市场情绪强，板块情绪强
2026-07-27,688403.SH,汇成股份,star,25.05,0.054908885476597495,0.0,-0.0914036996735582,-0.0157170923379174,0.7451923913107039,88,0.0159362549800796,40,3,0.0,0.0,0.0,市场情绪强
2026-07-27,002842.SZ,翔鹭钨业,main,30.51,0.054841400209460524,0.0,-0.0199164792804368,-0.0477528089887639,0.6390712392455117,88,0.0159362549800796,40,75,0.0,0.0,0.0,市场情绪强，板块情绪强
2026-07-27,603161.SH,科华控股,main,14.2,0.054779157630792275,0.0,-0.0220385674931129,0.0668670172802403,0.5586578628877276,88,0.0159362549800796,40,75,1.0,0.0,0.0,市场情绪强，板块情绪强，近5日触板记忆
2026-07-27,002046.SZ,国机精工,main,47.7,0.05471650258858561,0.0,-0.0826923076923076,-0.0604687807760488,0.6150751761951229,88,0.0159362549800796,40,75,0.0,0.0,0.0,市场情绪强，板块情绪强
2026-07-27,603928.SH,兴业股份,main,10.8,0.05446386467610864,0.0,0.0009267840593143,-0.0425531914893615,1.3593511886991547,88,0.0159362549800796,40,75,0.0,0.0,0.0,市场情绪强，板块情绪强
2026-07-27,000063.SZ,中兴通讯,main,35.0,0.054415580969289494,0.0,0.0034403669724769,-0.0277777777777777,0.6018129762491883,88,0.0159362549800796,40,75,1.0,1.0,0.0,市场情绪强，板块情绪强，近5日触板记忆
2026-07-27,003026.SZ,中晶科技,main,27.23,0.054398727970027934,0.0,-0.0495636998254799,-0.0747536527353041,0.6350667583119394,88,0.0159362549800796,40,75,0.0,0.0,0.0,市场情绪强，板块情绪强
2026-07-27,600487.SH,亨通光电,main,52.43,0.05439827558162365,0.0,-0.1255837224816545,-0.1020722726494263,0.6231099669217284,88,0.0159362549800796,40,75,0.0,0.0,0.0,市场情绪强，板块情绪强
2026-07-27,300649.SZ,杭州园林,chinext,23.14,0.054332570423446844,0.0,-0.0469522240527182,-0.0232165470662727,0.513553739276957,88,0.0159362549800796,40,10,0.0,0.0,0.0,市场情绪强，板块情绪强
2026-07-27,688584.SH,上海合晶,star,29.09,0.054324928893482206,0.0,-0.1195520581113801,-0.1004947433518863,0.8752492666305819,88,0.0159362549800796,40,3,0.0,0.0,0.0,市场情绪强
2026-07-27,600821.SH,金开新能,main,6.32,0.054301899718906636,0.0,-0.0609212481426448,0.1146384479717814,0.8148545550752465,88,0.0159362549800796,40,75,1.0,0.0,0.0,市场情绪强，板块情绪强，近5日触板记忆
2026-07-27,002937.SZ,兴瑞科技,main,32.79,0.05421641016231859,0.0,-0.060458452722063,-0.1395959065861978,1.0490425910611505,88,0.0159362549800796,40,75,0.0,0.0,0.0,市场情绪强，板块情绪强
2026-07-27,002350.SZ,北京科锐,main,14.51,0.054102551423992326,0.0,0.0645634629493763,-0.0326666666666667,0.7984733892912085,88,0.0159362549800796,40,75,0.0,0.0,0.0,短线动量强，市场情绪强，板块情绪强
2026-07-27,000526.SZ,学大教育,main,32.48,0.054015458125001733,0.0,0.0484183344092961,0.2256603773584904,0.5934980635121148,88,0.0159362549800796,40,75,1.0,0.0,0.0,市场情绪强，板块情绪强，近5日触板记忆
2026-07-27,300604.SZ,长川科技,chinext,303.5,0.053931839557322114,0.0,-0.0455974842767296,0.0887501793657628,0.8455074585992968,88,0.0159362549800796,40,10,1.0,0.0,0.0,市场情绪强，板块情绪强，近5日触板记忆
2026-07-27,603261.SH,立航科技,main,45.0,0.05389678303781168,0.0,0.0930289045421421,-0.0496304118268216,1.0532886085116926,88,0.0159362549800796,40,75,0.0,0.0,0.0,短线动量强，市场情绪强，板块情绪强
2026-07-27,301319.SZ,唯特偶,chinext,90.52,0.05387128890122062,0.0,-0.054621409921671,-0.0869477506556385,0.8473509266266155,88,0.0159362549800796,40,10,0.0,0.0,0.0,市场情绪强，板块情绪强
2026-07-27,002793.SZ,罗欣药业,main,4.71,0.05361317810150983,0.0,0.0489977728285078,0.0560538116591928,1.2263042308383174,88,0.0159362549800796,40,75,1.0,0.0,0.0,市场情绪强，板块情绪强，近5日触板记忆
2026-07-27,600711.SH,盛屯矿业,main,10.58,0.053576054102927595,0.0,0.0907216494845362,0.1315508021390374,0.7343405594170382,88,0.0159362549800796,40,75,1.0,1.0,0.0,短线动量强，市场情绪强，板块情绪强，近5日触板记忆
2026-07-27,600769.SH,祥龙电业,main,12.92,0.05354965926652489,0.0,-0.0429629629629629,-0.1198910081743869,0.6540899812128823,88,0.0159362549800796,40,75,0.0,0.0,0.0,市场情绪强，板块情绪强
2026-07-27,601061.SH,中信金属,main,10.76,0.053478708858953554,0.0,0.0386100386100387,0.0868686868686867,1.547547165894763,88,0.0159362549800796,40,75,1.0,0.0,0.0,成交量放大，市场情绪强，板块情绪强，近5日触板记忆
2026-07-27,600815.SH,厦工股份,main,2.71,0.0533697594031398,0.0,0.1198347107438015,0.1016260162601625,1.4324520089887107,88,0.0159362549800796,40,75,1.0,1.0,0.0,短线动量强，市场情绪强，板块情绪强，近5日触板记忆
2026-07-27,600549.SH,厦门钨业,main,48.39,0.05333703181371222,0.0,-0.0356715823037065,-0.056173200702165,0.6991004831460372,88,0.0159362549800796,40,75,0.0,0.0,0.0,市场情绪强，板块情绪强
2026-07-27,688808.SH,联讯仪器,star,1955.0,0.05331318974667834,0.0,-0.0190913424148917,0.232334438547169,0.7517513189437036,88,0.0159362549800796,40,3,0.0,0.0,0.0,市场情绪强
2026-07-27,001225.SZ,和泰机电,main,38.08,0.053285017235159084,0.0,0.0708661417322833,0.0548476454293627,0.9080610694884272,88,0.0159362549800796,40,75,0.0,0.0,0.0,短线动量强，市场情绪强，板块情绪强
2026-07-27,002730.SZ,电光科技,main,21.19,0.053185518834930806,0.0,0.0061728395061728,-0.0689806678383128,0.4835963632536553,88,0.0159362549800796,40,75,0.0,0.0,0.0,市场情绪强，板块情绪强
2026-07-27,300870.SZ,欧陆通,chinext,202.97,0.05294768473041307,0.0,-0.0689449541284403,-0.0021140609636185,0.592243677731255,88,0.0159362549800796,40,10,0.0,0.0,0.0,市场情绪强，板块情绪强
2026-07-27,002150.SZ,正泰电源,main,21.99,0.05290738289083023,0.0,-0.0018157058556514,0.0171137835337649,0.5630558864894052,88,0.0159362549800796,40,75,1.0,1.0,0.0,市场情绪强，板块情绪强，近5日触板记忆
2026-07-27,600746.SH,江苏索普,main,6.02,0.05273908000126076,0.0,-0.0795107033639144,-0.0033112582781458,0.839711309696765,88,0.0159362549800796,40,75,1.0,0.0,0.0,市场情绪强，板块情绪强，近5日触板记忆
2026-07-27,002364.SZ,中恒电气,main,36.36,0.052735654096518696,0.0,-0.0907726931732934,-0.1336669049320943,0.7524830254875168,88,0.0159362549800796,40,75,0.0,0.0,0.0,市场情绪强，板块情绪强
2026-07-27,300534.SZ,陇神戎发,chinext,11.18,0.05268529876740595,0.0,-0.1898550724637682,0.114656031904287,0.8457842852443701,88,0.0159362549800796,40,10,1.0,0.0,0.0,市场情绪强，板块情绪强，近5日触板记忆
2026-07-27,002422.SZ,科伦药业,main,46.65,0.05266098748753938,0.0,-0.014991554054054,0.0387441549766198,1.0654459271010557,88,0.0159362549800796,40,75,1.0,1.0,0.0,市场情绪强，板块情绪强，近5日触板记忆
2026-07-27,603090.SH,宏盛股份,main,37.68,0.05263525425144115,0.0,-0.0063291139240506,-0.058,0.5668485692865217,88,0.0159362549800796,40,75,0.0,0.0,0.0,市场情绪强，板块情绪强
2026-07-27,605588.SH,冠石科技,main,40.53,0.052622057308153634,0.0,-0.0162621359223301,-0.0545836249125261,0.641254973766682,88,0.0159362549800796,40,75,0.0,0.0,0.0,市场情绪强，板块情绪强
2026-07-27,002132.SZ,恒星科技,main,4.06,0.05252068163224119,0.0,-0.0169491525423729,-0.1096491228070175,0.5109613132357066,88,0.0159362549800796,40,75,1.0,1.0,0.0,市场情绪强，板块情绪强，近5日触板记忆
2026-07-27,002149.SZ,西部材料,main,32.13,0.052476900059757484,0.0,-0.0147194112235509,-0.0420393559928442,0.8852758953293401,88,0.0159362549800796,40,75,0.0,0.0,0.0,市场情绪强，板块情绪强
2026-07-27,601168.SH,西部矿业,main,36.24,0.05241462400072597,0.0,0.0699734278122232,0.1450236966824645,0.8829333288757879,88,0.0159362549800796,40,75,1.0,1.0,0.0,短线动量强，市场情绪强，板块情绪强，近5日触板记忆
2026-07-27,002738.SZ,中矿资源,main,48.36,0.05226376402426615,0.0,0.0741892492225677,0.0388829215896886,0.6932679562292958,88,0.0159362549800796,40,75,1.0,1.0,0.0,短线动量强，市场情绪强，板块情绪强，近5日触板记忆
2026-07-27,002718.SZ,友邦吊顶,main,80.9,0.05220869697381817,0.0,-0.0701149425287355,-0.1678666940958649,0.6193120539787588,88,0.0159362549800796,40,75,0.0,0.0,0.0,市场情绪强，板块情绪强
2026-07-27,688655.SH,迅捷兴,star,30.52,0.05216331257599046,0.0,-0.022421524663677,0.0069284064665127,0.9929667909771231,88,0.0159362549800796,40,3,0.0,0.0,0.0,市场情绪强
2026-07-27,603063.SH,禾望电气,main,29.35,0.05207801922033332,0.0,-0.0361247947454843,-0.0899224806201549,0.6748750537080297,88,0.0159362549800796,40,75,0.0,0.0,0.0,市场情绪强，板块情绪强
2026-07-27,002015.SZ,协鑫能科,main,14.5,0.052033977985852096,0.0,0.0020732550103661,0.1094108645753633,0.9386098462630692,88,0.0159362549800796,40,75,0.0,0.0,0.0,市场情绪强，板块情绪强
2026-07-27,002902.SZ,铭普光磁,main,21.93,0.05201897212195269,0.0,0.0092038656235617,-0.0094850948509485,0.8444957512095174,88,0.0159362549800796,40,75,0.0,0.0,0.0,市场情绪强，板块情绪强
2026-07-27,600673.SH,东阳光,main,28.31,0.0519634114086278,0.0,-0.0690562315027951,-0.1361000915471468,0.7508302394240435,88,0.0159362549800796,40,75,0.0,0.0,0.0,市场情绪强，板块情绪强
2026-07-27,300567.SZ,精测电子,chinext,224.61,0.05185430223533524,0.0,-0.0862082994304311,-0.0523584507636486,0.8017088134736777,88,0.0159362549800796,40,10,0.0,0.0,0.0,市场情绪强，板块情绪强
2026-07-27,603110.SH,东方材料,main,18.73,0.05184202773400373,0.0,-0.0516455696202531,-0.0973493975903614,0.5665252726511648,88,0.0159362549800796,40,75,0.0,0.0,0.0,市场情绪强，板块情绪强
2026-07-27,000032.SZ,深桑达Ａ,main,14.15,0.05179448559398526,0.0,-0.11892901618929,-0.0859173126614987,0.6670740053246679,88,0.0159362549800796,40,75,0.0,0.0,0.0,市场情绪强，板块情绪强
2026-07-27,301122.SZ,采纳股份,chinext,28.66,0.05175229287648713,0.0,0.1010372646945831,0.0876660341555977,1.631248707020735,88,0.0159362549800796,40,10,0.0,0.0,0.0,成交量放大，短线动量强，市场情绪强，板块情绪强
2026-07-27,603610.SH,麒盛科技,main,12.53,0.05166591637024258,0.0,-0.0055555555555555,0.0023999999999999,0.5355988079521037,88,0.0159362549800796,40,75,1.0,0.0,0.0,市场情绪强，板块情绪强，近5日触板记忆
2026-07-27,688147.SH,微导纳米,star,117.97,0.051640968748720484,0.0,-0.0625397329942785,0.0480632551528072,0.7425921977295548,88,0.0159362549800796,40,3,1.0,0.0,0.0,市场情绪强，近5日触板记忆
2026-07-27,002972.SZ,科安达,main,13.25,0.05163543051909457,0.0,0.0279286268425136,-0.1423948220064724,0.5570330326563465,88,0.0159362549800796,40,75,0.0,0.0,0.0,市场情绪强，板块情绪强
2026-07-27,603267.SH,鸿远电子,main,45.0,0.05132119272585324,0.0,-0.0431639379119711,-0.0427568602425015,0.5856576693835395,88,0.0159362549800796,40,75,0.0,0.0,0.0,市场情绪强，板块情绪强
2026-07-27,600234.SH,科新发展,main,18.11,0.05130485776039928,0.0,0.016844469399214,-0.0231930960086299,0.5345686280555599,88,0.0159362549800796,40,75,0.0,0.0,0.0,市场情绪强，板块情绪强
2026-07-27,002709.SZ,天赐材料,main,36.83,0.05125144958156601,0.0,0.0205042948185092,0.0339696799550814,1.080350902152474,88,0.0159362549800796,40,75,0.0,0.0,0.0,市场情绪强，板块情绪强
2026-07-27,000892.SZ,欢瑞世纪,main,2.99,0.05121116455897105,0.0,-0.1408045977011494,-0.1671309192200556,0.7474606158089712,88,0.0159362549800796,40,75,0.0,0.0,0.0,市场情绪强，板块情绪强
2026-07-27,001268.SZ,联合精密,main,18.11,0.05116814215491345,0.0,-0.0205516495402919,-0.0684156378600824,0.683450908597547,88,0.0159362549800796,40,75,0.0,0.0,0.0,市场情绪强，板块情绪强
2026-07-27,000759.SZ,中百集团,main,6.56,0.05099711382485781,0.0,-0.032448377581121,-0.0601719197707737,0.6614671145275975,88,0.0159362549800796,40,75,0.0,0.0,0.0,市场情绪强，板块情绪强
2026-07-27,002971.SZ,和远气体,main,37.43,0.05099656771882266,0.0,-0.0074250861840361,-0.1090216615091644,1.0067272577107145,88,0.0159362549800796,40,75,0.0,0.0,0.0,市场情绪强，板块情绪强
2026-07-27,002796.SZ,世嘉科技,main,26.94,0.05094949114901331,0.0,-0.0326750448833034,-0.0253256150506512,0.5518991212234653,88,0.0159362549800796,40,75,0.0,0.0,0.0,市场情绪强，板块情绪强
2026-07-27,603045.SH,福达合金,main,51.05,0.05092260362593083,0.0,-0.0542793627269359,-0.0924444444444444,0.6877862350649023,88,0.0159362549800796,40,75,0.0,0.0,0.0,市场情绪强，板块情绪强
2026-07-27,002993.SZ,奥海科技,main,37.57,0.050868668120404636,0.0,-0.0274398136163603,-0.0925120772946859,0.6548888071720789,88,0.0159362549800796,40,75,0.0,0.0,0.0,市场情绪强，板块情绪强
2026-07-27,002088.SZ,鲁阳节能,main,6.98,0.050868597133803636,0.0,-0.0141242937853106,-0.0319001386962551,1.772852159204848,88,0.0159362549800796,40,75,1.0,0.0,0.0,成交量放大，市场情绪强，板块情绪强，近5日触板记忆
2026-07-27,002192.SZ,融捷股份,main,61.41,0.05078398986606431,0.0,0.0546110252447191,-0.0142857142857143,0.7762057229209014,88,0.0159362549800796,40,75,0.0,0.0,0.0,短线动量强，市场情绪强，板块情绪强
2026-07-27,300975.SZ,商络电子,chinext,25.85,0.050778937227209844,0.0,-0.044362292051756,0.0105551211884284,0.7089709564583575,88,0.0159362549800796,40,10,0.0,0.0,0.0,市场情绪强，板块情绪强
2026-07-27,600219.SH,南山铝业,main,4.46,0.05071061511675581,0.0,0.0669856459330144,0.1206030150753769,1.2771913403634685,88,0.0159362549800796,40,75,1.0,0.0,0.0,短线动量强，市场情绪强，板块情绪强，近5日触板记忆
2026-07-27,002319.SZ,乐通股份,main,10.76,0.05061493730454597,0.0,0.0237868696479544,0.0653465346534654,0.7315344426335183,88,0.0159362549800796,40,75,1.0,0.0,0.0,市场情绪强，板块情绪强，近5日触板记忆
2026-07-27,300620.SZ,光库科技,chinext,230.05,0.05061398259127219,0.0,-0.0507530431194552,-0.037044788614483,0.7746914953008182,88,0.0159362549800796,40,10,0.0,0.0,0.0,市场情绪强，板块情绪强
2026-07-27,002965.SZ,祥鑫科技,main,40.31,0.050530106946406375,0.0,-0.054865181711606,-0.1148440931049625,0.6372481987657316,88,0.0159362549800796,40,75,0.0,0.0,0.0,市场情绪强，板块情绪强
2026-07-27,600268.SH,国电南自,main,10.88,0.050432361908707916,0.0,0.0046168051708217,0.0677134445534839,1.283381815085541,88,0.0159362549800796,40,75,1.0,0.0,0.0,市场情绪强，板块情绪强，近5日触板记忆
2026-07-27,300671.SZ,富满微,chinext,67.64,0.0503471814869441,0.0,-0.0158591590280809,0.0134851663170514,0.6829554259512419,88,0.0159362549800796,40,10,0.0,0.0,0.0,市场情绪强，板块情绪强
2026-07-27,000155.SZ,川能动力,main,11.66,0.050298936170732195,0.0,0.0628988149498632,0.0776340110905731,1.3078533866088828,88,0.0159362549800796,40,75,1.0,0.0,0.0,短线动量强，市场情绪强，板块情绪强，近5日触板记忆
2026-07-27,301526.SZ,国际复材,chinext,25.7,0.050282328675958665,0.0,-0.1375838926174497,-0.1864514086736309,0.6361583292825354,88,0.0159362549800796,40,10,0.0,0.0,0.0,市场情绪强，板块情绪强
2026-07-27,002925.SZ,盈趣科技,main,20.75,0.05024348951050016,0.0,0.0411440040140491,0.0226712666338098,0.8570055827576099,88,0.0159362549800796,40,75,0.0,0.0,0.0,市场情绪强，板块情绪强
2026-07-27,001211.SZ,双枪科技,main,18.44,0.05013498131288278,0.0,0.0143014301430144,0.0049046321525885,0.5605201759793862,88,0.0159362549800796,40,75,1.0,0.0,0.0,市场情绪强，板块情绪强，近5日触板记忆
2026-07-27,603665.SH,康隆达,main,21.41,0.05009193797739717,0.0,-0.0263756252842199,-0.1425710853023628,0.71775304381412,88,0.0159362549800796,40,75,0.0,0.0,0.0,市场情绪强，板块情绪强
2026-07-27,603979.SH,金诚信,main,69.55,0.05008524525702236,0.0,0.0485451530227649,0.1446675444371297,0.8748661297266412,88,0.0159362549800796,40,75,1.0,0.0,0.0,市场情绪强，板块情绪强，近5日触板记忆
2026-07-27,600791.SH,京能置业,main,6.27,0.05005010840686641,0.0,-0.0141509433962265,-0.0571428571428572,0.7542308931698628,88,0.0159362549800796,40,75,0.0,0.0,0.0,市场情绪强，板块情绪强
2026-07-27,301018.SZ,申菱环境,chinext,85.4,0.0498874149146433,0.0,-0.0535298681148176,-0.0179392824287026,0.5693726346351411,88,0.0159362549800796,40,10,0.0,0.0,0.0,市场情绪强，板块情绪强
2026-07-27,301021.SZ,英诺激光,chinext,64.2,0.04987185540365519,0.0,-0.0319662243667067,-0.0474777448071217,0.7212486961625727,88,0.0159362549800796,40,10,0.0,0.0,0.0,市场情绪强，板块情绪强
2026-07-27,300475.SZ,香农芯创,chinext,161.59,0.049850052543952764,0.0,-0.0869589784156401,-0.0718552556002296,0.6707700440401742,88,0.0159362549800796,40,10,0.0,0.0,0.0,市场情绪强，板块情绪强
2026-07-27,300672.SZ,国科微,chinext,145.24,0.04962464471799643,0.0,-0.0922499999999999,-0.0807594936708859,0.5770152255664024,88,0.0159362549800796,40,10,0.0,0.0,0.0,市场情绪强，板块情绪强
2026-07-27,301086.SZ,鸿富瀚,chinext,110.01,0.04959212233941074,0.0,-0.0549780946654067,-0.1493195174760283,0.4953852614291237,88,0.0159362549800796,40,10,0.0,0.0,0.0,市场情绪强，板块情绪强
2026-07-27,603920.SH,世运电路,main,33.25,0.04948256180354914,0.0,-0.0730415388904376,-0.0277777777777779,0.5989543405120102,88,0.0159362549800796,40,75,0.0,0.0,0.0,市场情绪强，板块情绪强
2026-07-27,603065.SH,宿迁联盛,main,14.7,0.04941909429234733,0.0,0.0575539568345322,-0.1433566433566434,1.191560850092085,88,0.0159362549800796,40,75,0.0,0.0,0.0,短线动量强，市场情绪强，板块情绪强
2026-07-27,600500.SH,中化国际,main,4.71,0.04941512692202998,0.0,-0.0465587044534413,-0.0872093023255814,0.6657319290428492,88,0.0159362549800796,40,75,0.0,0.0,0.0,市场情绪强，板块情绪强
2026-07-27,600857.SH,宁波中百,main,16.82,0.04927357268325975,0.0,-0.0254924681344148,-0.1198325484039769,0.4502910033197855,88,0.0159362549800796,40,75,0.0,0.0,0.0,市场情绪强，板块情绪强
2026-07-27,603687.SH,大胜达,main,12.34,0.049137275750003324,0.0,-0.0275807722616232,-0.0544061302681992,0.5739064870668471,88,0.0159362549800796,40,75,0.0,0.0,0.0,市场情绪强，板块情绪强
2026-07-27,688261.SH,东微半导,star,70.2,0.04911845596010248,0.0,-0.0224202757276145,0.1144626131131925,0.6401294192584472,88,0.0159362549800796,40,3,1.0,0.0,0.0,市场情绪强，近5日触板记忆
2026-07-27,605060.SH,联德股份,main,37.34,0.04911010011561844,0.0,0.0102813852813854,-0.009549071618037,0.7410341628976632,88,0.0159362549800796,40,75,0.0,0.0,0.0,市场情绪强，板块情绪强
2026-07-27,600877.SH,电科芯片,main,11.89,0.048986537871888974,0.0,0.0,-0.0099916736053288,1.2707718291385008,88,0.0159362549800796,40,75,0.0,0.0,0.0,市场情绪强，板块情绪强
2026-07-27,688220.SH,翱捷科技,star,111.77,0.048968681587227794,0.0,0.0370198552607161,0.1212881219903689,1.0248849578061796,88,0.0159362549800796,40,3,0.0,0.0,0.0,市场情绪强
2026-07-27,603798.SH,康普顿,main,11.7,0.048954276113398,0.0,0.056910569105691,0.0344827586206895,0.8402592124727071,88,0.0159362549800796,40,75,0.0,0.0,0.0,短线动量强，市场情绪强，板块情绪强
2026-07-27,688172.SH,燕东微,star,56.33,0.048879813580030906,0.0,-0.1087025316455696,-0.0627287853577371,0.6226565748001314,88,0.0159362549800796,40,3,0.0,0.0,0.0,市场情绪强
2026-07-27,300141.SZ,和顺电气,chinext,9.85,0.04887005193617404,0.0,0.1768219832735962,0.1466821885913853,2.2065666051987054,88,0.0159362549800796,40,10,1.0,0.0,0.0,成交量放大，短线动量强，市场情绪强，板块情绪强，近5日触板记忆
2026-07-27,001359.SZ,平安电工,main,82.87,0.048824177359061,0.0,-0.0725237828763288,-0.1384759330491735,0.589921940217244,88,0.0159362549800796,40,75,0.0,0.0,0.0,市场情绪强，板块情绪强
2026-07-27,603386.SH,骏亚科技,main,11.51,0.04874849175488498,0.0,0.0017406440382941,-0.0642276422764228,0.7150698004487119,88,0.0159362549800796,40,75,0.0,0.0,0.0,市场情绪强，板块情绪强
2026-07-27,002821.SZ,凯莱英,main,158.22,0.04873981264223598,0.0,-0.0665486725663716,-0.0232730415457744,0.7533084989850326,88,0.0159362549800796,40,75,0.0,0.0,0.0,市场情绪强，板块情绪强
2026-07-27,600468.SH,百利电气,main,5.36,0.04869818454540387,0.0,0.0387596899224806,0.0592885375494072,1.3854743756791474,88,0.0159362549800796,40,75,1.0,0.0,0.0,市场情绪强，板块情绪强，近5日触板记忆
2026-07-27,002272.SZ,川润股份,main,15.12,0.04856616442902616,0.0,-0.0752293577981653,-0.1433427762039659,0.5399368139994876,88,0.0159362549800796,40,75,0.0,0.0,0.0,市场情绪强，板块情绪强
2026-07-27,600602.SH,云赛智联,main,17.33,0.048529159908942854,0.0,-0.0945663531870429,-0.0596852957135106,0.7740583433581156,88,0.0159362549800796,40,75,0.0,0.0,0.0,市场情绪强，板块情绪强
2026-07-27,002921.SZ,联诚精密,main,19.44,0.04837703477385342,0.0,-0.073403241182078,-0.169230769230769,0.6100556434527163,88,0.0159362549800796,40,75,0.0,0.0,0.0,市场情绪强，板块情绪强
2026-07-27,301321.SZ,翰博高新,chinext,35.47,0.04834240644055628,0.0,-0.0174515235457064,-0.077743109724389,0.8741302910044337,88,0.0159362549800796,40,10,0.0,0.0,0.0,市场情绪强，板块情绪强
2026-07-27,688661.SH,和林微纳,star,89.7,0.04828124676893101,0.0,-0.0490830064666595,-0.0753530563859395,0.7227498294143745,88,0.0159362549800796,40,3,0.0,0.0,0.0,市场情绪强
2026-07-27,600121.SH,郑州煤电,main,3.64,0.0482515577127793,0.0,-0.0108695652173913,0.064327485380117,0.7952227305926257,88,0.0159362549800796,40,75,1.0,0.0,0.0,市场情绪强，板块情绪强，近5日触板记忆
2026-07-27,001270.SZ,铖昌科技,main,96.67,0.048138533681707035,0.0,-0.0522549019607843,-0.1207022012006548,0.7063683023217838,88,0.0159362549800796,40,75,0.0,0.0,0.0,市场情绪强，板块情绪强
2026-07-27,002448.SZ,中原内配,main,10.85,0.048058750909115974,0.0,0.0027726432532346,0.0849999999999999,0.4908875335153879,88,0.0159362549800796,40,75,1.0,0.0,0.0,市场情绪强，板块情绪强，近5日触板记忆
2026-07-27,603991.SH,领先股份,main,119.44,0.04801750574941769,0.0,-0.0693470469066542,-0.1516442929185311,0.5927696772143827,88,0.0159362549800796,40,75,0.0,0.0,0.0,市场情绪强，板块情绪强
2026-07-27,603130.SH,云中马,main,35.91,0.04800847422726364,0.0,0.0681142177275431,0.0025125628140703,1.03728137934586,88,0.0159362549800796,40,75,0.0,0.0,0.0,短线动量强，市场情绪强，板块情绪强
2026-07-27,300951.SZ,博硕科技,chinext,50.59,0.04793867660449173,0.0,0.203950499762018,0.4315223542727786,1.0487393004084162,88,0.0159362549800796,40,10,0.0,0.0,0.0,短线动量强，市场情绪强，板块情绪强
2026-07-27,002365.SZ,永安药业,main,11.63,0.04792886801746589,0.0,-0.0443714050944945,-0.0769841269841269,0.6151190689720675,88,0.0159362549800796,40,75,0.0,0.0,0.0,市场情绪强，板块情绪强
2026-07-27,002062.SZ,宏润建设,main,7.48,0.04788945983679673,0.0,0.0476190476190476,0.0655270655270656,1.4896834070505305,88,0.0159362549800796,40,75,0.0,0.0,0.0,市场情绪强，板块情绪强
2026-07-27,603818.SH,曲美家居,main,3.09,0.04783848038028287,0.0,0.1115107913669064,-0.0221518987341773,0.6256561395353087,88,0.0159362549800796,40,75,0.0,0.0,0.0,短线动量强，市场情绪强，板块情绪强
2026-07-27,603290.SH,斯达半导,main,83.78,0.04781373395464852,0.0,-0.0562126844654725,-0.0495745887691435,0.5425803493659659,88,0.0159362549800796,40,75,0.0,0.0,0.0,市场情绪强，板块情绪强
2026-07-27,300093.SZ,金刚光伏,chinext,20.3,0.04780957143780328,0.0,0.0119641076769692,0.1265260821309657,0.8281490180382554,88,0.0159362549800796,40,10,1.0,0.0,0.0,市场情绪强，板块情绪强，近5日触板记忆
2026-07-27,688502.SH,茂莱光学,star,358.0,0.04780669564829484,0.0,-0.14272030651341,-0.2130138491976257,0.5424156797000342,88,0.0159362549800796,40,3,0.0,0.0,0.0,市场情绪强
2026-07-27,605287.SH,德才股份,main,30.13,0.04780000568443993,0.0,-0.0528135806350203,-0.0754832770788587,0.5554876617126642,88,0.0159362549800796,40,75,0.0,0.0,0.0,市场情绪强，板块情绪强
2026-07-27,300137.SZ,先河环保,chinext,12.04,0.047765803501086494,0.0,-0.0123051681706316,0.0506108202443278,0.3814193835223732,88,0.0159362549800796,40,10,1.0,0.0,0.0,市场情绪强，板块情绪强，近5日触板记忆
2026-07-27,002487.SZ,大金重工,main,38.19,0.04772612454259845,0.0,-0.0044316996871741,0.0219427348140219,1.4937275370744216,88,0.0159362549800796,40,75,0.0,0.0,0.0,市场情绪强，板块情绪强
2026-07-27,688003.SH,天准科技,star,74.19,0.04770044080224731,0.0,-0.0697178683385579,-0.0086851950828434,0.6118597802333932,88,0.0159362549800796,40,3,1.0,0.0,0.0,市场情绪强，近5日触板记忆
2026-07-27,600152.SH,维科技术,main,7.21,0.04769765544249814,0.0,0.0013888888888888,0.0041782729805013,0.610825981083877,88,0.0159362549800796,40,75,0.0,0.0,0.0,市场情绪强，板块情绪强
2026-07-27,002860.SZ,星帅尔,main,17.79,0.04763644789343205,0.0,0.0520402128917798,0.0995055624227441,1.465135540180626,88,0.0159362549800796,40,75,0.0,0.0,0.0,短线动量强，市场情绪强，板块情绪强
2026-07-27,688257.SH,新锐股份,star,57.95,0.04729910804492781,0.0,-0.1137788652699188,-0.1487955346650998,0.6332909380880084,88,0.0159362549800796,40,3,0.0,0.0,0.0,市场情绪强
2026-07-27,000720.SZ,新能泰山,main,3.23,0.0472690572919994,0.0,0.0062305295950155,0.0590163934426231,0.7204955111678223,88,0.0159362549800796,40,75,1.0,1.0,0.0,市场情绪强，板块情绪强，近5日触板记忆
2026-07-27,600909.SH,华安证券,main,9.01,0.04713596401652549,0.0,0.0662721893491125,0.1028151774785801,1.0481619336758146,88,0.0159362549800796,40,75,0.0,0.0,0.0,短线动量强，市场情绪强，板块情绪强
2026-07-27,300164.SZ,通源石油,chinext,11.94,0.047113629343794955,0.0,0.0727762803234499,0.1393129770992365,0.9637272903295538,88,0.0159362549800796,40,10,0.0,0.0,0.0,短线动量强，市场情绪强，板块情绪强
2026-07-27,603978.SH,深圳新星,main,17.62,0.04709699593453028,0.0,-0.0005672149744752,-0.0302696752889378,0.881145291405186,88,0.0159362549800796,40,75,0.0,0.0,0.0,市场情绪强，板块情绪强
2026-07-27,002843.SZ,泰嘉股份,main,16.87,0.04707556726264883,0.0,-0.0310166570936243,-0.0831521739130433,0.5390290247892507,88,0.0159362549800796,40,75,0.0,0.0,0.0,市场情绪强，板块情绪强
2026-07-27,603067.SH,振华股份,main,29.32,0.047058478167897246,0.0,-0.096177558569667,-0.0950617283950616,0.912297099114409,88,0.0159362549800796,40,75,0.0,0.0,0.0,市场情绪强，板块情绪强
2026-07-27,601126.SH,四方股份,main,41.72,0.046999458274877746,0.0,-0.0695807314897414,-0.0624719101123595,0.7891448882313712,88,0.0159362549800796,40,75,0.0,0.0,0.0,市场情绪强，板块情绪强
2026-07-27,600756.SH,浪潮软件,main,13.87,0.04697047098862941,0.0,-0.0615696887686062,0.0861393891934221,0.6151547249574131,88,0.0159362549800796,40,75,1.0,0.0,0.0,市场情绪强，板块情绪强，近5日触板记忆
2026-07-27,600118.SH,中国卫星,main,57.78,0.046950199063248495,0.0,-0.0572687224669603,-0.0732959101844427,0.6482902885337452,88,0.0159362549800796,40,75,0.0,0.0,0.0,市场情绪强，板块情绪强
2026-07-27,000970.SZ,中科三环,main,12.93,0.04694777635241244,0.0,0.0189125295508274,-0.0393759286775632,0.6123838401764716,88,0.0159362549800796,40,75,0.0,0.0,0.0,市场情绪强，板块情绪强
2026-07-27,605566.SH,福莱蒽特,main,21.7,0.046934096687617555,0.0,-0.0499124343257443,-0.0843881856540084,0.7197888662376886,88,0.0159362549800796,40,75,0.0,0.0,0.0,市场情绪强，板块情绪强
2026-07-27,688020.SH,方邦股份,star,107.49,0.046917844432344376,0.0,-0.1107710125744539,-0.2430281690140845,0.6725468215920205,88,0.0159362549800796,40,3,0.0,0.0,0.0,市场情绪强
2026-07-27,600301.SH,华锡有色,main,39.6,0.04685800892631394,0.0,-0.0030211480362537,0.016949152542373,0.603435384582519,88,0.0159362549800796,40,75,0.0,0.0,0.0,市场情绪强，板块情绪强
2026-07-27,000070.SZ,特发信息,main,13.0,0.046816829805530445,0.0,-0.0545454545454545,-0.037037037037037,0.6425289760930304,88,0.0159362549800796,40,75,0.0,0.0,0.0,市场情绪强，板块情绪强
2026-07-27,000679.SZ,大连友谊,main,5.14,0.04678811755737893,0.0,-0.020952380952381,-0.1475953565505805,0.6370946432781047,88,0.0159362549800796,40,75,0.0,0.0,0.0,市场情绪强，板块情绪强
2026-07-27,300666.SZ,江丰电子,chinext,229.47,0.046770706511182855,0.0,-0.0307906741003547,0.052421574023115,0.7488484111693835,88,0.0159362549800796,40,10,0.0,0.0,0.0,市场情绪强，板块情绪强
2026-07-27,000547.SZ,航天发展,main,13.83,0.04674303066856943,0.0,0.0154185022026431,0.0161645848640705,0.9502779502243828,88,0.0159362549800796,40,75,0.0,0.0,0.0,市场情绪强，板块情绪强
2026-07-27,002990.SZ,盛视科技,main,46.76,0.04664798090766539,0.0,-0.0566875126084325,-0.0511363636363636,0.7216681942427954,88,0.0159362549800796,40,75,0.0,0.0,0.0,市场情绪强，板块情绪强
2026-07-27,600863.SH,华能蒙电,main,4.88,0.04652455502573419,0.0,-0.0542635658914729,0.0701754385964912,0.7011571709593053,88,0.0159362549800796,40,75,1.0,0.0,0.0,市场情绪强，板块情绪强，近5日触板记忆
2026-07-27,002929.SZ,润建股份,main,49.9,0.04649933523842436,0.0,-0.0418586789554531,-0.0051834130781498,0.6466019313160735,88,0.0159362549800796,40,75,0.0,0.0,0.0,市场情绪强，板块情绪强
2026-07-27,605389.SH,长龄液压,main,72.0,0.046477845510295615,0.0,-0.0345937248592115,-0.0822179732313576,0.6439372941520546,88,0.0159362549800796,40,75,0.0,0.0,0.0,市场情绪强，板块情绪强
2026-07-27,002283.SZ,天润工业,main,7.89,0.0464606314044981,0.0,0.0300261096605742,0.0367936925098553,0.982567415149294,88,0.0159362549800796,40,75,0.0,0.0,0.0,市场情绪强，板块情绪强
2026-07-27,000899.SZ,赣能股份,main,10.32,0.04645946282726923,0.0,-0.0660633484162895,-0.0355140186915886,0.7311998151980234,88,0.0159362549800796,40,75,1.0,0.0,0.0,市场情绪强，板块情绪强，近5日触板记忆
2026-07-27,002947.SZ,恒铭达,main,56.12,0.046324989462320706,0.0,-0.0157839354612417,-0.0072527861312577,0.637250386604781,88,0.0159362549800796,40,75,0.0,0.0,0.0,市场情绪强，板块情绪强
2026-07-27,002979.SZ,雷赛智能,main,58.28,0.046234318539524796,0.0,0.0304101838755304,0.0407142857142857,0.6569873885321802,88,0.0159362549800796,40,75,0.0,0.0,0.0,市场情绪强，板块情绪强
2026-07-27,003019.SZ,宸展光电,main,22.92,0.046169897191764495,0.0,0.0186666666666668,-0.0292249047013976,1.00887976753438,88,0.0159362549800796,40,75,0.0,0.0,0.0,市场情绪强，板块情绪强
2026-07-27,301396.SZ,宏景科技,chinext,179.34,0.04615874939651757,0.0,-0.1262362971985383,-0.0684604196966549,0.7686555846073341,88,0.0159362549800796,40,10,0.0,0.0,0.0,市场情绪强，板块情绪强
2026-07-27,300834.SZ,星辉环材,chinext,38.64,0.04614065283740066,0.0,0.2177749763630634,0.1635049683830172,1.0695523036210817,88,0.0159362549800796,40,10,1.0,0.0,0.0,短线动量强，市场情绪强，板块情绪强，近5日触板记忆
2026-07-27,605011.SH,杭州热电,main,16.86,0.04612832676815601,0.0,-0.0731170973062123,-0.0876623376623376,0.721668572448837,88,0.0159362549800796,40,75,1.0,1.0,0.0,市场情绪强，板块情绪强，近5日触板记忆
2026-07-27,688720.SH,艾森股份,star,65.23,0.046065596933124585,0.0,-0.1013913762226201,-0.0199819711538461,0.6525297354821622,88,0.0159362549800796,40,3,0.0,0.0,0.0,市场情绪强
2026-07-27,000628.SZ,高新发展,main,35.76,0.046008642585335165,0.0,0.0211307824100512,0.0287686996547755,0.669350929185933,88,0.0159362549800796,40,75,0.0,0.0,0.0,市场情绪强，板块情绪强
2026-07-27,301115.SZ,联检科技,chinext,23.0,0.04580215880410553,0.0,-0.0299451708140026,-0.0811026767878546,0.7953880831052326,88,0.0159362549800796,40,10,0.0,0.0,0.0,市场情绪强，板块情绪强
2026-07-27,001400.SZ,江顺科技,main,67.1,0.04572511091412023,0.0,-0.0430690245293783,-0.0989660265878877,0.6534348093734936,88,0.0159362549800796,40,75,0.0,0.0,0.0,市场情绪强，板块情绪强
2026-07-27,603601.SH,再升科技,main,7.94,0.04571601182452892,0.0,-0.0136645962732919,-0.0387409200968522,0.6730773366084458,88,0.0159362549800796,40,75,0.0,0.0,0.0,市场情绪强，板块情绪强
2026-07-27,600536.SH,中国软件,main,30.56,0.045695851704824215,0.0,-0.0912875408861136,-0.0640122511485451,0.8293760622242273,88,0.0159362549800796,40,75,1.0,1.0,0.0,市场情绪强，板块情绪强，近5日触板记忆
2026-07-27,000893.SZ,亚钾国际,main,46.37,0.045667774901484874,0.0,0.006730351715154,0.0887532284573842,0.983137281368628,88,0.0159362549800796,40,75,0.0,0.0,0.0,市场情绪强，板块情绪强
2026-07-27,600936.SH,北投科技,main,4.96,0.04558884129990475,0.0,0.0759219088937093,0.087719298245614,0.8167842967464047,88,0.0159362549800796,40,75,1.0,1.0,0.0,短线动量强，市场情绪强，板块情绪强，近5日触板记忆
2026-07-27,001266.SZ,宏英智能,main,30.63,0.04555356107534962,0.0,0.0179461615154536,-0.0306962025316456,0.7007553522000772,88,0.0159362549800796,40,75,0.0,0.0,0.0,市场情绪强，板块情绪强
2026-07-27,002309.SZ,中利集团,main,2.78,0.045510636875238965,0.0,0.0072463768115942,0.0530303030303029,0.9366945543082132,88,0.0159362549800796,40,75,1.0,1.0,0.0,市场情绪强，板块情绪强，近5日触板记忆
2026-07-27,603458.SH,勘设股份,main,7.7,0.045433270572897505,0.0,0.1,0.0078534031413612,0.8263958045681936,88,0.0159362549800796,40,75,0.0,0.0,0.0,短线动量强，市场情绪强，板块情绪强
2026-07-27,003004.SZ,声迅股份,main,57.0,0.04541556178992176,0.0,-0.0479371972607315,-0.1074224866896336,0.4614983678053803,88,0.0159362549800796,40,75,0.0,0.0,0.0,市场情绪强，板块情绪强
2026-07-27,000839.SZ,国安股份,main,2.47,0.04538286851224675,0.0,0.0291666666666667,0.0421940928270041,0.8784761460568619,88,0.0159362549800796,40,75,1.0,0.0,0.0,市场情绪强，板块情绪强，近5日触板记忆
2026-07-27,688485.SH,九州一轨,star,48.28,0.04526505315476248,0.0,-0.0242522231204526,0.0224481152054214,0.6696457058869694,88,0.0159362549800796,40,3,0.0,0.0,0.0,市场情绪强
2026-07-27,600989.SH,宝丰能源,main,23.38,0.04526276022703057,0.0,0.0358883473637572,0.0976525821596243,0.7972875581716472,88,0.0159362549800796,40,75,1.0,1.0,0.0,市场情绪强，板块情绪强，近5日触板记忆
2026-07-27,300643.SZ,万通智控,chinext,19.9,0.045245928431623325,0.0,0.0675965665236051,0.1692126909518212,0.7452745877432815,88,0.0159362549800796,40,10,1.0,0.0,0.0,短线动量强，市场情绪强，板块情绪强，近5日触板记忆
2026-07-27,603020.SH,爱普股份,main,9.08,0.045218317654697235,0.0,-0.0855991943605236,-0.1433962264150943,0.5222517587666383,88,0.0159362549800796,40,75,0.0,0.0,0.0,市场情绪强，板块情绪强
2026-07-27,002805.SZ,丰元股份,main,16.53,0.04519632648602144,0.0,-0.0101796407185628,-0.085730088495575,0.7314799036528864,88,0.0159362549800796,40,75,0.0,0.0,0.0,市场情绪强，板块情绪强
2026-07-27,001288.SZ,运机集团,main,25.0,0.045017099335287025,0.0,0.0052271813429833,0.1973180076628353,0.5314121917052868,88,0.0159362549800796,40,75,1.0,0.0,0.0,市场情绪强，板块情绪强，近5日触板记忆
2026-07-27,688498.SH,源杰科技,star,1390.0,0.045008594075848334,0.0,-0.0794701986754966,-0.1606280193236715,0.5670181774498869,88,0.0159362549800796,40,3,0.0,0.0,0.0,市场情绪强
2026-07-27,002828.SZ,贝肯能源,main,12.43,0.0449680831289088,0.0,0.0660377358490564,0.0454163162321277,1.211571080134418,88,0.0159362549800796,40,75,0.0,0.0,0.0,短线动量强，市场情绪强，板块情绪强
2026-07-27,603040.SH,新坐标,main,50.38,0.04484808962885119,0.0,-0.080153368632463,-0.1040369909301084,0.6253511489276866,88,0.0159362549800796,40,75,0.0,0.0,0.0,市场情绪强，板块情绪强
2026-07-27,002669.SZ,康达新材,main,10.97,0.04472429394565348,0.0,-0.041083916083916,0.0129270544783011,0.5939188354915498,88,0.0159362549800796,40,75,1.0,0.0,0.0,市场情绪强，板块情绪强，近5日触板记忆
2026-07-27,000973.SZ,佛塑科技,main,11.97,0.04471632538413167,0.0,0.0230769230769232,0.0390625,1.0807050711914223,88,0.0159362549800796,40,75,0.0,0.0,0.0,市场情绪强，板块情绪强
2026-07-27,300223.SZ,北京君正,chinext,143.65,0.04468303250196663,0.0,-0.1449404761904761,-0.0661162397607592,0.789336729448697,88,0.0159362549800796,40,10,0.0,0.0,0.0,市场情绪强，板块情绪强
2026-07-27,688167.SH,炬光科技,star,203.7,0.044624500126636796,0.0,-0.0873655913978495,-0.063620483589225,0.6043217642079075,88,0.0159362549800796,40,3,0.0,0.0,0.0,市场情绪强
2026-07-27,301200.SZ,大族数控,chinext,260.34,0.044569566610121666,0.0,0.003391659600709,0.0157627779945375,0.9806423640834182,88,0.0159362549800796,40,10,0.0,0.0,0.0,市场情绪强，板块情绪强
2026-07-27,600671.SH,天目药业,main,19.33,0.044501888838425825,0.0,-0.0524509803921569,-0.0693307655272027,0.5237201968757839,88,0.0159362549800796,40,75,0.0,0.0,0.0,市场情绪强，板块情绪强
2026-07-27,301511.SZ,德福科技,chinext,75.48,0.04447300686796009,0.0,-0.1065340909090909,-0.215547703180212,0.6088566790598887,88,0.0159362549800796,40,10,0.0,0.0,0.0,市场情绪强，板块情绪强
2026-07-27,001317.SZ,三羊马,main,47.1,0.04445397501275973,0.0,0.0379021595416482,0.0201429499675114,0.8650313529540978,88,0.0159362549800796,40,75,0.0,0.0,0.0,市场情绪强，板块情绪强
2026-07-27,000703.SZ,恒逸石化,main,15.05,0.04439253071362249,0.0,0.0280054644808742,0.0273037542662115,1.0586432133684869,88,0.0159362549800796,40,75,0.0,0.0,0.0,市场情绪强，板块情绪强
2026-07-27,301611.SZ,珂玛科技,chinext,94.6,0.04424195404415622,0.0,-0.1172902864607633,-0.1080520460116916,0.887607021152856,88,0.0159362549800796,40,10,0.0,0.0,0.0,市场情绪强，板块情绪强
2026-07-27,605298.SH,必得科技,main,44.71,0.044201931072364954,0.0,0.0612390220745311,0.0645238095238096,0.7462262672445921,88,0.0159362549800796,40,75,0.0,0.0,0.0,短线动量强，市场情绪强，板块情绪强
2026-07-27,688535.SH,华海诚科,star,103.5,0.04415046144456935,0.0,-0.0758928571428571,-0.0729959695476937,0.7705407489175767,88,0.0159362549800796,40,3,0.0,0.0,0.0,市场情绪强
2026-07-27,603159.SH,上海亚虹,main,17.66,0.044099238965392425,0.0,-0.0307354555433588,-0.0433369447453955,0.4421649640750602,88,0.0159362549800796,40,75,1.0,1.0,0.0,市场情绪强，板块情绪强，近5日触板记忆
2026-07-27,688700.SH,东威科技,star,58.48,0.04408729138979031,0.0,-0.0197787462286288,0.0048109965635738,1.0946558988505517,88,0.0159362549800796,40,3,0.0,0.0,0.0,市场情绪强
2026-07-27,301070.SZ,开勒股份,chinext,59.12,0.044033507959393314,0.0,-0.0078872294009062,-0.0146666666666667,0.5112067246890444,88,0.0159362549800796,40,10,0.0,0.0,0.0,市场情绪强，板块情绪强
2026-07-27,600676.SH,交运股份,main,6.56,0.044033503934344874,0.0,0.0412698412698413,-0.0194319880418536,1.1500281596414488,88,0.0159362549800796,40,75,0.0,0.0,0.0,市场情绪强，板块情绪强
2026-07-27,001326.SZ,联域股份,main,45.13,0.04402942253556843,0.0,-0.0290447504302925,-0.0892028254288596,0.8819263405859198,88,0.0159362549800796,40,75,0.0,0.0,0.0,市场情绪强，板块情绪强
2026-07-27,002289.SZ,宇顺电子,main,33.4,0.04394724840661154,0.0,-0.0176470588235294,-0.0538243626062322,0.5870657555644714,88,0.0159362549800796,40,75,0.0,0.0,0.0,市场情绪强，板块情绪强
2026-07-27,605366.SH,宏柏新材,main,7.09,0.043940194145464996,0.0,-0.030095759233926,-0.1013941698352344,0.705918844341254,88,0.0159362549800796,40,75,0.0,0.0,0.0,市场情绪强，板块情绪强
2026-07-27,688530.SH,欧莱新材,star,51.26,0.04390855713757806,0.0,-0.0879003558718861,-0.103219034289713,0.950677470227449,88,0.0159362549800796,40,3,0.0,0.0,0.0,市场情绪强
2026-07-27,002414.SZ,高德红外,main,14.36,0.04384184549663222,0.0,0.0119802677942213,0.0920152091254751,1.28094292869266,88,0.0159362549800796,40,75,0.0,0.0,0.0,市场情绪强，板块情绪强
2026-07-27,600141.SH,兴发集团,main,29.62,0.04383634553415607,0.0,0.0123034859876964,0.0206753962784287,1.0600616128061238,88,0.0159362549800796,40,75,0.0,0.0,0.0,市场情绪强，板块情绪强
2026-07-27,600497.SH,驰宏锌锗,main,8.91,0.04375703411264514,0.0,-0.0325732899022802,0.0090600226500565,0.7873294212030871,88,0.0159362549800796,40,75,0.0,0.0,0.0,市场情绪强，板块情绪强
2026-07-27,002653.SZ,海思科,main,66.12,0.043745350253057605,0.0,-0.0758909853249475,-0.0722604181282445,1.1029563945648415,88,0.0159362549800796,40,75,0.0,0.0,0.0,市场情绪强，板块情绪强
2026-07-27,600331.SH,宏达股份,main,11.8,0.04367032385549842,0.0,0.0260869565217392,0.0621062106210621,0.8864992406924888,88,0.0159362549800796,40,75,0.0,0.0,0.0,市场情绪强，板块情绪强
2026-07-27,603880.SH,南卫股份,main,5.87,0.043655148999657986,0.0,0.0017064846416381,-0.0770440251572327,0.587649922358164,88,0.0159362549800796,40,75,0.0,0.0,0.0,市场情绪强，板块情绪强
2026-07-27,603327.SH,福蓉科技,main,8.46,0.043613329656496315,0.0,0.0342298288508557,-0.0386363636363635,0.8174975036657169,88,0.0159362549800796,40,75,0.0,0.0,0.0,市场情绪强，板块情绪强
2026-07-27,600929.SH,雪天盐业,main,5.37,0.04351896750247959,0.0,0.028735632183908,0.1598272138228942,0.9199709416931,88,0.0159362549800796,40,75,0.0,0.0,0.0,市场情绪强，板块情绪强
2026-07-27,600703.SH,三安光电,main,11.77,0.04351116997819725,0.0,-0.0568910256410256,-0.0546184738955822,0.6069476291856466,88,0.0159362549800796,40,75,0.0,0.0,0.0,市场情绪强，板块情绪强
2026-07-27,001301.SZ,尚太科技,main,55.7,0.04342980047807185,0.0,0.0629770992366414,0.1218529707955691,1.1139875266765034,88,0.0159362549800796,40,75,0.0,0.0,0.0,短线动量强，市场情绪强，板块情绪强
2026-07-27,603637.SH,镇海股份,main,10.72,0.0434163465156512,0.0,-0.0420017873100981,-0.1066666666666665,0.7729037405269938,88,0.0159362549800796,40,75,0.0,0.0,0.0,市场情绪强，板块情绪强
2026-07-27,002361.SZ,神剑股份,main,9.2,0.04336954207762547,0.0,-0.0212765957446809,-0.0376569037656905,0.7787522146378024,88,0.0159362549800796,40,75,0.0,0.0,0.0,市场情绪强，板块情绪强
2026-07-27,688652.SH,京仪装备,star,150.64,0.04336674502102684,0.0,-0.0758282208588957,-0.0179281569854619,0.8897444661317908,88,0.0159362549800796,40,3,0.0,0.0,0.0,市场情绪强
2026-07-27,688216.SH,气派科技,star,28.48,0.04334943777368455,0.0,-0.0662295081967212,-0.0795087265675501,0.6719765845057046,88,0.0159362549800796,40,3,0.0,0.0,0.0,市场情绪强
2026-07-27,688728.SH,格科微,star,16.4,0.04333729967871729,0.0,-0.029585798816568,0.0704960835509136,0.6097969277560256,88,0.0159362549800796,40,3,1.0,0.0,0.0,市场情绪强，近5日触板记忆
2026-07-27,603626.SH,科森科技,main,12.9,0.043334327827633586,0.0,-0.0300751879699248,-0.0665701881331404,0.5924354621808171,88,0.0159362549800796,40,75,0.0,0.0,0.0,市场情绪强，板块情绪强
2026-07-27,605168.SH,三人行,main,34.07,0.043265059126100035,0.0,-0.0453908657887363,-0.0668310052040536,0.5555860355822535,88,0.0159362549800796,40,75,0.0,0.0,0.0,市场情绪强，板块情绪强
2026-07-27,002812.SZ,恩捷股份,main,51.84,0.04324268920562167,0.0,0.0365926814637074,0.0334928229665072,1.0964769585459242,88,0.0159362549800796,40,75,0.0,0.0,0.0,市场情绪强，板块情绪强
2026-07-27,603226.SH,菲林格尔,main,44.4,0.04320615562222576,0.0,-0.0250329380764163,0.0685920577617329,0.4340036324202768,88,0.0159362549800796,40,75,1.0,1.0,0.0,市场情绪强，板块情绪强，近5日触板记忆
2026-07-27,002072.SZ,凯瑞德,main,6.75,0.04319243559854547,0.0,0.08,-0.0044247787610619,0.7519614047348465,88,0.0159362549800796,40,75,0.0,0.0,0.0,短线动量强，市场情绪强，板块情绪强
2026-07-27,688419.SH,耐科装备,star,39.6,0.04316080483758688,0.0,-0.0898643989887381,-0.1588785046728971,0.6485433682603283,88,0.0159362549800796,40,3,0.0,0.0,0.0,市场情绪强
2026-07-27,301421.SZ,波长光电,chinext,66.33,0.04313275302867754,0.0,-0.0556662870159453,-0.0142666072224699,0.6379272367257767,88,0.0159362549800796,40,10,1.0,0.0,0.0,市场情绪强，板块情绪强，近5日触板记忆
2026-07-27,600594.SH,益佰制药,main,3.3,0.043110763911365285,0.0,0.0185185185185183,-0.0265486725663717,1.103966356002528,88,0.0159362549800796,40,75,1.0,0.0,0.0,市场情绪强，板块情绪强，近5日触板记忆
2026-07-27,002638.SZ,勤上股份,main,3.48,0.043110455483943405,0.0,0.0116279069767442,0.0265486725663717,1.0307433423444678,88,0.0159362549800796,40,75,0.0,0.0,0.0,市场情绪强，板块情绪强
2026-07-27,688353.SH,华盛锂电,star,96.0,0.0431073978839676,0.0,0.0747872816838335,0.0847457627118644,1.1507210595959714,88,0.0159362549800796,40,3,0.0,0.0,0.0,短线动量强，市场情绪强
2026-07-27,002558.SZ,巨人网络,main,24.18,0.04306836778290892,0.0,-0.1904921325744895,-0.1696428571428572,0.8515411554693727,88,0.0159362549800796,40,75,0.0,0.0,0.0,市场情绪强，板块情绪强
2026-07-27,002631.SZ,德尔未来,main,6.04,0.04305758533515649,0.0,-0.0606531881804043,-0.1782312925170067,0.6934565229328227,88,0.0159362549800796,40,75,0.0,0.0,0.0,市场情绪强，板块情绪强
2026-07-27,002158.SZ,汉钟精机,main,24.86,0.04295972684260071,0.0,-0.0565464895635674,-0.0748046148120581,0.6334597028797453,88,0.0159362549800796,40,75,0.0,0.0,0.0,市场情绪强，板块情绪强
2026-07-27,001395.SZ,亚联机械,main,27.08,0.042958706405118625,0.0,-0.161350263239393,-0.2,0.8134788555079332,88,0.0159362549800796,40,75,0.0,0.0,0.0,市场情绪强，板块情绪强
2026-07-27,002795.SZ,永和智控,main,5.25,0.04291390498746412,0.0,0.0396039603960396,-0.0789473684210526,0.5603755044919385,88,0.0159362549800796,40,75,0.0,0.0,0.0,市场情绪强，板块情绪强
2026-07-27,601038.SH,一拖股份,main,13.8,0.042855187295908315,0.0,0.0007251631617115,0.1596638655462186,0.6784979749811676,88,0.0159362549800796,40,75,1.0,0.0,0.0,市场情绪强，板块情绪强，近5日触板记忆
2026-07-27,605099.SH,共创草坪,main,31.2,0.04284219464089547,0.0,0.035512777962164,0.0348258706467661,1.7048339409075604,88,0.0159362549800796,40,75,0.0,0.0,0.0,成交量放大，市场情绪强，板块情绪强
2026-07-27,688432.SH,有研硅,star,36.82,0.042787477862045425,0.0,-0.2083422919802192,-0.0529835390946502,0.905146938201154,88,0.0159362549800796,40,3,0.0,0.0,0.0,市场情绪强
2026-07-27,603175.SH,超颖电子,main,78.3,0.04278241530000105,0.0,0.0038461538461538,0.0057803468208093,0.5082920638555711,88,0.0159362549800796,40,75,0.0,0.0,0.0,市场情绪强，板块情绪强
2026-07-27,301182.SZ,凯旺科技,chinext,56.02,0.04268578775349907,0.0,-0.0916166693692233,-0.1512121212121211,0.5616313785866079,88,0.0159362549800796,40,10,0.0,0.0,0.0,市场情绪强，板块情绪强
2026-07-27,688090.SH,瑞松科技,star,61.7,0.04263496284414127,0.0,-0.0529547198772064,-0.1330616832935225,0.7182449881890831,88,0.0159362549800796,40,3,0.0,0.0,0.0,市场情绪强
2026-07-27,002886.SZ,沃特股份,main,17.45,0.04259876072254528,0.0,-0.0141242937853107,-0.0500816548720741,0.676475896907601,88,0.0159362549800796,40,75,0.0,0.0,0.0,市场情绪强，板块情绪强
2026-07-27,002077.SZ,大港股份,main,12.01,0.04255771676611447,0.0,-0.0337892196299275,-0.0949510173323285,0.8053680686808052,88,0.0159362549800796,40,75,0.0,0.0,0.0,市场情绪强，板块情绪强
2026-07-27,600888.SH,新疆众和,main,8.77,0.04252947014530397,0.0,-0.063034188034188,-0.0797481636935991,0.6928301951386883,88,0.0159362549800796,40,75,0.0,0.0,0.0,市场情绪强，板块情绪强
2026-07-27,001256.SZ,炜冈科技,main,22.52,0.04249977007927485,0.0,0.0269037847697217,-0.0272138228941684,0.953771293228546,88,0.0159362549800796,40,75,0.0,0.0,0.0,市场情绪强，板块情绪强
2026-07-27,603380.SH,易德龙,main,32.75,0.04248095860808779,0.0,-0.064820102798401,-0.0602582496413199,0.5203190365078961,88,0.0159362549800796,40,75,0.0,0.0,0.0,市场情绪强，板块情绪强
2026-07-27,600961.SH,株冶集团,main,22.5,0.04229544644153039,0.0,-0.0392826643894108,0.0171790235081374,0.7001459133905275,88,0.0159362549800796,40,75,0.0,0.0,0.0,市场情绪强，板块情绪强
2026-07-27,002079.SZ,苏州固锝,main,8.53,0.042282782568928,0.0,-0.0605726872246696,-0.0758396533044422,0.5600822378784687,88,0.0159362549800796,40,75,0.0,0.0,0.0,市场情绪强，板块情绪强
2026-07-27,000007.SZ,全新好,main,9.34,0.04221863995628081,0.0,0.054176072234763,-0.0074388947927737,0.7584144728605035,88,0.0159362549800796,40,75,0.0,0.0,0.0,短线动量强，市场情绪强，板块情绪强
2026-07-27,600032.SH,浙江新能,main,7.1,0.04211359564017658,0.0,-0.0469798657718121,0.004243281471004,0.7192159786723312,88,0.0159362549800796,40,75,1.0,0.0,0.0,市场情绪强，板块情绪强，近5日触板记忆
2026-07-27,000534.SZ,万泽股份,main,24.98,0.04208595801560939,0.0,-0.0008,0.0408333333333332,0.6757216848752792,88,0.0159362549800796,40,75,0.0,0.0,0.0,市场情绪强，板块情绪强
2026-07-27,002838.SZ,道恩股份,main,26.53,0.04207211023234992,0.0,-0.052838272045698,-0.0625441696113073,0.4672514683406886,88,0.0159362549800796,40,75,0.0,0.0,0.0,市场情绪强，板块情绪强
2026-07-27,603777.SH,来伊份,main,12.77,0.04196473506402626,0.0,0.0722082283795129,-0.0340393343419063,0.6025458530495205,88,0.0159362549800796,40,75,0.0,0.0,0.0,短线动量强，市场情绪强，板块情绪强
2026-07-27,300420.SZ,五洋自控,chinext,6.33,0.04192301774367558,0.0,-0.0552238805970148,-0.0394537177541729,0.7584854632183106,88,0.0159362549800796,40,10,0.0,0.0,0.0,市场情绪强，板块情绪强
2026-07-27,603682.SH,锦和商管,main,7.71,0.04191291121029908,0.0,-0.0025873221216041,-0.0446096654275093,0.5597765166726837,88,0.0159362549800796,40,75,0.0,0.0,0.0,市场情绪强，板块情绪强
2026-07-27,600785.SH,新华百货,main,7.72,0.04189464555048654,0.0,-0.0289308176100629,-0.1023255813953488,0.5120186791479137,88,0.0159362549800796,40,75,0.0,0.0,0.0,市场情绪强，板块情绪强
2026-07-27,688143.SH,长盈通,star,96.84,0.041861476251857925,0.0,-0.1196363636363636,-0.0480684163963432,0.5627105346003244,88,0.0159362549800796,40,3,0.0,0.0,0.0,市场情绪强
2026-07-27,002126.SZ,银轮股份,main,40.9,0.04185151297963183,0.0,-0.0632157581310123,-0.0543352601156069,0.6076824706848438,88,0.0159362549800796,40,75,0.0,0.0,0.0,市场情绪强，板块情绪强
2026-07-27,603519.SH,立霸股份,main,14.7,0.04183037247817908,0.0,-0.071969696969697,-0.0869565217391306,0.8957963793758461,88,0.0159362549800796,40,75,1.0,1.0,0.0,市场情绪强，板块情绪强，近5日触板记忆
2026-07-27,002899.SZ,英派斯,main,17.8,0.0418083328006096,0.0,-0.0011223344556677,-0.0572033898305084,1.09888874502389,88,0.0159362549800796,40,75,0.0,0.0,0.0,市场情绪强，板块情绪强
2026-07-27,002056.SZ,横店东磁,main,21.18,0.04180241326606737,0.0,-0.0726795096322241,-0.1189683860232945,0.8373215887510653,88,0.0159362549800796,40,75,0.0,0.0,0.0,市场情绪强，板块情绪强
2026-07-27,002760.SZ,凤形股份,main,15.07,0.04179195467042367,0.0,-0.0059366754617413,-0.110914454277286,0.4622115295490423,88,0.0159362549800796,40,75,0.0,0.0,0.0,市场情绪强，板块情绪强
2026-07-27,002747.SZ,埃斯顿,main,30.04,0.04172212375900835,0.0,-0.101405922823811,-0.2134066509557475,0.6990275466022559,88,0.0159362549800796,40,75,0.0,0.0,0.0,市场情绪强，板块情绪强
2026-07-27,300936.SZ,中英科技,chinext,61.83,0.0417136230918439,0.0,-0.0980306345733041,-0.1172187321530554,0.7248258701641134,88,0.0159362549800796,40,10,0.0,0.0,0.0,市场情绪强，板块情绪强
2026-07-27,688392.SH,骄成超声,star,153.01,0.04169984284782174,0.0,-0.0795837343599615,-0.0115633074935401,0.6402129127323973,88,0.0159362549800796,40,3,0.0,0.0,0.0,市场情绪强
2026-07-27,600884.SH,杉杉股份,main,12.31,0.041682989559107715,0.0,-0.0112449799196786,0.0458793542905693,0.7586380588976451,88,0.0159362549800796,40,75,1.0,0.0,0.0,市场情绪强，板块情绪强，近5日触板记忆
2026-07-27,688693.SH,锴威特,star,59.8,0.04161899067298771,0.0,-0.0755912814963672,-0.0694055399937754,0.6224844808721481,88,0.0159362549800796,40,3,0.0,0.0,0.0,市场情绪强
2026-07-27,603990.SH,麦迪科技,main,17.46,0.04157989873357088,0.0,0.0423880597014925,0.0104166666666667,0.8095605757059287,88,0.0159362549800796,40,75,0.0,0.0,0.0,市场情绪强，板块情绪强
2026-07-27,000555.SZ,神州信息,main,10.13,0.04156498750880491,0.0,-0.0343183984747378,0.0845824411134905,0.6759242606978341,88,0.0159362549800796,40,75,1.0,0.0,0.0,市场情绪强，板块情绪强，近5日触板记忆
2026-07-27,600114.SH,东睦股份,main,25.75,0.0415539207769222,0.0,-0.0508661997788425,-0.055045871559633,0.6162202963341824,88,0.0159362549800796,40,75,0.0,0.0,0.0,市场情绪强，板块情绪强
2026-07-27,688233.SH,神工股份,star,104.3,0.041523408222933454,0.0,-0.1540957015409569,-0.0871696131629616,0.7174550617565152,88,0.0159362549800796,40,3,0.0,0.0,0.0,市场情绪强
2026-07-27,001212.SZ,中旗新材,main,32.9,0.04150083269331399,0.0,0.0233281493001555,-0.003030303030303,0.5094131987536236,88,0.0159362549800796,40,75,0.0,0.0,0.0,市场情绪强，板块情绪强
2026-07-27,002190.SZ,成飞集成,main,22.85,0.041476942335212194,0.0,0.0891325071496664,0.0886136255359697,1.8646619440388104,88,0.0159362549800796,40,75,0.0,0.0,0.0,成交量放大，短线动量强，市场情绪强，板块情绪强
2026-07-27,301012.SZ,扬电科技,chinext,26.63,0.04140343119161005,0.0,0.088716271463614,0.2821376986037553,1.0205017986641851,88,0.0159362549800796,40,10,1.0,0.0,0.0,短线动量强，市场情绪强，板块情绪强，近5日触板记忆
2026-07-27,600475.SH,华光环能,main,12.47,0.041345980623095566,0.0,-0.031832298136646,0.0056451612903225,0.6843814876068955,88,0.0159362549800796,40,75,1.0,1.0,0.0,市场情绪强，板块情绪强，近5日触板记忆
2026-07-27,603262.SH,技源集团,main,19.92,0.04132719081669822,0.0,-0.0862385321100916,-0.1720698254364088,1.7498959812115449,88,0.0159362549800796,40,75,0.0,0.0,0.0,成交量放大，市场情绪强，板块情绪强
2026-07-27,002635.SZ,安洁科技,main,12.9,0.04127895217416351,0.0,-0.0500736377025036,-0.0590809628008752,0.5391993977721294,88,0.0159362549800796,40,75,0.0,0.0,0.0,市场情绪强，板块情绪强
2026-07-27,688200.SH,华峰测控,star,368.0,0.04126932805156325,0.0,-0.0957342244938077,-0.0131667158295567,0.7829007416115863,88,0.0159362549800796,40,3,0.0,0.0,0.0,市场情绪强
2026-07-27,688629.SH,华丰科技,star,153.52,0.04123953752993336,0.0,-0.0430120932552049,0.083721586898207,0.6405791732869577,88,0.0159362549800796,40,3,0.0,0.0,0.0,市场情绪强
2026-07-27,002584.SZ,西陇科学,main,6.96,0.04121482928155873,0.0,-0.0141643059490084,-0.0866141732283465,0.7368773018779101,88,0.0159362549800796,40,75,0.0,0.0,0.0,市场情绪强，板块情绪强
2026-07-27,605488.SH,福莱新材,main,23.08,0.041209940640725716,0.0,-0.0241014799154334,-0.0727199678585778,0.5719256056660064,88,0.0159362549800796,40,75,0.0,0.0,0.0,市场情绪强，板块情绪强
2026-07-27,002857.SZ,三晖电气,main,14.33,0.04119214860428212,0.0,-0.0117241379310344,-0.0034770514603617,0.5171079492996953,88,0.0159362549800796,40,75,1.0,0.0,0.0,市场情绪强，板块情绪强，近5日触板记忆
2026-07-27,001331.SZ,胜通能源,main,41.83,0.04114339144214115,0.0,-0.0737378210806022,-0.1276329509906153,0.901103992569294,88,0.0159362549800796,40,75,0.0,0.0,0.0,市场情绪强，板块情绪强
2026-07-27,300857.SZ,协创数据,chinext,230.4,0.041126452410241106,0.0,-0.0599755201958384,0.0829103214890016,0.5949856307813389,88,0.0159362549800796,40,10,0.0,0.0,0.0,市场情绪强，板块情绪强
2026-07-27,301282.SZ,金禄电子,chinext,21.31,0.04109163265230567,0.0,0.0230436869899184,0.0911418330773168,0.6037717006463879,88,0.0159362549800796,40,10,1.0,0.0,0.0,市场情绪强，板块情绪强，近5日触板记忆
2026-07-27,002963.SZ,豪尔赛,main,13.14,0.041089418232844524,0.0,0.0084420567920184,-0.124,0.7275502013128964,88,0.0159362549800796,40,75,0.0,0.0,0.0,市场情绪强，板块情绪强
2026-07-27,301316.SZ,慧博云通,chinext,34.89,0.04107920985734058,0.0,0.0186861313868613,0.0145391102064553,0.558196086746683,88,0.0159362549800796,40,10,1.0,1.0,0.0,市场情绪强，板块情绪强，近5日触板记忆
2026-07-27,002333.SZ,罗普斯金,main,5.07,0.04099183970106584,0.0,0.0764331210191082,0.0673684210526317,0.9439268634534586,88,0.0159362549800796,40,75,1.0,1.0,0.0,短线动量强，市场情绪强，板块情绪强，近5日触板记忆
2026-07-27,603389.SH,亚振家居,main,38.5,0.040964807279293886,0.0,-0.1054832713754646,-0.1860465116279069,0.8950092261788741,88,0.0159362549800796,40,75,0.0,0.0,0.0,市场情绪强，板块情绪强
2026-07-27,002888.SZ,惠威科技,main,15.0,0.04085570363948346,0.0,0.0337698139214335,-0.0470139771283354,1.0912137313292118,88,0.0159362549800796,40,75,0.0,0.0,0.0,市场情绪强，板块情绪强
2026-07-27,002792.SZ,通宇通讯,main,24.47,0.04083994205944714,0.0,-0.0215913634546182,-0.0515503875968993,0.5885550132469661,88,0.0159362549800796,40,75,0.0,0.0,0.0,市场情绪强，板块情绪强
2026-07-27,603330.SH,天洋新材,main,6.01,0.04083065226597978,0.0,-0.0179738562091503,-0.1069836552748886,0.7805368196221628,88,0.0159362549800796,40,75,0.0,0.0,0.0,市场情绪强，板块情绪强
2026-07-27,002047.SZ,宝鹰股份,main,3.13,0.04082713735584884,0.0,-0.0279503105590063,-0.0794117647058824,0.7094440570727911,88,0.0159362549800796,40,75,0.0,0.0,0.0,市场情绪强，板块情绪强
2026-07-27,688381.SH,帝奥微,star,29.97,0.0408134257152187,0.0,-0.0434088732843919,-0.1090963139120095,0.625121297108231,88,0.0159362549800796,40,3,0.0,0.0,0.0,市场情绪强
2026-07-27,603150.SH,万朗磁塑,main,48.2,0.04070618362313984,0.0,-0.0434610041674935,-0.0466772151898734,0.3734140365533901,88,0.0159362549800796,40,75,0.0,0.0,0.0,市场情绪强，板块情绪强
2026-07-27,603183.SH,建研院,main,4.02,0.04062814034480337,0.0,0.0806451612903225,0.0100502512562812,1.0118235273524268,88,0.0159362549800796,40,75,0.0,0.0,0.0,短线动量强，市场情绪强，板块情绪强
2026-07-27,001206.SZ,依依股份,main,17.4,0.040610487137879125,0.0,-0.1929499072356215,-0.2207792207792207,0.9008236483675424,88,0.0159362549800796,40,75,0.0,0.0,0.0,市场情绪强，板块情绪强
2026-07-27,002475.SZ,立讯精密,main,60.59,0.040574368535242385,0.0,0.0028136378682555,0.043755383290267,0.6353048976016408,88,0.0159362549800796,40,75,0.0,0.0,0.0,市场情绪强，板块情绪强
2026-07-27,688478.SH,晶升股份,star,43.7,0.04054001573946858,0.0,-0.0757191201353637,-0.064640410958904,0.6919884335454781,88,0.0159362549800796,40,3,0.0,0.0,0.0,市场情绪强
2026-07-27,000890.SZ,法尔胜,main,6.4,0.040463037028602884,0.0,0.0289389067524117,-0.0138674884437596,0.8272810723165179,88,0.0159362549800796,40,75,0.0,0.0,0.0,市场情绪强，板块情绪强
2026-07-27,000960.SZ,锡业股份,main,30.89,0.040423310247361725,0.0,-0.0073907455012853,0.0293235588137286,0.6584564818226397,88,0.0159362549800796,40,75,0.0,0.0,0.0,市场情绪强，板块情绪强
2026-07-27,301312.SZ,智立方,chinext,62.13,0.040373829755231815,0.0,-0.0478160919540229,-0.0750334970969182,0.7930921511219984,88,0.0159362549800796,40,10,0.0,0.0,0.0,市场情绪强，板块情绪强
2026-07-27,600237.SH,铜峰电子,main,7.63,0.0403577189441813,0.0,-0.04625,-0.0580246913580246,0.6389188776148411,88,0.0159362549800796,40,75,0.0,0.0,0.0,市场情绪强，板块情绪强
2026-07-27,603335.SH,迪生力,main,5.53,0.040290021387227,0.0,0.0072859744990891,-0.0382608695652173,0.8815714831201402,88,0.0159362549800796,40,75,0.0,0.0,0.0,市场情绪强，板块情绪强
2026-07-27,001215.SZ,千味央厨,main,30.4,0.04028440866069181,0.0,0.0273741128759714,-0.0401010419955795,0.5880378161303036,88,0.0159362549800796,40,75,0.0,0.0,0.0,市场情绪强，板块情绪强
2026-07-27,301176.SZ,逸豪新材,chinext,38.39,0.04026090416475262,0.0,-0.0857346987377947,-0.2256958450988301,0.5561036392027371,88,0.0159362549800796,40,10,0.0,0.0,0.0,市场情绪强，板块情绪强
2026-07-27,688545.SH,兴福电子,star,75.06,0.04008840842946321,0.0,-0.0590447536667919,-0.0981617205334615,0.678029098674031,88,0.0159362549800796,40,3,0.0,0.0,0.0,市场情绪强
2026-07-27,601138.SH,工业富联,main,60.25,0.040065676124018706,0.0,-0.0119711380780582,0.0461885744052785,0.7276760277848254,88,0.0159362549800796,40,75,0.0,0.0,0.0,市场情绪强，板块情绪强
2026-07-27,002931.SZ,锋龙股份,main,42.05,0.040052931242122655,0.0,-0.0573862362698947,-0.1418367346938776,0.5449481532400335,88,0.0159362549800796,40,75,0.0,0.0,0.0,市场情绪强，板块情绪强
2026-07-27,002677.SZ,浙江美大,main,6.08,0.04004424509901388,0.0,-0.0559006211180124,-0.2352201257861635,0.6208608424402232,88,0.0159362549800796,40,75,0.0,0.0,0.0,市场情绪强，板块情绪强
2026-07-27,603122.SH,合富中国,main,9.72,0.040035220815080014,0.0,-0.0040983606557376,-0.0572259941804073,0.8784189397596301,88,0.0159362549800796,40,75,0.0,0.0,0.0,市场情绪强，板块情绪强
2026-07-27,688820.SH,盛合晶微,star,140.89,0.0399228768543811,0.0,-0.0290144727773949,-0.0313509797181161,0.6159458831512273,88,0.0159362549800796,40,3,0.0,0.0,0.0,市场情绪强
2026-07-27,300548.SZ,长芯博创,chinext,163.01,0.03990242403848297,0.0,-0.0700022820629849,-0.0192527525419651,0.6973793633326751,88,0.0159362549800796,40,10,0.0,0.0,0.0,市场情绪强，板块情绪强
2026-07-27,002700.SZ,万憬能源,main,5.59,0.0398050176772704,0.0,0.072936660268714,0.0409683426443201,1.615692202084582,88,0.0159362549800796,40,75,0.0,0.0,0.0,成交量放大，短线动量强，市场情绪强，板块情绪强
2026-07-27,600126.SH,杭钢股份,main,6.07,0.039697285721110045,0.0,-0.0994065281899109,0.0724381625441696,0.6175302384388592,88,0.0159362549800796,40,75,1.0,0.0,0.0,市场情绪强，板块情绪强，近5日触板记忆
2026-07-27,603125.SH,常青科技,main,20.66,0.03957792073434512,0.0,-0.0067307692307692,-0.0119560019129603,0.5927530674743321,88,0.0159362549800796,40,75,0.0,0.0,0.0,市场情绪强，板块情绪强
2026-07-27,600758.SH,辽宁能源,main,3.14,0.03938923737127829,0.0,0.0064102564102563,0.0397350993377483,0.7727466671011315,88,0.0159362549800796,40,75,1.0,1.0,0.0,市场情绪强，板块情绪强，近5日触板记忆
2026-07-27,000920.SZ,沃顿科技,main,11.63,0.03935854276603387,0.0,-0.0459392945036915,-0.1692857142857142,0.4722728845416503,88,0.0159362549800796,40,75,0.0,0.0,0.0,市场情绪强，板块情绪强
2026-07-27,603669.SH,灵康药业,main,4.97,0.03935814497180018,0.0,-0.0657894736842106,-0.2435312024353121,1.1010290454087135,88,0.0159362549800796,40,75,0.0,0.0,0.0,市场情绪强，板块情绪强
2026-07-27,603001.SH,奥康国际,main,5.88,0.03927051408517561,0.0,-0.0313014827018122,-0.0754716981132076,0.677782378567198,88,0.0159362549800796,40,75,0.0,0.0,0.0,市场情绪强，板块情绪强
2026-07-27,688025.SH,杰普特,star,326.26,0.039257765900369904,0.0,-0.0361880003544946,0.0107813371336513,0.6175730252109627,88,0.0159362549800796,40,3,0.0,0.0,0.0,市场情绪强
2026-07-27,688268.SH,华特气体,star,149.01,0.03925629651937117,0.0,-0.0452972834443876,-0.120365997638725,0.8182029825820193,88,0.0159362549800796,40,3,0.0,0.0,0.0,市场情绪强
2026-07-27,002541.SZ,鸿路钢构,main,19.79,0.039244185972980926,0.0,-0.1012715712988192,-0.0299019607843137,0.555168308928768,88,0.0159362549800796,40,75,1.0,1.0,0.0,市场情绪强，板块情绪强，近5日触板记忆
2026-07-27,603196.SH,璞源材料,main,18.8,0.03924404056965549,0.0,-0.0524193548387096,-0.0869354055366682,0.4166531732683262,88,0.0159362549800796,40,75,0.0,0.0,0.0,市场情绪强，板块情绪强
2026-07-27,002815.SZ,崇达技术,main,11.65,0.03919481158952193,0.0,-0.0694888178913737,-0.1508746355685131,0.5881126396673828,88,0.0159362549800796,40,75,0.0,0.0,0.0,市场情绪强，板块情绪强
2026-07-27,002850.SZ,科达利,main,178.0,0.03916883215915316,0.0,-0.0263647303358494,-0.0100661809688004,0.5743835760603936,88,0.0159362549800796,40,75,0.0,0.0,0.0,市场情绪强，板块情绪强
2026-07-27,000725.SZ,京东方Ａ,main,5.79,0.039155764338827864,0.0,-0.0824088748019017,-0.0461285008237232,0.6760204585205996,88,0.0159362549800796,40,75,0.0,0.0,0.0,市场情绪强，板块情绪强
2026-07-27,002254.SZ,泰和新材,main,11.15,0.03910888909379113,0.0,-0.0150176678445229,-0.051063829787234,0.8416118225581608,88,0.0159362549800796,40,75,0.0,0.0,0.0,市场情绪强，板块情绪强
2026-07-27,603983.SH,丸美生物,main,31.78,0.03908643445142742,0.0,0.0794836956521738,0.0924716397387419,1.3275298870213872,88,0.0159362549800796,40,75,0.0,0.0,0.0,短线动量强，市场情绪强，板块情绪强
2026-07-27,001314.SZ,亿道信息,main,48.01,0.03894836461903615,0.0,-0.0347808604744672,-0.2182055039895782,0.9715846314567952,88,0.0159362549800796,40,75,0.0,0.0,0.0,市场情绪强，板块情绪强
2026-07-27,300469.SZ,信息发展,chinext,42.13,0.03893334379144876,0.0,-0.0718219872218549,-0.2173509195615827,0.944153899381181,88,0.0159362549800796,40,10,0.0,0.0,0.0,市场情绪强，板块情绪强
2026-07-27,301580.SZ,爱迪特,chinext,49.58,0.038920845271291124,0.0,-0.1018115942028986,0.0273518441773725,0.6776905418678982,88,0.0159362549800796,40,10,1.0,0.0,0.0,市场情绪强，板块情绪强，近5日触板记忆
2026-07-27,002565.SZ,顺灏股份,main,8.59,0.038838221637268626,0.0,-0.0205245153933865,-0.0304740406320541,0.7746726165541555,88,0.0159362549800796,40,75,0.0,0.0,0.0,市场情绪强，板块情绪强
2026-07-27,002992.SZ,宝明科技,main,34.0,0.03879684404542887,0.0,-0.0422535211267606,0.0429447852760735,0.5549398746216319,88,0.0159362549800796,40,75,1.0,0.0,0.0,市场情绪强，板块情绪强，近5日触板记忆
2026-07-27,002342.SZ,巨力索具,main,7.0,0.038771884872731095,0.0,-0.0182328190743338,-0.0397805212620027,0.66450178146489,88,0.0159362549800796,40,75,0.0,0.0,0.0,市场情绪强，板块情绪强
2026-07-27,600538.SH,国发股份,main,4.77,0.0386833090756937,0.0,0.084090909090909,0.0042105263157894,1.1613370196047526,88,0.0159362549800796,40,75,0.0,0.0,0.0,短线动量强，市场情绪强，板块情绪强
2026-07-27,688323.SH,瑞华泰,star,24.7,0.03863523821083982,0.0,-0.0601217656012177,-0.0686274509803921,1.244256168183982,88,0.0159362549800796,40,3,0.0,0.0,0.0,市场情绪强
2026-07-27,603768.SH,常青股份,main,10.07,0.03861670919737075,0.0,0.0886486486486486,0.0317622950819673,0.7121421541744053,88,0.0159362549800796,40,75,0.0,0.0,0.0,短线动量强，市场情绪强，板块情绪强
2026-07-27,603501.SH,豪威集团,main,96.9,0.03852042738376717,0.0,-0.0538957234915055,-0.0693430656934306,0.6608175361299076,88,0.0159362549800796,40,75,0.0,0.0,0.0,市场情绪强，板块情绪强
2026-07-27,688309.SH,恒誉环保,star,65.2,0.038520362548200716,0.0,0.1309627059843885,0.0610252237591537,0.6932544310850492,88,0.0159362549800796,40,3,0.0,0.0,0.0,短线动量强，市场情绪强
2026-07-27,601600.SH,中国铝业,main,9.44,0.0384769576186136,0.0,0.0305676855895196,0.1184834123222748,0.7783614754548637,88,0.0159362549800796,40,75,0.0,0.0,0.0,市场情绪强，板块情绪强
2026-07-27,002580.SZ,圣阳股份,main,15.34,0.038441028610918596,0.0,-0.0096836668818592,-0.0109606705351386,0.8163470641819075,88,0.0159362549800796,40,75,0.0,0.0,0.0,市场情绪强，板块情绪强
2026-07-27,300191.SZ,潜能恒信,chinext,31.39,0.03835947148674822,0.0,0.1894657067070859,0.226651035560766,1.28384407896621,88,0.0159362549800796,40,10,0.0,0.0,0.0,短线动量强，市场情绪强，板块情绪强
2026-07-27,002803.SZ,吉宏股份,main,17.84,0.038273658538585616,0.0,-0.0855971296770887,-0.1124378109452737,0.4831838533480572,88,0.0159362549800796,40,75,0.0,0.0,0.0,市场情绪强，板块情绪强
2026-07-27,002443.SZ,金洲管道,main,7.81,0.03824545231993008,0.0,-0.0452322738386308,-0.077922077922078,0.5455344687518205,88,0.0159362549800796,40,75,0.0,0.0,0.0,市场情绪强，板块情绪强
2026-07-27,600684.SH,珠江股份,main,3.2,0.038241678626383224,0.0,0.0289389067524117,0.032258064516129,0.6308978356750927,88,0.0159362549800796,40,75,1.0,1.0,0.0,市场情绪强，板块情绪强，近5日触板记忆
2026-07-27,000066.SZ,中国长城,main,14.49,0.03823629079065188,0.0,-0.0333555703802534,-0.0149558123725357,0.6452109249307176,88,0.0159362549800796,40,75,0.0,0.0,0.0,市场情绪强，板块情绪强
2026-07-27,603717.SH,天域生物,main,5.06,0.038166753116680475,0.0,0.0,-0.1184668989547039,0.5834793389792764,88,0.0159362549800796,40,75,0.0,0.0,0.0,市场情绪强，板块情绪强
2026-07-27,002652.SZ,扬子新材,main,3.42,0.038116836014420216,0.0,0.0148367952522254,-0.0446927374301676,0.6349196970717305,88,0.0159362549800796,40,75,0.0,0.0,0.0,市场情绪强，板块情绪强
2026-07-27,301123.SZ,奕东电子,chinext,67.91,0.0381072758772982,0.0,-0.0669139873591646,-0.1159854204634209,0.5592595629308209,88,0.0159362549800796,40,10,0.0,0.0,0.0,市场情绪强，板块情绪强
2026-07-27,600078.SH,澄星股份,main,9.2,0.0380894493064814,0.0,-0.0064794816414687,-0.0366492146596859,0.861569373748009,88,0.0159362549800796,40,75,0.0,0.0,0.0,市场情绪强，板块情绪强
2026-07-27,003030.SZ,祖名股份,main,20.55,0.03807268822145534,0.0,-0.005324298160697,-0.0646335912608101,0.4226826338156441,88,0.0159362549800796,40,75,0.0,0.0,0.0,市场情绪强，板块情绪强
2026-07-27,002643.SZ,万润股份,main,12.82,0.03805609132176957,0.0,-0.0503703703703704,-0.0901348474095102,0.5704676483812379,88,0.0159362549800796,40,75,0.0,0.0,0.0,市场情绪强，板块情绪强
2026-07-27,601231.SH,环旭电子,main,23.94,0.03802752233300859,0.0,-0.0533807829181494,-0.0176446450553959,0.6099113711246585,88,0.0159362549800796,40,75,0.0,0.0,0.0,市场情绪强，板块情绪强
2026-07-27,301099.SZ,雅创电子,chinext,49.72,0.03802237538243355,0.0,-0.0655891749671114,-0.0326848249027237,0.735825325818495,88,0.0159362549800796,40,10,0.0,0.0,0.0,市场情绪强，板块情绪强
2026-07-27,002756.SZ,永兴材料,main,44.9,0.03801648829049491,0.0,0.0715990453460619,0.0554771979313586,0.7708871487563851,88,0.0159362549800796,40,75,0.0,0.0,0.0,短线动量强，市场情绪强，板块情绪强
2026-07-27,605090.SH,九丰能源,main,33.11,0.03797932488036493,0.0,-0.0374999999999999,-0.1332460732984294,0.6635220240297383,88,0.0159362549800796,40,75,0.0,0.0,0.0,市场情绪强，板块情绪强
2026-07-27,300804.SZ,广康生化,chinext,36.15,0.037975259614776144,0.0,0.1802154750244857,0.1436254349889274,1.2244456544971467,88,0.0159362549800796,40,10,0.0,0.0,0.0,短线动量强，市场情绪强，板块情绪强
2026-07-27,002695.SZ,煌上煌,main,8.46,0.037934645480233786,0.0,0.0916129032258066,-0.0980810234541578,0.5518805259641462,88,0.0159362549800796,40,75,0.0,0.0,0.0,短线动量强，市场情绪强，板块情绪强
2026-07-27,000782.SZ,恒申新材,main,6.04,0.03792645504237948,0.0,-0.0082101806239737,-0.0721966205837173,0.5783464880033776,88,0.0159362549800796,40,75,0.0,0.0,0.0,市场情绪强，板块情绪强
2026-07-27,688028.SH,沃尔德,star,80.04,0.037914409869244416,0.0,-0.1095783735676937,-0.1489633173843699,0.5645771759057513,88,0.0159362549800796,40,3,0.0,0.0,0.0,市场情绪强
2026-07-27,002123.SZ,梦网科技,main,7.6,0.03790888927468598,0.0,-0.0594059405940594,0.0106382978723404,0.4041357712281261,88,0.0159362549800796,40,75,1.0,1.0,0.0,市场情绪强，板块情绪强，近5日触板记忆
2026-07-27,002429.SZ,兆驰股份,main,7.67,0.0379033220717254,0.0,-0.0460199004975123,-0.0364321608040201,0.644354468197242,88,0.0159362549800796,40,75,0.0,0.0,0.0,市场情绪强，板块情绪强
2026-07-27,600228.SH,返利科技,main,5.69,0.03787935942536507,0.0,-0.035593220338983,-0.0792880258899675,0.5560551244346054,88,0.0159362549800796,40,75,0.0,0.0,0.0,市场情绪强，板块情绪强
2026-07-27,688689.SH,银河微电,star,36.79,0.037832854402224225,0.0,-0.092948717948718,-0.0788683024536804,0.7180313699606076,88,0.0159362549800796,40,3,0.0,0.0,0.0,市场情绪强
2026-07-27,603657.SH,春光科技,main,19.63,0.03776883129587632,0.0,-0.0135678391959799,-0.1165616561656165,0.6158620097490664,88,0.0159362549800796,40,75,0.0,0.0,0.0,市场情绪强，板块情绪强
2026-07-27,601026.SH,道生天合,main,14.64,0.03775216122274334,0.0,-0.0040816326530611,0.107413010590015,0.7182418286502441,88,0.0159362549800796,40,75,1.0,0.0,0.0,市场情绪强，板块情绪强，近5日触板记忆
2026-07-27,601001.SH,晋控煤业,main,16.46,0.037709766577425724,0.0,-0.1281779661016948,-0.0610382201939532,0.975891924014644,88,0.0159362549800796,40,75,1.0,0.0,0.0,市场情绪强，板块情绪强，近5日触板记忆
2026-07-27,300929.SZ,华骐环保,chinext,14.79,0.03770902381577928,0.0,0.1879518072289157,0.0481927710843372,1.1304391919126713,88,0.0159362549800796,40,10,0.0,0.0,0.0,短线动量强，市场情绪强，板块情绪强
2026-07-27,000338.SZ,潍柴动力,main,27.62,0.03769089195043523,0.0,0.0403013182674198,0.1227642276422764,0.6202561503633202,88,0.0159362549800796,40,75,0.0,0.0,0.0,市场情绪强，板块情绪强
2026-07-27,002134.SZ,天津普林,main,19.87,0.03766342285399572,0.0,-0.0245459008345606,-0.1081687612208258,0.5444720451995533,88,0.0159362549800796,40,75,0.0,0.0,0.0,市场情绪强，板块情绪强
2026-07-27,000596.SZ,古井贡酒,main,87.52,0.03765518208591596,0.0,-0.0883333333333333,0.0260257913247361,0.5814367567711053,88,0.0159362549800796,40,75,1.0,0.0,0.0,市场情绪强，板块情绪强，近5日触板记忆
2026-07-27,002788.SZ,鹭燕医药,main,9.36,0.037639456959607284,0.0,-0.0031948881789138,-0.1544715447154472,0.5822987791963878,88,0.0159362549800796,40,75,0.0,0.0,0.0,市场情绪强，板块情绪强
2026-07-27,688307.SH,中润光学,star,42.71,0.03763028778903678,0.0,-0.0548793980969239,-0.0983744986278234,0.5150721933077773,88,0.0159362549800796,40,3,0.0,0.0,0.0,市场情绪强
2026-07-27,603588.SH,高能环境,main,12.37,0.03762907520751089,0.0,0.0097959183673468,0.0131040131040129,0.7493801387137486,88,0.0159362549800796,40,75,0.0,0.0,0.0,市场情绪强，板块情绪强
2026-07-27,002728.SZ,特一药业,main,8.47,0.0376002706177091,0.0,-0.0286697247706422,-0.0833333333333332,0.7560128674488202,88,0.0159362549800796,40,75,0.0,0.0,0.0,市场情绪强，板块情绪强
2026-07-27,605055.SH,迎丰股份,main,8.02,0.037581441282099295,0.0,-0.0061957868649319,-0.1128318584070796,0.5150704158232157,88,0.0159362549800796,40,75,0.0,0.0,0.0,市场情绪强，板块情绪强
2026-07-27,603042.SH,华脉科技,main,10.83,0.03756046521785572,0.0,-0.0082417582417582,-0.0136612021857923,0.5631997136431189,88,0.0159362549800796,40,75,0.0,0.0,0.0,市场情绪强，板块情绪强
2026-07-27,603985.SH,恒润股份,main,15.36,0.03754402736126831,0.0,-0.0369905956112852,-0.0459627329192547,0.5629761760124665,88,0.0159362549800796,40,75,0.0,0.0,0.0,市场情绪强，板块情绪强
2026-07-27,002378.SZ,章源钨业,main,22.3,0.03753346489637615,0.0,-0.0291684806269045,-0.0325379609544468,0.5666183809154786,88,0.0159362549800796,40,75,0.0,0.0,0.0,市场情绪强，板块情绪强
2026-07-27,002278.SZ,神开股份,main,7.46,0.03752662578108814,0.0,0.0318118948824341,0.0191256830601092,1.3044757239356686,88,0.0159362549800796,40,75,0.0,0.0,0.0,市场情绪强，板块情绪强
2026-07-27,603268.SH,松发股份,main,152.05,0.037484358677325996,0.0,-0.0233797931787526,0.0783687943262412,0.7531636564147728,88,0.0159362549800796,40,75,0.0,0.0,0.0,市场情绪强，板块情绪强
2026-07-27,301566.SZ,达利凯普,chinext,21.51,0.03746750568768798,0.0,-0.0332584269662921,0.0155807365439093,0.6614696605659361,88,0.0159362549800796,40,10,0.0,0.0,0.0,市场情绪强，板块情绪强
2026-07-27,600992.SH,贵绳股份,main,9.06,0.03742823586446621,0.0,-0.0876132930513594,-0.226962457337884,0.6597552902574274,88,0.0159362549800796,40,75,0.0,0.0,0.0,市场情绪强，板块情绪强
2026-07-27,002058.SZ,威尔泰,main,15.0,0.037419624965007434,0.0,-0.0253411306042885,-0.0506329113924051,0.58071665759605,88,0.0159362549800796,40,75,0.0,0.0,0.0,市场情绪强，板块情绪强
2026-07-27,601898.SH,中煤能源,main,13.67,0.037403910899660435,0.0,-0.0087019579405365,0.0901116427432218,0.7249296247093516,88,0.0159362549800796,40,75,1.0,0.0,0.0,市场情绪强，板块情绪强，近5日触板记忆
2026-07-27,002466.SZ,天齐锂业,main,43.88,0.037403656221656506,0.0,0.0043488212405586,-0.0661842945307512,0.7805667666317835,88,0.0159362549800796,40,75,0.0,0.0,0.0,市场情绪强，板块情绪强
2026-07-27,002534.SZ,西子洁能,main,12.38,0.03739665311352897,0.0,-0.0733532934131735,-0.1467953135768435,0.6021415583599953,88,0.0159362549800796,40,75,0.0,0.0,0.0,市场情绪强，板块情绪强
2026-07-27,001309.SZ,德明利,main,399.89,0.03733783913921169,0.0,-0.2128149606299213,-0.2546874417564394,0.9306172101742822,88,0.0159362549800796,40,75,0.0,0.0,0.0,市场情绪强，板块情绪强
2026-07-27,002806.SZ,华锋股份,main,11.91,0.037320165530312095,0.0,-0.0433734939759035,-0.1236203090507725,0.6191670481957621,88,0.0159362549800796,40,75,0.0,0.0,0.0,市场情绪强，板块情绪强
2026-07-27,603201.SH,常润股份,main,14.65,0.03731166912859395,0.0,-0.0380827314510834,-0.1783510936623666,0.5329097467431191,88,0.0159362549800796,40,75,0.0,0.0,0.0,市场情绪强，板块情绪强
2026-07-27,300959.SZ,线上线下,chinext,94.86,0.037279515474758114,0.0,-0.0607920792079208,-0.0139293139293139,0.6709663459424106,88,0.0159362549800796,40,10,0.0,0.0,0.0,市场情绪强，板块情绪强
2026-07-27,300408.SZ,三环集团,chinext,100.84,0.03727366262895807,0.0,-0.0623023991073089,0.0184829815170184,0.6440185639533635,88,0.0159362549800796,40,10,0.0,0.0,0.0,市场情绪强，板块情绪强
2026-07-27,002987.SZ,京北方,main,10.49,0.03727240100705224,0.0,-0.013170272812794,0.1042105263157895,0.728253362603523,88,0.0159362549800796,40,75,1.0,0.0,0.0,市场情绪强，板块情绪强，近5日触板记忆
2026-07-27,301183.SZ,东田微,chinext,180.5,0.03723278216956748,0.0,-0.0100367465584381,0.0934754952444418,0.5790879658736616,88,0.0159362549800796,40,10,0.0,0.0,0.0,市场情绪强，板块情绪强
2026-07-27,002940.SZ,昂利康,main,23.65,0.03718446783637521,0.0,-0.0432847896440129,-0.1243983709737135,0.7509558827850896,88,0.0159362549800796,40,75,0.0,0.0,0.0,市场情绪强，板块情绪强
2026-07-27,688082.SH,盛美上海,star,299.99,0.03716901815112486,0.0,-0.0797852760736196,-0.0016971713810315,0.8541742510443628,88,0.0159362549800796,40,3,0.0,0.0,0.0,市场情绪强
2026-07-27,600801.SH,华新建材,main,21.2,0.037046107195480855,0.0,0.0291262135922329,0.0621242484969939,0.5934428944975347,88,0.0159362549800796,40,75,1.0,1.0,0.0,市场情绪强，板块情绪强，近5日触板记忆
2026-07-27,001259.SZ,利仁科技,main,44.3,0.037041214280246676,0.0,-0.0015776425512733,-0.0732217573221757,0.7894876731203154,88,0.0159362549800796,40,75,0.0,0.0,0.0,市场情绪强，板块情绪强
2026-07-27,603931.SH,格林达,main,32.93,0.03703342160103152,0.0,-0.133421052631579,-0.2357855650963101,0.7169200347999234,88,0.0159362549800796,40,75,0.0,0.0,0.0,市场情绪强，板块情绪强
2026-07-27,603655.SH,朗博科技,main,24.6,0.03701943610167846,0.0,-0.0152121697357885,-0.0702947845804988,0.6504819744695134,88,0.0159362549800796,40,75,0.0,0.0,0.0,市场情绪强，板块情绪强
2026-07-27,603660.SH,苏州科达,main,7.71,0.0370054676790233,0.0,-0.0338345864661654,-0.0688405797101449,0.7669254444019662,88,0.0159362549800796,40,75,0.0,0.0,0.0,市场情绪强，板块情绪强
2026-07-27,603158.SH,腾龙股份,main,8.76,0.03700039119150439,0.0,-0.0168350168350168,-0.0798319327731091,0.5418915970288309,88,0.0159362549800796,40,75,0.0,0.0,0.0,市场情绪强，板块情绪强
2026-07-27,600021.SH,上海电力,main,14.21,0.03699631000412175,0.0,-0.0885182809493264,-0.0469483568075116,0.7103259668343189,88,0.0159362549800796,40,75,0.0,0.0,0.0,市场情绪强，板块情绪强
2026-07-27,688668.SH,鼎通科技,star,222.6,0.03699201803271553,0.0,-0.1126524754843339,-0.085681426106958,0.7157732966147473,88,0.0159362549800796,40,3,0.0,0.0,0.0,市场情绪强
2026-07-27,603338.SH,浙江鼎力,main,57.0,0.036941134386686794,0.0,0.0915358100344696,0.1305037683458945,1.0152369875546947,88,0.0159362549800796,40,75,0.0,0.0,0.0,短线动量强，市场情绪强，板块情绪强
2026-07-27,001226.SZ,拓山重工,main,38.03,0.03688969645271586,0.0,0.0060846560846561,-0.1007330338141404,0.4732444131825161,88,0.0159362549800796,40,75,0.0,0.0,0.0,市场情绪强，板块情绪强
2026-07-27,603356.SH,华菱精工,main,13.2,0.036846260405691444,0.0,-0.0075187969924812,-0.0591589451176051,0.7669671064835764,88,0.0159362549800796,40,75,0.0,0.0,0.0,市场情绪强，板块情绪强
2026-07-27,603505.SH,金石资源,main,15.87,0.03684132472654989,0.0,0.0489094514210177,-0.0130597014925372,0.9552288068237372,88,0.0159362549800796,40,75,0.0,0.0,0.0,市场情绪强，板块情绪强
2026-07-27,000551.SZ,创元科技,main,12.53,0.03678484355746725,0.0,-0.0264180264180263,-0.0316846986089645,0.595757466484026,88,0.0159362549800796,40,75,0.0,0.0,0.0,市场情绪强，板块情绪强
2026-07-27,600938.SH,中国海油,main,31.91,0.03675800175308681,0.0,0.0316844487552538,0.1014842940973421,1.0689831797743483,88,0.0159362549800796,40,75,1.0,0.0,0.0,市场情绪强，板块情绪强，近5日触板记忆
2026-07-27,600392.SH,盛和资源,main,20.26,0.03673405677267659,0.0,-0.0545963602426503,-0.0420803782505908,0.7191255182675778,88,0.0159362549800796,40,75,0.0,0.0,0.0,市场情绪强，板块情绪强
2026-07-27,600428.SH,中远海特,main,10.69,0.03671961982160368,0.0,-0.0192660550458716,0.0123106060606059,0.6403670169515675,88,0.0159362549800796,40,75,0.0,0.0,0.0,市场情绪强，板块情绪强
2026-07-27,002647.SZ,仁东控股,main,8.11,0.03663949949595275,0.0,-0.0481220657276995,-0.1068281938325992,0.7211305822895122,88,0.0159362549800796,40,75,0.0,0.0,0.0,市场情绪强，板块情绪强
2026-07-27,300835.SZ,龙磁科技,chinext,134.73,0.03663879607852952,0.0,-0.0607877309166957,-0.0236249003550983,0.5754985384038057,88,0.0159362549800796,40,10,0.0,0.0,0.0,市场情绪强，板块情绪强
2026-07-27,603906.SH,龙蟠科技,main,17.24,0.03663356980712153,0.0,-0.0292792792792794,-0.0681081081081081,0.7727685472078515,88,0.0159362549800796,40,75,0.0,0.0,0.0,市场情绪强，板块情绪强
2026-07-27,688783.SH,西安奕材,star,34.42,0.03662910956659333,0.0,-0.0786937901498928,-0.116076014381099,0.5865945286127509,88,0.0159362549800796,40,3,0.0,0.0,0.0,市场情绪强
2026-07-27,002976.SZ,瑞玛精密,main,18.8,0.03656988542139172,0.0,-0.0797846304454233,-0.1255813953488371,0.5486748450266414,88,0.0159362549800796,40,75,0.0,0.0,0.0,市场情绪强，板块情绪强
2026-07-27,002559.SZ,亚威股份,main,8.75,0.03654745652486281,0.0,-0.0641711229946523,-0.1089613034623218,0.5452069978983454,88,0.0159362549800796,40,75,0.0,0.0,0.0,市场情绪强，板块情绪强
2026-07-27,002887.SZ,绿茵生态,main,9.57,0.03637869162902579,0.0,-0.0343087790110998,0.0224358974358975,0.2849683494608002,88,0.0159362549800796,40,75,1.0,1.0,0.0,市场情绪强，板块情绪强，近5日触板记忆
2026-07-27,603316.SH,诚邦股份,main,12.62,0.03634843244065881,0.0,-0.0439393939393939,-0.1187150837988827,0.6485082661879867,88,0.0159362549800796,40,75,0.0,0.0,0.0,市场情绪强，板块情绪强
2026-07-27,688125.SH,安达智能,star,110.18,0.03630044683518625,0.0,-0.0378973105134473,-0.0345250613389414,0.8456539055473268,88,0.0159362549800796,40,3,0.0,0.0,0.0,市场情绪强
2026-07-27,603698.SH,航天工程,main,21.26,0.03628529918304688,0.0,-0.1207609594706368,-0.183563748079877,0.6453390281417064,88,0.0159362549800796,40,75,0.0,0.0,0.0,市场情绪强，板块情绪强
2026-07-27,600784.SH,鲁银投资,main,7.03,0.03627569250869578,0.0,0.0445765230312036,-0.008462623413258,1.1037919971021364,88,0.0159362549800796,40,75,0.0,0.0,0.0,市场情绪强，板块情绪强
2026-07-27,300668.SZ,杰恩股份,chinext,36.06,0.03627370177673476,0.0,-0.1211308798440164,-0.1319210399614828,0.5857397227024939,88,0.0159362549800796,40,10,0.0,0.0,0.0,市场情绪强，板块情绪强
2026-07-27,600310.SH,广西能源,main,4.17,0.03625738535618856,0.0,-0.0608108108108108,-0.0733333333333333,0.69348288104506,88,0.0159362549800796,40,75,0.0,0.0,0.0,市场情绪强，板块情绪强
2026-07-27,002733.SZ,雄韬股份,main,17.7,0.0362486649761037,0.0,-0.0442764578833693,-0.0620031796502386,0.6434279265659204,88,0.0159362549800796,40,75,0.0,0.0,0.0,市场情绪强，板块情绪强
2026-07-27,688313.SH,仕佳光子,star,111.58,0.03620929593851036,0.0,-0.0846595570139459,-0.0543266378506652,0.5939107046139862,88,0.0159362549800796,40,3,0.0,0.0,0.0,市场情绪强
2026-07-27,603336.SH,宏辉果蔬,main,8.3,0.03613787513752735,0.0,0.0387984981226534,-0.0059880239520956,0.9192327194066744,88,0.0159362549800796,40,75,0.0,0.0,0.0,市场情绪强，板块情绪强
2026-07-27,000601.SZ,韶能股份,main,6.24,0.03613415158182383,0.0,-0.079646017699115,-0.037037037037037,0.8296443593194569,88,0.0159362549800796,40,75,0.0,0.0,0.0,市场情绪强，板块情绪强
2026-07-27,002622.SZ,皓宸医疗,main,1.98,0.03612956861078797,0.0,-0.0198019801980198,-0.0747663551401869,0.9032024452404894,88,0.0159362549800796,40,75,0.0,0.0,0.0,市场情绪强，板块情绪强
2026-07-27,301535.SZ,浙江华远,chinext,16.41,0.03611765124044509,0.0,0.3330625507717302,0.3265966046887631,1.8267107601402377,88,0.0159362549800796,40,10,0.0,0.0,0.0,成交量放大，短线动量强，市场情绪强，板块情绪强
2026-07-27,000695.SZ,滨海能源,main,12.91,0.03610862782639095,0.0,0.0237906423473435,0.0513029315960913,0.5666461343601001,88,0.0159362549800796,40,75,0.0,0.0,0.0,市场情绪强，板块情绪强
2026-07-27,605179.SH,一鸣食品,main,13.0,0.03605673563256582,0.0,-0.0940766550522648,-0.1114149008885851,0.6195430627209071,88,0.0159362549800796,40,75,0.0,0.0,0.0,市场情绪强，板块情绪强
2026-07-27,000968.SZ,蓝焰控股,main,6.89,0.03605033372644463,0.0,0.0237741456166418,0.0439393939393939,1.0142027141993375,88,0.0159362549800796,40,75,0.0,0.0,0.0,市场情绪强，板块情绪强
2026-07-27,301307.SZ,美利信,chinext,59.17,0.03604791086471102,0.0,-0.0433306386418754,-0.0325376062786133,0.68602989628867,88,0.0159362549800796,40,10,0.0,0.0,0.0,市场情绪强，板块情绪强
2026-07-27,605069.SH,正和生态,main,9.45,0.036047734249525,0.0,-0.0287769784172663,-0.1126760563380282,0.6734819985525777,88,0.0159362549800796,40,75,0.0,0.0,0.0,市场情绪强，板块情绪强
2026-07-27,600879.SH,航天电子,main,14.62,0.036037033711608484,0.0,-0.0343461030383092,-0.1019656019656021,0.6685822451855828,88,0.0159362549800796,40,75,0.0,0.0,0.0,市场情绪强，板块情绪强
2026-07-27,002261.SZ,拓维信息,main,26.86,0.03596920473935505,0.0,-0.0403715612718827,-0.0189919649379108,0.692459807448148,88,0.0159362549800796,40,75,0.0,0.0,0.0,市场情绪强，板块情绪强
2026-07-27,603322.SH,超讯科技,main,24.8,0.03594969419636695,0.0,-0.0209238057639161,0.00040338846309,0.531513278145968,88,0.0159362549800796,40,75,1.0,1.0,0.0,市场情绪强，板块情绪强，近5日触板记忆
2026-07-27,002922.SZ,伊戈尔,main,23.96,0.035916575991651455,0.0,0.0025104602510461,0.0283261802575107,0.7281890393744863,88,0.0159362549800796,40,75,0.0,0.0,0.0,市场情绪强，板块情绪强
2026-07-27,603375.SH,盛景微,main,33.73,0.03590501722137624,0.0,0.0086722488038277,-0.0326928591912819,0.6362186574796557,88,0.0159362549800796,40,75,0.0,0.0,0.0,市场情绪强，板块情绪强
2026-07-27,002779.SZ,中坚科技,main,55.37,0.035869553529329856,0.0,-0.0706612957368244,-0.0939289805269186,0.7940246344596653,88,0.0159362549800796,40,75,0.0,0.0,0.0,市场情绪强，板块情绪强
2026-07-27,001365.SZ,天海电子,main,35.63,0.0358640632433893,0.0,-0.1279980420949583,-0.1092499999999999,0.8857630410143962,88,0.0159362549800796,40,75,0.0,0.0,0.0,市场情绪强，板块情绪强
2026-07-27,300606.SZ,金太阳,chinext,32.5,0.035845412805643524,0.0,0.1480042387848816,0.0380070265091025,0.695887347946315,88,0.0159362549800796,40,10,0.0,0.0,0.0,短线动量强，市场情绪强，板块情绪强
2026-07-27,688456.SH,有研粉材,star,74.54,0.03575583401100967,0.0,-0.0443589743589742,-0.1018194963248583,0.6603577947237728,88,0.0159362549800796,40,3,0.0,0.0,0.0,市场情绪强
2026-07-27,600345.SH,长江通信,main,43.38,0.03570373596309924,0.0,-0.0838437170010559,-0.0648846734209959,0.5128819242297818,88,0.0159362549800796,40,75,0.0,0.0,0.0,市场情绪强，板块情绪强
2026-07-27,001203.SZ,大中矿业,main,26.31,0.03566329269836061,0.0,0.0545090180360721,-0.0015180265654649,0.6908360095083791,88,0.0159362549800796,40,75,0.0,0.0,0.0,短线动量强，市场情绪强，板块情绪强
2026-07-27,688079.SH,美迪凯,star,13.98,0.035662119813642625,0.0,-0.08327868852459,-0.1262499999999999,0.5678879769372942,88,0.0159362549800796,40,3,0.0,0.0,0.0,市场情绪强
2026-07-27,300751.SZ,迈为股份,chinext,181.3,0.035615053059252326,0.0,-0.0717321181711125,-0.0482939632545931,0.6420149145457942,88,0.0159362549800796,40,10,0.0,0.0,0.0,市场情绪强，板块情绪强
2026-07-27,300040.SZ,九洲集团,chinext,6.27,0.03560411417798239,0.0,-0.0324074074074075,0.0847750865051901,0.8699826602074139,88,0.0159362549800796,40,10,0.0,0.0,0.0,市场情绪强，板块情绪强
2026-07-27,688757.SH,胜科纳米,star,31.08,0.03554606581099324,0.0,-0.0763744427934621,-0.1411992263056093,0.7267420401749141,88,0.0159362549800796,40,3,0.0,0.0,0.0,市场情绪强
2026-07-27,002520.SZ,日发精机,main,5.24,0.03554001466281413,0.0,0.0,-0.0437956204379562,0.6295395023544407,88,0.0159362549800796,40,75,0.0,0.0,0.0,市场情绪强，板块情绪强
2026-07-27,002591.SZ,恒大高新,main,5.4,0.03550836816723489,0.0,-0.0073529411764705,-0.0476190476190475,0.6106189616069037,88,0.0159362549800796,40,75,0.0,0.0,0.0,市场情绪强，板块情绪强
2026-07-27,605178.SH,时空科技,main,63.51,0.03548009424432141,0.0,-0.1252066115702479,-0.2835871404399324,0.7721151964395603,88,0.0159362549800796,40,75,0.0,0.0,0.0,市场情绪强，板块情绪强
2026-07-27,301328.SZ,维峰电子,chinext,57.65,0.03538444695466051,0.0,-0.0580065359477124,0.0481818181818181,0.6425478568189014,88,0.0159362549800796,40,10,0.0,0.0,0.0,市场情绪强，板块情绪强
2026-07-27,600847.SH,万里股份,main,10.2,0.035376328212397175,0.0,-0.0368271954674221,-0.0752493200362647,0.6758112165081147,88,0.0159362549800796,40,75,0.0,0.0,0.0,市场情绪强，板块情绪强
2026-07-27,601016.SH,节能风电,main,3.46,0.03535297081007622,0.0,-0.0597826086956522,-0.0114285714285714,0.7854527029690418,88,0.0159362549800796,40,75,0.0,0.0,0.0,市场情绪强，板块情绪强
2026-07-27,600366.SH,宁波韵升,main,10.73,0.03532351828794123,0.0,-0.0173992673992673,-0.0717993079584775,0.622509674239378,88,0.0159362549800796,40,75,0.0,0.0,0.0,市场情绪强，板块情绪强
2026-07-27,002969.SZ,嘉美包装,main,10.42,0.035230691082593586,0.0,-0.0141911069063387,-0.0413983440662373,0.6714019944030535,88,0.0159362549800796,40,75,0.0,0.0,0.0,市场情绪强，板块情绪强
2026-07-27,300260.SZ,新莱应材,chinext,56.18,0.03521966154644891,0.0,-0.0732431540745628,-0.1012637977923531,0.9506909841865296,88,0.0159362549800796,40,10,0.0,0.0,0.0,市场情绪强，板块情绪强
2026-07-27,000554.SZ,泰山石油,main,6.46,0.03521390137747677,0.0,-0.0015455950540957,0.0015503875968991,0.8852958505094438,88,0.0159362549800796,40,75,0.0,0.0,0.0,市场情绪强，板块情绪强
2026-07-27,002682.SZ,龙洲股份,main,3.97,0.035176136281331156,0.0,0.0076142131979695,-0.0245700245700245,0.7076501228536708,88,0.0159362549800796,40,75,0.0,0.0,0.0,市场情绪强，板块情绪强
2026-07-27,002115.SZ,三维通信,main,10.33,0.03517305846044614,0.0,-0.114065180102916,-0.10251954821894,0.6527285852676975,88,0.0159362549800796,40,75,0.0,0.0,0.0,市场情绪强，板块情绪强
2026-07-27,600590.SH,泰豪科技,main,7.67,0.03515476829059953,0.0,0.0078843626806832,-0.0038961038961039,0.6840529023569362,88,0.0159362549800796,40,75,0.0,0.0,0.0,市场情绪强，板块情绪强
2026-07-27,000949.SZ,新乡化纤,main,5.57,0.03514636209224936,0.0,0.0145719489981785,0.0333951762523192,0.816412821150503,88,0.0159362549800796,40,75,0.0,0.0,0.0,市场情绪强，板块情绪强
2026-07-27,002532.SZ,天山铝业,main,12.5,0.035084500078628615,0.0,0.0237510237510236,0.042535446205171,0.8220585124696769,88,0.0159362549800796,40,75,0.0,0.0,0.0,市场情绪强，板块情绪强
2026-07-27,603286.SH,日盈电子,main,37.63,0.03507800499569423,0.0,-0.0821951219512194,-0.1305452865064694,0.860080604878843,88,0.0159362549800796,40,75,0.0,0.0,0.0,市场情绪强，板块情绪强
2026-07-27,688300.SH,联瑞新材,star,123.5,0.03502743089513249,0.0,-0.0872135994087214,-0.1241134751773049,0.662194333720567,88,0.0159362549800796,40,3,0.0,0.0,0.0,市场情绪强
2026-07-27,600160.SH,巨化股份,main,39.78,0.0349993167898476,0.0,-0.0148588410104012,0.0166112956810631,0.7577024034108594,88,0.0159362549800796,40,75,0.0,0.0,0.0,市场情绪强，板块情绪强
2026-07-27,603129.SH,春风动力,main,282.95,0.0349720720153254,0.0,0.0300327630141972,0.0526022097392209,1.1941561464280794,88,0.0159362549800796,40,75,0.0,0.0,0.0,市场情绪强，板块情绪强
2026-07-27,002735.SZ,王子新材,main,10.02,0.034946356067061916,0.0,0.0151975683890577,-0.0290697674418605,0.6540399629747324,88,0.0159362549800796,40,75,0.0,0.0,0.0,市场情绪强，板块情绪强
2026-07-27,605003.SH,众望布艺,main,17.81,0.034904437746912945,0.0,-0.0143884892086332,-0.091326530612245,0.7060763556271329,88,0.0159362549800796,40,75,0.0,0.0,0.0,市场情绪强，板块情绪强
2026-07-27,002830.SZ,名雕股份,main,11.41,0.03488695240010218,0.0,-0.0034934497816593,-0.1008668242710795,0.576422949470495,88,0.0159362549800796,40,75,0.0,0.0,0.0,市场情绪强，板块情绪强
2026-07-27,603895.SH,天永智能,main,21.6,0.034883092728677956,0.0,-0.0391459074733095,-0.1529411764705881,0.6207374827542343,88,0.0159362549800796,40,75,0.0,0.0,0.0,市场情绪强，板块情绪强
2026-07-27,002782.SZ,可立克,main,13.95,0.03487846851392939,0.0,-0.0127388535031848,-0.0196767392832045,0.7761437373438849,88,0.0159362549800796,40,75,0.0,0.0,0.0,市场情绪强，板块情绪强
2026-07-27,002708.SZ,光洋股份,main,9.53,0.034850272287889415,0.0,0.0095338983050847,-0.0265577119509703,1.1248094863281817,88,0.0159362549800796,40,75,0.0,0.0,0.0,市场情绪强，板块情绪强
2026-07-27,605258.SH,协和电子,main,23.26,0.03484671685038684,0.0,-0.0097914005959981,-0.0404290429042902,0.6271499998116101,88,0.0159362549800796,40,75,0.0,0.0,0.0,市场情绪强，板块情绪强
2026-07-27,002455.SZ,百川股份,main,5.99,0.03484644074684855,0.0,0.0050335570469799,-0.0228384991843392,0.857010665482817,88,0.0159362549800796,40,75,0.0,0.0,0.0,市场情绪强，板块情绪强
2026-07-27,002723.SZ,小崧股份,main,6.76,0.034838052847875486,0.0,0.0432098765432098,-0.155,0.6045493945870137,88,0.0159362549800796,40,75,0.0,0.0,0.0,市场情绪强，板块情绪强
2026-07-27,002865.SZ,钧达股份,main,41.34,0.034833383579161964,0.0,-0.0004835589941971,-0.0043352601156069,0.6563386234042374,88,0.0159362549800796,40,75,0.0,0.0,0.0,市场情绪强，板块情绪强
2026-07-27,300510.SZ,金冠股份,chinext,3.44,0.03482292126041371,0.0,0.1096774193548386,0.1025641025641024,1.8986680179716888,88,0.0159362549800796,40,10,1.0,0.0,0.0,成交量放大，短线动量强，市场情绪强，板块情绪强，近5日触板记忆
2026-07-27,603819.SH,神力股份,main,11.18,0.034809797861417024,0.0,0.013599274705349,-0.0468883205456096,0.5901514116249849,88,0.0159362549800796,40,75,0.0,0.0,0.0,市场情绪强，板块情绪强
2026-07-27,600156.SH,华升股份,main,6.97,0.03480110966894808,0.0,0.0249999999999999,-0.0292479108635097,0.65666016096755,88,0.0159362549800796,40,75,0.0,0.0,0.0,市场情绪强，板块情绪强
2026-07-27,301235.SZ,华康洁净,chinext,36.28,0.034798178704805775,0.0,-0.0929999999999999,-0.1295585412667945,0.8265039715809399,88,0.0159362549800796,40,10,0.0,0.0,0.0,市场情绪强，板块情绪强
2026-07-27,301150.SZ,中一科技,chinext,35.01,0.03478645943434954,0.0,-0.0242474916387961,-0.0974477958236659,0.7193294622445574,88,0.0159362549800796,40,10,0.0,0.0,0.0,市场情绪强，板块情绪强
2026-07-27,603578.SH,三星新材,main,11.0,0.03475845823643587,0.0,0.0318949343339587,-0.0476190476190476,0.5468326835575468,88,0.0159362549800796,40,75,0.0,0.0,0.0,市场情绪强，板块情绪强
2026-07-27,688383.SH,新益昌,star,103.1,0.03474591050399039,0.0,-0.0451935543619189,-0.0902673608047296,0.6705691657210582,88,0.0159362549800796,40,3,0.0,0.0,0.0,市场情绪强
2026-07-27,600338.SH,西藏珠峰,main,12.16,0.03471756120574094,0.0,0.00164744645799,0.0473729543496985,0.7380286669685001,88,0.0159362549800796,40,75,0.0,0.0,0.0,市场情绪强，板块情绪强
2026-07-27,603993.SH,洛阳钼业,main,19.04,0.034677782161361935,0.0,0.0192719486081369,0.0936243538196437,0.8116955015732336,88,0.0159362549800796,40,75,0.0,0.0,0.0,市场情绪强，板块情绪强
2026-07-27,300331.SZ,苏大维格,chinext,42.5,0.034670106527759745,0.0,0.0,-0.046229802513465,0.7564718353618574,88,0.0159362549800796,40,10,0.0,0.0,0.0,市场情绪强，板块情绪强
2026-07-27,603898.SH,好莱客,main,10.51,0.034669587855567535,0.0,-0.0028462998102466,-0.1489878542510121,0.4786561431864631,88,0.0159362549800796,40,75,0.0,0.0,0.0,市场情绪强，板块情绪强
2026-07-27,000518.SZ,四环生物,main,3.47,0.034660319912115704,0.0,-0.0280112044817926,-0.1079691516709511,0.904751352079438,88,0.0159362549800796,40,75,0.0,0.0,0.0,市场情绪强，板块情绪强
2026-07-27,300976.SZ,达瑞电子,chinext,53.31,0.03464003140299831,0.0,0.0351456310679612,0.0403981264637003,0.8066028798887339,88,0.0159362549800796,40,10,0.0,0.0,0.0,市场情绪强，板块情绪强
2026-07-27,000935.SZ,四川双马,main,22.3,0.03460936617461385,0.0,-0.0574809805579036,-0.1383307573415764,0.571843359792203,88,0.0159362549800796,40,75,0.0,0.0,0.0,市场情绪强，板块情绪强
2026-07-27,002861.SZ,瀛通通讯,main,15.07,0.034607215205838864,0.0,0.0046666666666665,-0.1019070321811681,1.0644702135084418,88,0.0159362549800796,40,75,0.0,0.0,0.0,市场情绪强，板块情绪强
2026-07-27,002529.SZ,海源复材,main,6.1,0.034540525526153054,0.0,0.039182282793867,-0.0393700787401575,0.704032016816914,88,0.0159362549800796,40,75,0.0,0.0,0.0,市场情绪强，板块情绪强
2026-07-27,603058.SH,永吉股份,main,8.51,0.03452884855568742,0.0,0.0772151898734176,0.0637499999999999,0.4372400384978454,88,0.0159362549800796,40,75,0.0,0.0,0.0,短线动量强，市场情绪强，板块情绪强
2026-07-27,301373.SZ,凌玮科技,chinext,85.01,0.034512876103189226,0.0,-0.0758778128057396,-0.1117960505694283,0.5378930703484149,88,0.0159362549800796,40,10,0.0,0.0,0.0,市场情绪强，板块情绪强
2026-07-27,600727.SH,鲁北化工,main,7.04,0.034511015041301996,0.0,0.0262390670553935,0.0202898550724637,1.0198938534210755,88,0.0159362549800796,40,75,1.0,1.0,0.0,市场情绪强，板块情绪强，近5日触板记忆
2026-07-27,603897.SH,长城科技,main,23.34,0.034445830054940556,0.0,-0.0046908315565031,-0.0093378607809846,0.6840249437804823,88,0.0159362549800796,40,75,0.0,0.0,0.0,市场情绪强，板块情绪强
2026-07-27,603010.SH,万盛股份,main,9.92,0.03444270149629408,0.0,-0.0293542074363992,-0.1103139013452915,0.6241775284405247,88,0.0159362549800796,40,75,0.0,0.0,0.0,市场情绪强，板块情绪强
2026-07-27,300593.SZ,新雷能,chinext,23.7,0.03442920072039834,0.0,-0.0104384133611691,0.0743427017225748,0.8519144367543211,88,0.0159362549800796,40,10,0.0,0.0,0.0,市场情绪强，板块情绪强
2026-07-27,600376.SH,首开股份,main,3.31,0.03441740980079667,0.0,0.034375,0.0376175548589341,0.9052927636536166,88,0.0159362549800796,40,75,0.0,0.0,0.0,市场情绪强，板块情绪强
2026-07-27,688332.SH,中科蓝讯,star,84.15,0.03438492539587332,0.0,-0.0226480836236933,-0.0841314758380494,0.5577949977934599,88,0.0159362549800796,40,3,0.0,0.0,0.0,市场情绪强
2026-07-27,001300.SZ,三柏硕,main,9.6,0.03438150036161615,0.0,-0.0062111801242236,-0.1176470588235295,0.681637086575779,88,0.0159362549800796,40,75,0.0,0.0,0.0,市场情绪强，板块情绪强
2026-07-27,002294.SZ,信立泰,main,32.19,0.03437105632081876,0.0,-0.0875850340136055,-0.1360708534621578,0.9068085403453776,88,0.0159362549800796,40,75,0.0,0.0,0.0,市场情绪强，板块情绪强
2026-07-27,603703.SH,盛洋科技,main,8.17,0.034370105452776356,0.0,0.0123915737298636,-0.0273809523809523,0.4696437837307709,88,0.0159362549800796,40,75,0.0,0.0,0.0,市场情绪强，板块情绪强
2026-07-27,002460.SZ,赣锋锂业,main,49.03,0.034353806492945504,0.0,0.0280981337806669,0.0113448844884489,0.8791799002604301,88,0.0159362549800796,40,75,0.0,0.0,0.0,市场情绪强，板块情绪强
2026-07-27,000586.SZ,汇源通信,main,10.22,0.034321688320252904,0.0,-0.0038986354775827,-0.0571955719557194,0.6194180325013857,88,0.0159362549800796,40,75,0.0,0.0,0.0,市场情绪强，板块情绪强
2026-07-27,002188.SZ,中天服务,main,4.33,0.03431133966081449,0.0,-0.0114155251141552,-0.0767590618336887,0.6542358639426304,88,0.0159362549800796,40,75,0.0,0.0,0.0,市场情绪强，板块情绪强
2026-07-27,688218.SH,江苏北人,star,37.7,0.03431042312380448,0.0,-0.0303497942386831,0.0283687943262413,0.6629857466814459,88,0.0159362549800796,40,3,0.0,0.0,0.0,市场情绪强
2026-07-27,002310.SZ,东方新能,main,2.19,0.03430123094178786,0.0,-0.0798319327731091,-0.0798319327731091,0.7677912433101957,88,0.0159362549800796,40,75,0.0,0.0,0.0,市场情绪强，板块情绪强
2026-07-27,600982.SH,宁波能源,main,4.82,0.03428416765240352,0.0,-0.0622568093385212,-0.0530451866404714,0.6738120154317178,88,0.0159362549800796,40,75,0.0,0.0,0.0,市场情绪强，板块情绪强
2026-07-27,603958.SH,哈森股份,main,12.89,0.034283728123873064,0.0,-0.0212604403948366,-0.0706560922855081,0.7538081732610703,88,0.0159362549800796,40,75,0.0,0.0,0.0,市场情绪强，板块情绪强
2026-07-27,002832.SZ,比音勒芬,main,22.81,0.034260376538674156,0.0,0.0584686774941993,0.08567348881485,1.2980098440949788,88,0.0159362549800796,40,75,0.0,0.0,0.0,短线动量强，市场情绪强，板块情绪强
2026-07-27,002169.SZ,智光电气,main,10.63,0.03424417035073355,0.0,-0.0184672206832871,-0.0508928571428569,0.7144681684913637,88,0.0159362549800796,40,75,0.0,0.0,0.0,市场情绪强，板块情绪强
2026-07-27,002871.SZ,伟隆股份,main,15.18,0.03424041058935574,0.0,-0.039240506329114,-0.0635410240592228,0.4866760783979863,88,0.0159362549800796,40,75,0.0,0.0,0.0,市场情绪强，板块情绪强
2026-07-27,600489.SH,中金黄金,main,21.36,0.034220518173488854,0.0,0.0279114533205004,0.1206715634837356,0.7852535094224516,88,0.0159362549800796,40,75,0.0,0.0,0.0,市场情绪强，板块情绪强
2026-07-27,000519.SZ,中兵红箭,main,14.17,0.034172838987855406,0.0,0.029796511627907,0.0396184886280264,1.401861673488985,88,0.0159362549800796,40,75,0.0,0.0,0.0,市场情绪强，板块情绪强
2026-07-27,600589.SH,大位科技,main,6.92,0.03412243035808294,0.0,-0.041551246537396,-0.0559345156889495,0.7214353287712525,88,0.0159362549800796,40,75,0.0,0.0,0.0,市场情绪强，板块情绪强
2026-07-27,600362.SH,江西铜业,main,42.5,0.034073172937538844,0.0,0.0416666666666667,0.0889059697668459,0.8275921797119394,88,0.0159362549800796,40,75,0.0,0.0,0.0,市场情绪强，板块情绪强
2026-07-27,000600.SZ,建投能源,main,8.57,0.03407125296714983,0.0,-0.0519911504424777,0.0502450980392157,0.7438865339365643,88,0.0159362549800796,40,75,1.0,0.0,0.0,市场情绪强，板块情绪强，近5日触板记忆
2026-07-27,600267.SH,海正药业,main,11.56,0.03405762071497122,0.0,-0.050903119868637,0.0212014134275617,0.6240567370683728,88,0.0159362549800796,40,75,1.0,0.0,0.0,市场情绪强，板块情绪强，近5日触板记忆
2026-07-27,300968.SZ,格林精密,chinext,10.5,0.03405450512496077,0.0,-0.1593274619695757,-0.0591397849462366,0.8292482739308222,88,0.0159362549800796,40,10,0.0,0.0,0.0,市场情绪强，板块情绪强
2026-07-27,000520.SZ,凤凰航运,main,3.8,0.03401332078254805,0.0,0.0674157303370786,0.0052910052910053,0.8429327595844862,88,0.0159362549800796,40,75,0.0,0.0,0.0,短线动量强，市场情绪强，板块情绪强
2026-07-27,600095.SH,湘财股份,main,8.53,0.033991922844054716,0.0,-0.0501113585746103,-0.0184119677790564,0.6767316507493891,88,0.0159362549800796,40,75,0.0,0.0,0.0,市场情绪强，板块情绪强
2026-07-27,603097.SH,江苏华辰,main,15.35,0.03399048358976807,0.0,0.0484972677595627,0.0364618501012827,0.7176831856501951,88,0.0159362549800796,40,75,0.0,0.0,0.0,市场情绪强，板块情绪强
2026-07-27,002780.SZ,三夫户外,main,11.8,0.033983159677695586,0.0,0.009409751924722,-0.0809968847352023,0.751936314872385,88,0.0159362549800796,40,75,0.0,0.0,0.0,市场情绪强，板块情绪强
2026-07-27,002907.SZ,华森制药,main,12.25,0.03398012983412446,0.0,-0.0239043824701196,-0.0691489361702127,0.9319969427433896,88,0.0159362549800796,40,75,0.0,0.0,0.0,市场情绪强，板块情绪强
2026-07-27,002698.SZ,博实股份,main,12.4,0.03397661120515245,0.0,-0.0087929656274979,0.0180623973727422,1.1065133277012191,88,0.0159362549800796,40,75,0.0,0.0,0.0,市场情绪强，板块情绪强
2026-07-27,603219.SH,富佳股份,main,12.74,0.03397120531895188,0.0,0.0274193548387096,-0.021505376344086,0.6563350326726428,88,0.0159362549800796,40,75,0.0,0.0,0.0,市场情绪强，板块情绪强
2026-07-27,003009.SZ,中天火箭,main,50.59,0.033962725526699426,0.0,-0.0633216071097944,-0.1155594405594405,0.6852822857439655,88,0.0159362549800796,40,75,0.0,0.0,0.0,市场情绪强，板块情绪强
2026-07-27,603799.SH,华友钴业,main,39.31,0.03395759963029978,0.0,-0.0055653933721223,0.0624324324324325,0.7685129620638743,88,0.0159362549800796,40,75,0.0,0.0,0.0,市场情绪强，板块情绪强
2026-07-27,300570.SZ,太辰光,chinext,135.93,0.033954010908583694,0.0,-0.1126705398524707,-0.1401189271255061,0.5858626519474653,88,0.0159362549800796,40,10,0.0,0.0,0.0,市场情绪强，板块情绪强
2026-07-27,002831.SZ,裕同科技,main,27.1,0.03394822006029932,0.0,-0.0025763709974236,0.084,0.7372119650386354,88,0.0159362549800796,40,75,0.0,0.0,0.0,市场情绪强，板块情绪强
2026-07-27,605020.SH,永和股份,main,32.75,0.03394666785660797,0.0,-0.0191674153938304,-0.0304914150384842,0.7319330462961711,88,0.0159362549800796,40,75,0.0,0.0,0.0,市场情绪强，板块情绪强
2026-07-27,301379.SZ,天山电子,chinext,22.67,0.033933901479684975,0.0,-0.1416130253691783,-0.1467820850583364,0.7048232491956266,88,0.0159362549800796,40,10,0.0,0.0,0.0,市场情绪强，板块情绪强
2026-07-27,301127.SZ,武汉天源,chinext,19.05,0.03391740455271732,0.0,0.1238938053097347,0.2483617300131062,1.2575016138884592,88,0.0159362549800796,40,10,0.0,0.0,0.0,短线动量强，市场情绪强，板块情绪强
2026-07-27,603507.SH,振江股份,main,22.37,0.03388474000891659,0.0,0.0507280413339596,0.0242673992673994,1.2128802609206593,88,0.0159362549800796,40,75,0.0,0.0,0.0,短线动量强，市场情绪强，板块情绪强
2026-07-27,600829.SH,人民同泰,main,8.52,0.03387132660193474,0.0,-0.0543840177580466,-0.0897435897435897,0.612353250127542,88,0.0159362549800796,40,75,0.0,0.0,0.0,市场情绪强，板块情绪强
2026-07-27,300553.SZ,集智股份,chinext,41.58,0.03386658192815961,0.0,-0.1153191489361702,-0.2740921787709497,0.6204755911756804,88,0.0159362549800796,40,10,0.0,0.0,0.0,市场情绪强，板块情绪强
2026-07-27,000509.SZ,华塑控股,main,2.75,0.03386475665518458,0.0,-0.003623188405797,-0.028268551236749,0.5664657002327406,88,0.0159362549800796,40,75,0.0,0.0,0.0,市场情绪强，板块情绪强
2026-07-27,002927.SZ,泰永长征,main,13.91,0.03384783305999844,0.0,-0.0035816618911175,-0.0306620209059232,0.6745257424760429,88,0.0159362549800796,40,75,0.0,0.0,0.0,市场情绪强，板块情绪强
2026-07-27,002201.SZ,九鼎新材,main,7.29,0.033842824336883806,0.0,-0.0054570259208731,-0.029294274300932,0.6310735134536375,88,0.0159362549800796,40,75,0.0,0.0,0.0,市场情绪强，板块情绪强
2026-07-27,300097.SZ,智云股份,chinext,7.86,0.03380813513231573,0.0,0.0679347826086955,0.1164772727272727,0.7156449871271687,88,0.0159362549800796,40,10,0.0,0.0,0.0,短线动量强，市场情绪强，板块情绪强
2026-07-27,603933.SH,睿能科技,main,16.88,0.03380138631817609,0.0,-0.022016222479722,-0.0919849381387843,0.4539878251516236,88,0.0159362549800796,40,75,0.0,0.0,0.0,市场情绪强，板块情绪强
2026-07-27,603559.SH,中通国脉,main,7.82,0.033785952055523434,0.0,0.0343915343915344,0.0357615894039735,0.8056204020341464,88,0.0159362549800796,40,75,0.0,0.0,0.0,市场情绪强，板块情绪强
2026-07-27,300179.SZ,四方达,chinext,34.73,0.033779726117080536,0.0,-0.0570187347271247,-0.0374168514412417,0.6592835475447002,88,0.0159362549800796,40,10,0.0,0.0,0.0,市场情绪强，板块情绪强
2026-07-27,688511.SH,天微电子,star,20.12,0.0336669742320716,0.0,0.0506527415143605,-0.0895927601809954,0.7782489703679811,88,0.0159362549800796,40,3,0.0,0.0,0.0,短线动量强，市场情绪强
2026-07-27,600415.SH,小商品城,main,10.95,0.033665295080819245,0.0,-0.0552200172562554,0.0339943342776203,0.7408562242407453,88,0.0159362549800796,40,75,0.0,0.0,0.0,市场情绪强，板块情绪强
2026-07-27,603236.SH,移远通信,main,48.89,0.03358461156125425,0.0,-0.017286432160804,-0.0253189792663476,0.7358208215970256,88,0.0159362549800796,40,75,0.0,0.0,0.0,市场情绪强，板块情绪强
2026-07-27,603373.SH,安邦护卫,main,33.62,0.03355579435187366,0.0,-0.0311239193083574,0.0203338391502274,0.4634042845339843,88,0.0159362549800796,40,75,1.0,1.0,0.0,市场情绪强，板块情绪强，近5日触板记忆
2026-07-27,300943.SZ,春晖智控,chinext,23.01,0.03355266950691297,0.0,-0.0691747572815533,-0.1423779351472232,0.7797508529519974,88,0.0159362549800796,40,10,0.0,0.0,0.0,市场情绪强，板块情绪强
2026-07-27,000700.SZ,模塑科技,main,10.53,0.03353720666319707,0.0,-0.0746924428822496,-0.1304706853839802,0.8051129754155079,88,0.0159362549800796,40,75,0.0,0.0,0.0,市场情绪强，板块情绪强
2026-07-27,603499.SH,翔港科技,main,10.47,0.03350781570675811,0.0,-0.0056980056980056,-0.0420860018298261,0.7125709684417986,88,0.0159362549800796,40,75,0.0,0.0,0.0,市场情绪强，板块情绪强
2026-07-27,002492.SZ,恒基达鑫,main,4.93,0.03349481897089156,0.0,0.0185950413223139,-0.031434184675835,0.6579345327759752,88,0.0159362549800796,40,75,0.0,0.0,0.0,市场情绪强，板块情绪强
2026-07-27,601698.SH,中国卫通,main,25.03,0.03348248716806986,0.0,-0.005957108816521,-0.0218835482610394,0.6556558791508106,88,0.0159362549800796,40,75,0.0,0.0,0.0,市场情绪强，板块情绪强
2026-07-27,603701.SH,德宏股份,main,17.18,0.033458368541406124,0.0,0.0111830488522661,-0.0194063926940639,1.0632368844113895,88,0.0159362549800796,40,75,0.0,0.0,0.0,市场情绪强，板块情绪强
2026-07-27,001373.SZ,翔腾新材,main,23.86,0.03341034176126121,0.0,-0.0257247856267863,-0.0613690007867822,0.6497171055047315,88,0.0159362549800796,40,75,0.0,0.0,0.0,市场情绪强，板块情绪强
2026-07-27,000967.SZ,盈峰环境,main,6.84,0.03340039886651147,0.0,-0.0591471801925721,-0.0655737704918033,0.9224201387924942,88,0.0159362549800796,40,75,0.0,0.0,0.0,市场情绪强，板块情绪强
2026-07-27,301630.SZ,同宇新材,chinext,160.44,0.03337713393371557,0.0,-0.0599402355422744,-0.1144717960039739,0.8559694028265071,88,0.0159362549800796,40,10,0.0,0.0,0.0,市场情绪强，板块情绪强
2026-07-27,688448.SH,磁谷科技,star,46.82,0.03335938289402146,0.0,-0.0103572183470725,-0.0023439164713402,0.8990579114886978,88,0.0159362549800796,40,3,0.0,0.0,0.0,市场情绪强
2026-07-27,600509.SH,天富能源,main,7.41,0.03334725668088724,0.0,-0.0172413793103448,0.0349162011173185,0.9953319871382016,88,0.0159362549800796,40,75,1.0,1.0,0.0,市场情绪强，板块情绪强，近5日触板记忆
2026-07-27,603320.SH,迪贝电气,main,15.2,0.03334339646909426,0.0,-0.009771986970684,-0.0355329949238578,0.4314307934386883,88,0.0159362549800796,40,75,0.0,0.0,0.0,市场情绪强，板块情绪强
2026-07-27,000659.SZ,珠海中富,main,2.39,0.033292804470813966,0.0,0.0042016806722691,-0.0284552845528455,0.6597764165277389,88,0.0159362549800796,40,75,0.0,0.0,0.0,市场情绪强，板块情绪强
2026-07-27,301587.SZ,中瑞股份,chinext,20.42,0.0332542068525296,0.0,0.1061755146262188,0.0821409644939057,1.6274609502007322,88,0.0159362549800796,40,10,1.0,0.0,0.0,成交量放大，短线动量强，市场情绪强，板块情绪强，近5日触板记忆
2026-07-27,603048.SH,浙江黎明,main,16.26,0.03324549092322288,0.0,0.0627450980392156,0.0037037037037037,0.960752997853066,88,0.0159362549800796,40,75,0.0,0.0,0.0,短线动量强，市场情绪强，板块情绪强
2026-07-27,300458.SZ,全志科技,chinext,40.99,0.033235962494197926,0.0,0.0921929123367972,0.1654819448393516,1.0174602540204971,88,0.0159362549800796,40,10,0.0,0.0,0.0,短线动量强，市场情绪强，板块情绪强
2026-07-27,002023.SZ,海特高新,main,8.69,0.0332280790138607,0.0,-0.0158550396375991,-0.0257847533632287,0.8248589107384217,88,0.0159362549800796,40,75,0.0,0.0,0.0,市场情绪强，板块情绪强
2026-07-27,002853.SZ,皮阿诺,main,18.87,0.03320899612802226,0.0,-0.0063191153238545,-0.1227336122733612,0.5460071004157399,88,0.0159362549800796,40,75,0.0,0.0,0.0,市场情绪强，板块情绪强
2026-07-27,301295.SZ,美硕科技,chinext,34.0,0.03316073755415664,0.0,0.096774193548387,-0.0710382513661203,0.6506633429255813,88,0.0159362549800796,40,10,0.0,0.0,0.0,短线动量强，市场情绪强，板块情绪强
2026-07-27,688046.SH,药康生物,star,26.2,0.03315565338566512,0.0,0.0737704918032786,0.1293103448275863,0.4591544492554756,88,0.0159362549800796,40,3,0.0,0.0,0.0,短线动量强，市场情绪强
2026-07-27,601872.SH,招商轮船,main,15.7,0.03315152987772476,0.0,0.0665760869565217,0.1286843997124369,0.8863083523166562,88,0.0159362549800796,40,75,0.0,0.0,0.0,短线动量强，市场情绪强，板块情绪强
2026-07-27,600510.SH,黑牡丹,main,5.98,0.033148252599016124,0.0,0.027491408934708,0.0381944444444446,0.62894401224837,88,0.0159362549800796,40,75,0.0,0.0,0.0,市场情绪强，板块情绪强
2026-07-27,600797.SH,浙大网新,main,6.66,0.03313928911112898,0.0,-0.0220264317180616,0.0690208667736758,0.5987752363231629,88,0.0159362549800796,40,75,1.0,0.0,0.0,市场情绪强，板块情绪强，近5日触板记忆
2026-07-27,603016.SH,新宏泰,main,26.57,0.03311389993122504,0.0,0.0148968678380443,-0.0414862914862914,0.5699089361070309,88,0.0159362549800796,40,75,0.0,0.0,0.0,市场情绪强，板块情绪强
2026-07-27,603693.SH,江苏新能,main,11.69,0.03311300035115285,0.0,-0.0495934959349594,0.0103716508210889,0.802815878988168,88,0.0159362549800796,40,75,1.0,1.0,0.0,市场情绪强，板块情绪强，近5日触板记忆
2026-07-27,688286.SH,敏芯股份,star,40.89,0.03310158060359433,0.0,-0.0874804731086811,-0.0999339643407439,0.6883144905761303,88,0.0159362549800796,40,3,0.0,0.0,0.0,市场情绪强
2026-07-27,002866.SZ,传艺科技,main,13.51,0.03307515102695026,0.0,-0.1361892583120205,0.0007407407407407,0.6738051767213238,88,0.0159362549800796,40,75,1.0,0.0,0.0,市场情绪强，板块情绪强，近5日触板记忆
2026-07-27,002952.SZ,亚世光电,main,17.74,0.033068750257909146,0.0,-0.0039303761931499,-0.0568846358320043,0.8292864398624205,88,0.0159362549800796,40,75,0.0,0.0,0.0,市场情绪强，板块情绪强
2026-07-27,301067.SZ,显盈科技,chinext,25.19,0.0330686401981441,0.0,0.123049487293803,-0.0352355419379547,1.41636033641347,88,0.0159362549800796,40,10,0.0,0.0,0.0,短线动量强，市场情绪强，板块情绪强
2026-07-27,603666.SH,亿嘉和,main,19.75,0.033033802760212796,0.0,-0.0509370494954348,-0.1371778069025775,0.5209971446460486,88,0.0159362549800796,40,75,0.0,0.0,0.0,市场情绪强，板块情绪强
2026-07-27,603015.SH,弘讯科技,main,9.03,0.033024555138010926,0.0,-0.0152671755725191,-0.0924623115577889,0.5966405177977626,88,0.0159362549800796,40,75,0.0,0.0,0.0,市场情绪强，板块情绪强
2026-07-27,605058.SH,澳弘电子,main,23.33,0.03300329744111735,0.0,-0.0295341098169718,-0.0395224372169618,0.5755249621350678,88,0.0159362549800796,40,75,0.0,0.0,0.0,市场情绪强，板块情绪强
2026-07-27,301392.SZ,汇成真空,chinext,159.01,0.03299453074934884,0.0,-0.1162183192530013,-0.195049103978941,0.6935696047712964,88,0.0159362549800796,40,10,0.0,0.0,0.0,市场情绪强，板块情绪强
2026-07-27,002716.SZ,湖南白银,main,7.21,0.032985053534331045,0.0,-0.0163710777626193,0.0434153400868306,0.8910719127241904,88,0.0159362549800796,40,75,0.0,0.0,0.0,市场情绪强，板块情绪强
2026-07-27,603533.SH,掌阅科技,main,17.92,0.03298342250951852,0.0,-0.096318709026727,0.0011173184357544,0.5915808720617833,88,0.0159362549800796,40,75,1.0,0.0,0.0,市场情绪强，板块情绪强，近5日触板记忆
2026-07-27,300319.SZ,麦捷科技,chinext,14.84,0.03295038729535039,0.0,-0.0695924764890282,-0.0828182941903584,0.6756591424481205,88,0.0159362549800796,40,10,0.0,0.0,0.0,市场情绪强，板块情绪强
2026-07-27,601958.SH,金钼股份,main,20.7,0.03292105532340678,0.0,-0.0235849056603774,0.047570850202429,0.7455909653309455,88,0.0159362549800796,40,75,0.0,0.0,0.0,市场情绪强，板块情绪强
2026-07-27,600259.SH,中稀有色,main,71.11,0.03291150888532085,0.0,-0.0280207763805357,-0.0397029034436191,0.6610854727484976,88,0.0159362549800796,40,75,0.0,0.0,0.0,市场情绪强，板块情绪强
2026-07-27,002426.SZ,胜利精密,main,2.39,0.03291137860877796,0.0,-0.0401606425702811,-0.0772200772200771,0.6039725693574813,88,0.0159362549800796,40,75,0.0,0.0,0.0,市场情绪强，板块情绪强
2026-07-27,003023.SZ,彩虹集团,main,17.68,0.032885834354480066,0.0,0.0327102803738317,-0.0605738575982996,0.8069593215936424,88,0.0159362549800796,40,75,0.0,0.0,0.0,市场情绪强，板块情绪强
2026-07-27,300757.SZ,罗博特科,chinext,411.96,0.032881883542244646,0.0,-0.0637272727272727,-0.0025181598062954,0.5192734022361791,88,0.0159362549800796,40,10,0.0,0.0,0.0,市场情绪强，板块情绪强
2026-07-27,002910.SZ,庄园牧场,main,7.95,0.032865933152394146,0.0,-0.0245398773006134,-0.0924657534246574,0.6376363896161725,88,0.0159362549800796,40,75,0.0,0.0,0.0,市场情绪强，板块情绪强
2026-07-27,002687.SZ,乔治白,main,4.7,0.03286232442845566,0.0,-0.0766208251473477,-0.0996168582375478,0.5514578329444128,88,0.0159362549800796,40,75,0.0,0.0,0.0,市场情绪强，板块情绪强
2026-07-27,603023.SH,威帝股份,main,3.41,0.032859462906615004,0.0,0.0333333333333334,-0.03125,0.7818342418382981,88,0.0159362549800796,40,75,0.0,0.0,0.0,市场情绪强，板块情绪强
2026-07-27,600985.SH,淮北矿业,main,14.64,0.03282881828618966,0.0,-0.0161290322580645,0.0309859154929579,0.5921431873261738,88,0.0159362549800796,40,75,1.0,0.0,0.0,市场情绪强，板块情绪强，近5日触板记忆
2026-07-27,603036.SH,如通股份,main,11.79,0.03282353077109317,0.0,0.0396825396825395,-0.019134775374376,1.0709363473867708,88,0.0159362549800796,40,75,0.0,0.0,0.0,市场情绪强，板块情绪强
2026-07-27,601069.SH,西部黄金,main,22.52,0.03280839112695699,0.0,-0.0200174064403829,0.0387453874538745,0.8303446026716507,88,0.0159362549800796,40,75,0.0,0.0,0.0,市场情绪强，板块情绪强
2026-07-27,603813.SH,原尚股份,main,27.9,0.0328079353858738,0.0,-0.0382626680455016,-0.1786870768324993,0.6674905838041432,88,0.0159362549800796,40,75,0.0,0.0,0.0,市场情绪强，板块情绪强
2026-07-27,002049.SZ,紫光国微,main,64.5,0.03280697757197262,0.0,-0.0119485294117647,0.0062402496099844,0.632801891552705,88,0.0159362549800796,40,75,0.0,0.0,0.0,市场情绪强，板块情绪强
2026-07-27,603303.SH,得邦照明,main,18.5,0.032793289761973814,0.0,-0.0021574973031283,-0.0966796875,0.5894017340987258,88,0.0159362549800796,40,75,0.0,0.0,0.0,市场情绪强，板块情绪强
2026-07-27,001283.SZ,豪鹏科技,main,40.57,0.03278088839192994,0.0,-0.0212303980699638,-0.0354255825011887,0.5203661738566088,88,0.0159362549800796,40,75,0.0,0.0,0.0,市场情绪强，板块情绪强
2026-07-27,000691.SZ,亚太实业,main,9.4,0.03276030693824447,0.0,-0.0259067357512953,-0.141552511415525,0.5735877565910628,88,0.0159362549800796,40,75,0.0,0.0,0.0,市场情绪强，板块情绪强
2026-07-27,301377.SZ,鼎泰高科,chinext,396.6,0.032710933281822646,0.0,-0.0477791116446577,-0.0668235294117646,0.6132989371771574,88,0.0159362549800796,40,10,0.0,0.0,0.0,市场情绪强，板块情绪强
2026-07-27,688620.SH,安凯微,star,15.1,0.0327027359089251,0.0,0.0934105720492395,0.0871130309575234,0.7714758544876936,88,0.0159362549800796,40,3,0.0,0.0,0.0,短线动量强，市场情绪强
2026-07-27,603220.SH,XD中贝通,main,18.16,0.03266574469863505,0.0,0.0016547159404303,0.0570430733410942,0.6191776886963855,88,0.0159362549800796,40,75,0.0,0.0,0.0,市场情绪强，板块情绪强
2026-07-27,002703.SZ,浙江世宝,main,12.22,0.03266541586154754,0.0,0.01158940397351,-0.0016339869281045,0.7598575762433476,88,0.0159362549800796,40,75,0.0,0.0,0.0,市场情绪强，板块情绪强
2026-07-27,001223.SZ,欧克科技,main,27.82,0.03265552697153362,0.0,-0.0245441795231415,-0.0824538258575198,0.6195729666538143,88,0.0159362549800796,40,75,0.0,0.0,0.0,市场情绪强，板块情绪强
2026-07-27,002155.SZ,湖南黄金,main,22.18,0.032654374243816044,0.0,-0.0022492127755285,0.0684007707129092,0.7665334688346813,88,0.0159362549800796,40,75,0.0,0.0,0.0,市场情绪强，板块情绪强
2026-07-27,600775.SH,南京熊猫,main,8.55,0.032645822875826756,0.0,0.0,0.0106382978723404,1.7788377744097013,88,0.0159362549800796,40,75,0.0,0.0,0.0,成交量放大，市场情绪强，板块情绪强
2026-07-27,600562.SH,国睿科技,main,24.17,0.03261917063697668,0.0,0.0008281573498967,0.0642888595332453,0.7432946163651722,88,0.0159362549800796,40,75,0.0,0.0,0.0,市场情绪强，板块情绪强
2026-07-27,002549.SZ,凯美特气,main,13.1,0.03260244224611412,0.0,-0.0045592705167173,-0.0479651162790697,0.820805525078958,88,0.0159362549800796,40,75,0.0,0.0,0.0,市场情绪强，板块情绪强
2026-07-27,603606.SH,东方电缆,main,39.25,0.03259425823814513,0.0,-0.0095886954327529,0.0400105988341281,1.132986853601088,88,0.0159362549800796,40,75,0.0,0.0,0.0,市场情绪强，板块情绪强
2026-07-27,603319.SH,美湖股份,main,23.45,0.03256580483197095,0.0,-0.054054054054054,-0.0854134165366615,0.7775661800341447,88,0.0159362549800796,40,75,0.0,0.0,0.0,市场情绪强，板块情绪强
2026-07-27,003041.SZ,真爱美家,main,33.82,0.032507154076493294,0.0,-0.0334381251786225,-0.0901264460586495,0.4617746635783298,88,0.0159362549800796,40,75,0.0,0.0,0.0,市场情绪强，板块情绪强
2026-07-27,603032.SH,德新科技,main,16.52,0.03250678770934909,0.0,-0.046189376443418,-0.0719101123595505,0.6187600227109622,88,0.0159362549800796,40,75,0.0,0.0,0.0,市场情绪强，板块情绪强
2026-07-27,300912.SZ,凯龙高科,chinext,22.31,0.0324444266845292,0.0,-0.0150110375275938,-0.0841543513957306,1.075570033120014,88,0.0159362549800796,40,10,0.0,0.0,0.0,市场情绪强，板块情绪强
2026-07-27,600408.SH,安泰集团,main,2.51,0.03243433835607933,0.0,0.0329218106995883,0.0080321285140561,0.6344548301559889,88,0.0159362549800796,40,75,0.0,0.0,0.0,市场情绪强，板块情绪强
2026-07-27,301092.SZ,争光股份,chinext,43.7,0.032431191886267044,0.0,-0.0867293625914314,-0.2931090262051116,0.7442537653619666,88,0.0159362549800796,40,10,0.0,0.0,0.0,市场情绪强，板块情绪强
2026-07-27,001210.SZ,金房能源,main,17.54,0.03243084889996761,0.0,0.0034324942791761,-0.0845511482254698,0.5851204840467279,88,0.0159362549800796,40,75,0.0,0.0,0.0,市场情绪强，板块情绪强
2026-07-27,002301.SZ,齐心集团,main,6.64,0.03237526144558908,0.0,-0.0941336971350614,-0.1454311454311454,0.7082995065461684,88,0.0159362549800796,40,75,0.0,0.0,0.0,市场情绪强，板块情绪强
2026-07-27,000026.SZ,飞亚达,main,15.93,0.032345354434180774,0.0,-0.0226993865030675,-0.0596221959858324,0.5846588519331792,88,0.0159362549800796,40,75,0.0,0.0,0.0,市场情绪强，板块情绪强
2026-07-27,688099.SH,晶晨股份,star,98.0,0.032344145245696884,0.0,0.1136363636363635,0.1212814645308923,1.3434165922353447,88,0.0159362549800796,40,3,0.0,0.0,0.0,短线动量强，市场情绪强
2026-07-27,000802.SZ,北京文化,main,3.72,0.03232219030186126,0.0,0.0333333333333334,0.0333333333333334,0.9424674291017812,88,0.0159362549800796,40,75,0.0,0.0,0.0,市场情绪强，板块情绪强
2026-07-27,000036.SZ,华联控股,main,3.94,0.03230439049929667,0.0,-0.0075566750629723,-0.0506024096385543,0.4619102796406031,88,0.0159362549800796,40,75,0.0,0.0,0.0,市场情绪强，板块情绪强
2026-07-27,000833.SZ,粤桂股份,main,19.78,0.032304312438517745,0.0,0.037775445960126,0.0515683147262095,0.919669106131104,88,0.0159362549800796,40,75,0.0,0.0,0.0,市场情绪强，板块情绪强
2026-07-27,601699.SH,潞安环能,main,15.14,0.03230135793990477,0.0,0.0127090301003345,0.0543175487465181,0.6641715358828254,88,0.0159362549800796,40,75,0.0,0.0,0.0,市场情绪强，板块情绪强
2026-07-27,001393.SZ,维通利,main,42.17,0.032296014683623094,0.0,0.0009494422027058,-0.0089306698002349,0.8680436148444568,88,0.0159362549800796,40,75,0.0,0.0,0.0,市场情绪强，板块情绪强
2026-07-27,002316.SZ,亚联发展,main,3.68,0.032288516905918246,0.0,0.0137741046831956,-0.0612244897959183,0.5542746459153763,88,0.0159362549800796,40,75,0.0,0.0,0.0,市场情绪强，板块情绪强
2026-07-27,003020.SZ,立方制药,main,15.6,0.032277876974436334,0.0,-0.029247044181705,-0.1211267605633803,0.6032354829951195,88,0.0159362549800796,40,75,0.0,0.0,0.0,市场情绪强，板块情绪强
2026-07-27,601778.SH,晶科科技,main,3.41,0.03227602861679633,0.0,-0.0284900284900283,0.0179104477611939,0.8470375851108215,88,0.0159362549800796,40,75,0.0,0.0,0.0,市场情绪强，板块情绪强
2026-07-27,002876.SZ,三利谱,main,25.77,0.03225067354647101,0.0,0.0015546055188495,0.0031140521603736,0.823483279941015,88,0.0159362549800796,40,75,0.0,0.0,0.0,市场情绪强，板块情绪强
2026-07-27,002497.SZ,雅化集团,main,16.93,0.03225014132527663,0.0,0.0011827321111768,-0.0122520420070012,0.7081185238308838,88,0.0159362549800796,40,75,0.0,0.0,0.0,市场情绪强，板块情绪强
2026-07-27,688202.SH,美迪西,star,82.45,0.032192175182539876,0.0,0.0263911365616831,0.134268812766543,0.8373609153271911,88,0.0159362549800796,40,3,0.0,0.0,0.0,市场情绪强
2026-07-27,002246.SZ,北化股份,main,19.39,0.03217724682899408,0.0,0.0730492529053681,0.1118119266055044,1.4663166762461368,88,0.0159362549800796,40,75,0.0,0.0,0.0,短线动量强，市场情绪强，板块情绪强
2026-07-27,600319.SH,亚星化学,main,5.17,0.03216039833929079,0.0,-0.0095785440613026,-0.0767857142857142,0.6830494940460715,88,0.0159362549800796,40,75,0.0,0.0,0.0,市场情绪强，板块情绪强
2026-07-27,688628.SH,优利德,star,63.03,0.0321435291472076,0.0,-0.0591133004926107,-0.0390303399908522,0.6937030191127944,88,0.0159362549800796,40,3,0.0,0.0,0.0,市场情绪强
2026-07-27,603339.SH,四方科技,main,11.36,0.03213692041120555,0.0,0.0053097345132742,-0.0164502164502166,0.6080715891171421,88,0.0159362549800796,40,75,0.0,0.0,0.0,市场情绪强，板块情绪强
2026-07-27,002028.SZ,思源电气,main,162.68,0.03213337609489508,0.0,0.0435563538392458,0.1062903774226453,0.9397172308328012,88,0.0159362549800796,40,75,0.0,0.0,0.0,市场情绪强，板块情绪强
2026-07-27,002131.SZ,利欧股份,main,3.85,0.03210334537025816,0.0,-0.0277777777777777,0.0026041666666667,0.6707550449009644,88,0.0159362549800796,40,75,0.0,0.0,0.0,市场情绪强，板块情绪强
2026-07-27,002800.SZ,天顺股份,main,11.42,0.03209726846875455,0.0,-0.0026200873362445,-0.0715447154471545,0.6027460174942437,88,0.0159362549800796,40,75,0.0,0.0,0.0,市场情绪强，板块情绪强
2026-07-27,000859.SZ,国风新材,main,7.27,0.032090575606111005,0.0,0.002758620689655,-0.0496732026143791,0.7687819755944824,88,0.0159362549800796,40,75,0.0,0.0,0.0,市场情绪强，板块情绪强
2026-07-27,002633.SZ,申科股份,main,12.86,0.032078249506237964,0.0,-0.0015527950310559,-0.0509225092250923,0.5684076812647023,88,0.0159362549800796,40,75,0.0,0.0,0.0,市场情绪强，板块情绪强
2026-07-27,688008.SH,澜起科技,star,233.66,0.03207114088273106,0.0,0.0640255009107468,0.2726579520697167,0.8059518200036655,88,0.0159362549800796,40,3,0.0,0.0,0.0,短线动量强，市场情绪强
2026-07-27,600158.SH,中体产业,main,6.6,0.03206813273254473,0.0,0.0248447204968942,0.0377358490566037,1.4112897564009133,88,0.0159362549800796,40,75,0.0,0.0,0.0,市场情绪强，板块情绪强
2026-07-27,603730.SH,岱美股份,main,9.61,0.03203642227485137,0.0,-0.088235294117647,-0.0759615384615385,1.0110910202196834,88,0.0159362549800796,40,75,0.0,0.0,0.0,市场情绪强，板块情绪强
2026-07-27,603051.SH,鹿山新材,main,17.33,0.032035109047266835,0.0,-0.0514504652435687,-0.1538085937500001,0.6303781648354805,88,0.0159362549800796,40,75,0.0,0.0,0.0,市场情绪强，板块情绪强
2026-07-27,603733.SH,仙鹤股份,main,20.51,0.03202056063158417,0.0,0.0229426433915211,0.1050646551724139,0.4789966245193729,88,0.0159362549800796,40,75,0.0,0.0,0.0,市场情绪强，板块情绪强
2026-07-27,002256.SZ,兆新股份,main,3.17,0.031992970732841165,0.0,0.0127795527156548,0.0192926045016077,0.9012005504810934,88,0.0159362549800796,40,75,0.0,0.0,0.0,市场情绪强，板块情绪强
2026-07-27,000637.SZ,茂化实华,main,3.44,0.03198027591930799,0.0,0.0117647058823529,-0.0417827298050138,0.8485749429982489,88,0.0159362549800796,40,75,0.0,0.0,0.0,市场情绪强，板块情绪强
2026-07-27,688603.SH,天承科技,star,97.08,0.03193261788167714,0.0,-0.0867356538099717,-0.1254054054054054,0.5555418309601164,88,0.0159362549800796,40,3,0.0,0.0,0.0,市场情绪强
2026-07-27,000626.SZ,远大控股,main,6.43,0.03193047235210917,0.0,0.0304487179487178,-0.0015527950310559,0.9229230726095125,88,0.0159362549800796,40,75,0.0,0.0,0.0,市场情绪强，板块情绪强
2026-07-27,603912.SH,佳力图,main,6.82,0.03192373875318013,0.0,0.0029411764705882,0.0014684287812041,0.5823544014489987,88,0.0159362549800796,40,75,0.0,0.0,0.0,市场情绪强，板块情绪强
2026-07-27,000661.SZ,长春高新,main,75.41,0.03191720025882175,0.0,0.0030593242883745,0.0404249448123619,0.784809763493712,88,0.0159362549800796,40,75,0.0,0.0,0.0,市场情绪强，板块情绪强
2026-07-27,300706.SZ,阿石创,chinext,47.8,0.03189262793991925,0.0,-0.0571992110453649,-0.0483774636671312,0.6135320329769547,88,0.0159362549800796,40,10,0.0,0.0,0.0,市场情绪强，板块情绪强
2026-07-27,300684.SZ,中石科技,chinext,46.4,0.03185773159083928,0.0,-0.0923317683881064,-0.1486238532110092,0.5860792082666022,88,0.0159362549800796,40,10,0.0,0.0,0.0,市场情绪强，板块情绪强
2026-07-27,600113.SH,浙江东日,main,27.9,0.031841261278222614,0.0,-0.0571138898276445,-0.0162200282087447,0.4827982344081559,88,0.0159362549800796,40,75,1.0,1.0,0.0,市场情绪强，板块情绪强，近5日触板记忆
2026-07-27,301308.SZ,江波龙,chinext,370.01,0.03182505370524029,0.0,-0.1229080737685488,-0.0656313131313132,0.7345230738100279,88,0.0159362549800796,40,10,0.0,0.0,0.0,市场情绪强，板块情绪强
2026-07-27,601918.SH,新集能源,main,9.74,0.031823577174474565,0.0,-0.0469667318982387,-0.0121703853955374,0.7999933243486829,88,0.0159362549800796,40,75,0.0,0.0,0.0,市场情绪强，板块情绪强
2026-07-27,600605.SH,汇通能源,main,24.85,0.03181626617343706,0.0,-0.1234567901234567,-0.0751767770748046,0.5589547452385177,88,0.0159362549800796,40,75,0.0,0.0,0.0,市场情绪强，板块情绪强
2026-07-27,001696.SZ,宗申动力,main,14.46,0.03179727589072506,0.0,-0.0423841059602648,-0.0561357702349869,0.6875638443056571,88,0.0159362549800796,40,75,0.0,0.0,0.0,市场情绪强，板块情绪强
2026-07-27,002600.SZ,领益智造,main,12.09,0.031718291668855474,0.0,-0.0210526315789473,0.0595968448729185,0.7004325891997785,88,0.0159362549800796,40,75,0.0,0.0,0.0,市场情绪强，板块情绪强
2026-07-27,300903.SZ,科翔股份,chinext,60.78,0.031711941269337136,0.0,-0.1090589270008794,-0.0419293820933164,0.5787857394994975,88,0.0159362549800796,40,10,0.0,0.0,0.0,市场情绪强，板块情绪强
2026-07-27,600129.SH,太极集团,main,14.73,0.031707144813905276,0.0,-0.0372549019607842,-0.0153743315508021,0.7925197575144473,88,0.0159362549800796,40,75,0.0,0.0,0.0,市场情绪强，板块情绪强
2026-07-27,600488.SH,津药药业,main,4.84,0.0316459539960109,0.0,-0.0434782608695651,-0.1669535283993115,0.7448207907961993,88,0.0159362549800796,40,75,0.0,0.0,0.0,市场情绪强，板块情绪强
2026-07-27,002494.SZ,华斯股份,main,4.2,0.031640731344767824,0.0,0.0047846889952154,-0.054054054054054,0.6578565712123048,88,0.0159362549800796,40,75,0.0,0.0,0.0,市场情绪强，板块情绪强
2026-07-27,603223.SH,恒通股份,main,10.25,0.031629536036153094,0.0,-0.0357478833490123,-0.0790655884995508,0.6587530865325569,88,0.0159362549800796,40,75,0.0,0.0,0.0,市场情绪强，板块情绪强
2026-07-27,603659.SH,璞泰来,main,23.83,0.031618474080697186,0.0,0.0369886858137509,0.0981566820276498,0.7586211157398506,88,0.0159362549800796,40,75,0.0,0.0,0.0,市场情绪强，板块情绪强
2026-07-27,600610.SH,中毅达,main,6.36,0.03161258759906071,0.0,0.0095238095238097,0.0274636510500807,0.9729277682326064,88,0.0159362549800796,40,75,0.0,0.0,0.0,市场情绪强，板块情绪强
2026-07-27,688096.SH,京源环保,star,7.2,0.03160905484805241,0.0,-0.0068965517241379,-0.2421052631578947,0.781363114582399,88,0.0159362549800796,40,3,0.0,0.0,0.0,市场情绪强
2026-07-27,603179.SH,新泉股份,main,38.51,0.03159432478270747,0.0,-0.0962215442384417,-0.0616471734892787,0.938368797823114,88,0.0159362549800796,40,75,0.0,0.0,0.0,市场情绪强，板块情绪强
2026-07-27,600470.SH,六国化工,main,5.15,0.03158609452498543,0.0,0.0038986354775829,-0.0227703984819732,0.8133423217158441,88,0.0159362549800796,40,75,0.0,0.0,0.0,市场情绪强，板块情绪强
2026-07-27,300433.SZ,蓝思科技,chinext,37.32,0.03155658967078785,0.0,-0.0253329851136067,0.0899532710280373,1.0624363956154028,88,0.0159362549800796,40,10,0.0,0.0,0.0,市场情绪强，板块情绪强
2026-07-27,603313.SH,梦百合,main,5.57,0.03155290523342715,0.0,-0.0088967971530248,-0.195086705202312,0.7232437261548279,88,0.0159362549800796,40,75,0.0,0.0,0.0,市场情绪强，板块情绪强
2026-07-27,603282.SH,亚光股份,main,13.17,0.03149801950511433,0.0,0.0107444359171144,-0.0497835497835497,1.0261863835157423,88,0.0159362549800796,40,75,0.0,0.0,0.0,市场情绪强，板块情绪强
2026-07-27,688019.SH,安集科技,star,256.49,0.0314735235687782,0.0,-0.0210305343511449,0.072910566385008,0.8713579415529908,88,0.0159362549800796,40,3,0.0,0.0,0.0,市场情绪强
2026-07-27,002421.SZ,达实智能,main,2.67,0.031463295137491624,0.0,-0.0037313432835821,-0.014760147601476,0.6614830946776226,88,0.0159362549800796,40,75,0.0,0.0,0.0,市场情绪强，板块情绪强
2026-07-27,688593.SH,新相微,star,28.75,0.03144354442226857,0.0,0.0169791298195967,0.0687732342007436,1.089803214933445,88,0.0159362549800796,40,3,0.0,0.0,0.0,市场情绪强
2026-07-27,002413.SZ,雷科防务,main,7.6,0.03144104111256407,0.0,0.0,0.0,1.0526681622397642,88,0.0159362549800796,40,75,0.0,0.0,0.0,市场情绪强，板块情绪强
2026-07-27,603867.SH,新化股份,main,26.24,0.03139349531392763,0.0,-0.0245353159851301,-0.0292267850536441,0.5861416652806543,88,0.0159362549800796,40,75,0.0,0.0,0.0,市场情绪强，板块情绪强
2026-07-27,605222.SH,起帆电缆,main,17.7,0.031390758682915555,0.0,0.006825938566553,0.0,0.93802769660724,88,0.0159362549800796,40,75,0.0,0.0,0.0,市场情绪强，板块情绪强
2026-07-27,603859.SH,能科科技,main,34.75,0.03138991360497515,0.0,-0.0711039828922747,-0.07010971367407,0.5649840254187278,88,0.0159362549800796,40,75,0.0,0.0,0.0,市场情绪强，板块情绪强
2026-07-27,601212.SH,白银有色,main,4.62,0.031387139050417436,0.0,-0.0085836909871245,0.0335570469798658,0.9733457129378988,88,0.0159362549800796,40,75,0.0,0.0,0.0,市场情绪强，板块情绪强
2026-07-27,301338.SZ,凯格精机,chinext,91.89,0.03138450292806047,0.0,-0.0624426078971533,-0.0446038677479726,0.6091395118130783,88,0.0159362549800796,40,10,0.0,0.0,0.0,市场情绪强，板块情绪强
2026-07-27,600546.SH,山煤国际,main,12.3,0.03137105839231098,0.0,-0.0048543689320387,0.0414902624894157,0.8354960150083118,88,0.0159362549800796,40,75,0.0,0.0,0.0,市场情绪强，板块情绪强
2026-07-27,300368.SZ,汇金股份,chinext,8.5,0.03132277694449934,0.0,-0.1264131551901336,0.0841836734693877,0.6972262941467426,88,0.0159362549800796,40,10,1.0,0.0,0.0,市场情绪强，板块情绪强，近5日触板记忆
2026-07-27,605186.SH,健麾信息,main,22.28,0.031305100840107326,0.0,-0.0789582472095907,-0.2263888888888888,0.5754542873225368,88,0.0159362549800796,40,75,0.0,0.0,0.0,市场情绪强，板块情绪强
2026-07-27,002923.SZ,润都股份,main,10.12,0.031288357180052906,0.0,-0.0287907869481766,-0.0497652582159625,0.6552263522691875,88,0.0159362549800796,40,75,0.0,0.0,0.0,市场情绪强，板块情绪强
2026-07-27,002629.SZ,仁智股份,main,4.11,0.03128801866056264,0.0,0.0223880597014927,-0.0260663507109003,0.6438311497287242,88,0.0159362549800796,40,75,0.0,0.0,0.0,市场情绪强，板块情绪强
2026-07-27,002692.SZ,远程股份,main,3.58,0.03127446691099626,0.0,0.0257879656160457,-0.0083102493074791,0.8373544869108513,88,0.0159362549800796,40,75,0.0,0.0,0.0,市场情绪强，板块情绪强
2026-07-27,603085.SH,天成自控,main,9.01,0.03125719408098401,0.0,-0.0163755458515284,-0.0824847250509165,0.6282025185791921,88,0.0159362549800796,40,75,0.0,0.0,0.0,市场情绪强，板块情绪强
2026-07-27,603937.SH,丽岛新材,main,9.44,0.031249718429807248,0.0,-0.0052687038988409,-0.0445344129554656,0.6726883758335827,88,0.0159362549800796,40,75,0.0,0.0,0.0,市场情绪强，板块情绪强
2026-07-27,001369.SZ,双欣材料,main,12.28,0.03124455059025662,0.0,-0.1146359048305696,-0.0517374517374517,0.6360749850208316,88,0.0159362549800796,40,75,0.0,0.0,0.0,市场情绪强，板块情绪强
2026-07-27,002513.SZ,蓝丰生化,main,4.41,0.031221342040764318,0.0,0.0045558086560364,-0.0433839479392624,0.6595895109692413,88,0.0159362549800796,40,75,0.0,0.0,0.0,市场情绪强，板块情绪强
2026-07-27,603500.SH,祥和实业,main,8.08,0.031217117589833313,0.0,-0.0085889570552147,-0.0549707602339182,0.572261614214489,88,0.0159362549800796,40,75,0.0,0.0,0.0,市场情绪强，板块情绪强
2026-07-27,600969.SH,郴电国际,main,7.71,0.031213015939982165,0.0,-0.06318347509113,-0.0469715698393077,0.5720319567692971,88,0.0159362549800796,40,75,1.0,1.0,0.0,市场情绪强，板块情绪强，近5日触板记忆
2026-07-27,600563.SH,法拉电子,main,126.86,0.03120601672279065,0.0,-0.0277437155119557,0.0106755895474826,0.6983905702371873,88,0.0159362549800796,40,75,0.0,0.0,0.0,市场情绪强，板块情绪强
2026-07-27,603681.SH,永冠新材,main,16.67,0.031204323717437553,0.0,-0.039193083573487,-0.0597856739988719,0.6308559393392711,88,0.0159362549800796,40,75,0.0,0.0,0.0,市场情绪强，板块情绪强
2026-07-27,301326.SZ,捷邦科技,chinext,84.92,0.031193231742391393,0.0,-0.0835311892941937,-0.0867835251102268,0.6162797761104324,88,0.0159362549800796,40,10,0.0,0.0,0.0,市场情绪强，板块情绪强
2026-07-27,000925.SZ,众合科技,main,6.66,0.031186214982262348,0.0,-0.0162481536189068,-0.0333817126269956,0.7115625194820202,88,0.0159362549800796,40,75,0.0,0.0,0.0,市场情绪强，板块情绪强
2026-07-27,301568.SZ,思泰克,chinext,65.0,0.03112492453556272,0.0,-0.0566037735849057,-0.1117791746378792,0.6393368683168307,88,0.0159362549800796,40,10,0.0,0.0,0.0,市场情绪强，板块情绪强
2026-07-27,688605.SH,先锋精科,star,70.8,0.03109971551656405,0.0,-0.0888030888030888,-0.0401301518438178,0.6232796182977669,88,0.0159362549800796,40,3,0.0,0.0,0.0,市场情绪强
2026-07-27,002962.SZ,五方光电,main,11.49,0.03109887283876776,0.0,-0.0303797468354429,-0.0448877805486284,0.5688214089261228,88,0.0159362549800796,40,75,0.0,0.0,0.0,市场情绪强，板块情绪强
2026-07-27,301345.SZ,涛涛车业,chinext,256.9,0.03109872350919206,0.0,0.0235059760956173,0.0602121249638891,1.1673893704396787,88,0.0159362549800796,40,10,0.0,0.0,0.0,市场情绪强，板块情绪强
2026-07-27,000880.SZ,潍柴重机,main,21.15,0.03109151596810988,0.0,0.0085836909871244,0.0163382988947622,0.6548409584148954,88,0.0159362549800796,40,75,0.0,0.0,0.0,市场情绪强，板块情绪强
2026-07-27,605180.SH,华生科技,main,10.57,0.03107820699767488,0.0,0.0282101167315176,-0.0545617173524149,0.8961726664793839,88,0.0159362549800796,40,75,0.0,0.0,0.0,市场情绪强，板块情绪强
2026-07-27,002137.SZ,实益达,main,6.7,0.031078046783409183,0.0,-0.074585635359116,-0.0871934604904631,0.6034231464965333,88,0.0159362549800796,40,75,0.0,0.0,0.0,市场情绪强，板块情绪强
2026-07-27,002471.SZ,中超控股,main,4.94,0.031038039537391062,0.0,0.0164609053497941,0.0185567010309279,0.8622469209813899,88,0.0159362549800796,40,75,0.0,0.0,0.0,市场情绪强，板块情绪强
2026-07-27,301489.SZ,思泉新材,chinext,106.51,0.031037625030552556,0.0,-0.1124166666666666,-0.0866918195849768,0.6031291242746399,88,0.0159362549800796,40,10,0.0,0.0,0.0,市场情绪强，板块情绪强
2026-07-27,300862.SZ,蓝盾光电,chinext,19.01,0.031027273456860918,0.0,0.2408616187989556,0.2193713919178961,1.9153538488095625,88,0.0159362549800796,40,10,0.0,0.0,0.0,成交量放大，短线动量强，市场情绪强，板块情绪强
2026-07-27,002338.SZ,奥普光电,main,38.05,0.03100626547863636,0.0,-0.0422854266297507,-0.0308201732042792,0.6098055805946948,88,0.0159362549800796,40,75,0.0,0.0,0.0,市场情绪强，板块情绪强
2026-07-27,301133.SZ,金钟股份,chinext,24.24,0.03099113788084442,0.0,-0.0053344275748872,-0.0388580491673274,0.8834153009018204,88,0.0159362549800796,40,10,0.0,0.0,0.0,市场情绪强，板块情绪强
2026-07-27,001378.SZ,德冠新材,main,15.75,0.03098291787881081,0.0,-0.066390041493776,-0.1626794258373205,0.6945039963059322,88,0.0159362549800796,40,75,0.0,0.0,0.0,市场情绪强，板块情绪强
2026-07-27,600410.SH,华胜天成,main,12.86,0.030961241236962696,0.0,-0.0388639760837071,-0.0198170731707316,0.6672294610872287,88,0.0159362549800796,40,75,0.0,0.0,0.0,市场情绪强，板块情绪强
2026-07-27,600066.SH,宇通客车,main,31.66,0.03092051028808563,0.0,0.00571791613723,0.0638440860215052,0.7524348536974627,88,0.0159362549800796,40,75,0.0,0.0,0.0,市场情绪强，板块情绪强
2026-07-27,603297.SH,永新光学,main,90.27,0.030834799087397922,0.0,-0.0545664013405949,-0.0420248328557785,0.5227549862812616,88,0.0159362549800796,40,75,0.0,0.0,0.0,市场情绪强，板块情绪强
2026-07-27,003027.SZ,同兴科技,main,14.63,0.030821489241371448,0.0,0.0117565698478561,-0.0425392670157067,0.6269313726570911,88,0.0159362549800796,40,75,0.0,0.0,0.0,市场情绪强，板块情绪强
2026-07-27,001257.SZ,盛龙股份,main,23.66,0.030813851076219756,0.0,-0.0389926888708367,-0.0166251039068993,0.7895253391417173,88,0.0159362549800796,40,75,0.0,0.0,0.0,市场情绪强，板块情绪强
2026-07-27,002729.SZ,好利科技,main,12.23,0.030811263593641853,0.0,-0.0129136400322841,-0.0254980079681275,0.6281704987574459,88,0.0159362549800796,40,75,0.0,0.0,0.0,市场情绪强，板块情绪强
2026-07-27,002506.SZ,协鑫集成,main,2.38,0.03078589192583901,0.0,-0.012448132780083,0.017094017094017,0.8444668600618223,88,0.0159362549800796,40,75,0.0,0.0,0.0,市场情绪强，板块情绪强
2026-07-27,002346.SZ,柘中股份,main,16.66,0.030757084462216325,0.0,-0.0447247706422019,-0.096529284164859,0.7132668483071205,88,0.0159362549800796,40,75,0.0,0.0,0.0,市场情绪强，板块情绪强
2026-07-27,688151.SH,华强科技,star,16.82,0.030702453538521926,0.0,0.2031473533619456,0.1632088520055323,2.513307265978733,88,0.0159362549800796,40,3,0.0,0.0,0.0,成交量放大，短线动量强，市场情绪强
2026-07-27,601233.SH,桐昆股份,main,21.13,0.030700723571091496,0.0,-0.0018894662257913,0.0232445520581114,0.8811490127237585,88,0.0159362549800796,40,75,0.0,0.0,0.0,市场情绪强，板块情绪强
2026-07-27,002250.SZ,联化科技,main,14.94,0.030700218095377072,0.0,-0.1263157894736842,-0.0429212043561819,0.7074010836950096,88,0.0159362549800796,40,75,0.0,0.0,0.0,市场情绪强，板块情绪强
2026-07-27,002446.SZ,盛路通信,main,7.23,0.03069510126911877,0.0,-0.0436507936507934,-0.073076923076923,0.709180520941648,88,0.0159362549800796,40,75,0.0,0.0,0.0,市场情绪强，板块情绪强
2026-07-27,000948.SZ,南天信息,main,12.7,0.030694802034664626,0.0,-0.1271477663230241,-0.1024734982332156,0.7533666216547663,88,0.0159362549800796,40,75,0.0,0.0,0.0,市场情绪强，板块情绪强
2026-07-27,605277.SH,新亚电子,main,14.02,0.030656470718401014,0.0,0.0014285714285713,0.0028612303290413,0.803181945778302,88,0.0159362549800796,40,75,0.0,0.0,0.0,市场情绪强，板块情绪强
2026-07-27,603379.SH,三美股份,main,60.1,0.0306501490279996,0.0,0.0056894243641232,0.0070375335120642,0.7371188188381051,88,0.0159362549800796,40,75,0.0,0.0,0.0,市场情绪强，板块情绪强
2026-07-27,002418.SZ,康盛股份,main,3.26,0.030634137155141346,0.0,0.028391167192429,0.0061728395061726,0.7361182060445743,88,0.0159362549800796,40,75,0.0,0.0,0.0,市场情绪强，板块情绪强
2026-07-27,603596.SH,伯特利,main,24.2,0.030623704068150424,0.0,0.0297872340425531,0.046712802768166,1.056012793486058,88,0.0159362549800796,40,75,0.0,0.0,0.0,市场情绪强，板块情绪强
2026-07-27,600382.SH,广东明珠,main,5.74,0.03062148063193826,0.0,0.0034965034965035,-0.0017391304347825,0.9233977569783226,88,0.0159362549800796,40,75,0.0,0.0,0.0,市场情绪强，板块情绪强
2026-07-27,603328.SH,依顿电子,main,8.51,0.030619947169883328,0.0,-0.0438202247191011,-0.0470324748040313,0.5719883751973786,88,0.0159362549800796,40,75,0.0,0.0,0.0,市场情绪强，板块情绪强
2026-07-27,688699.SH,明微电子,star,49.6,0.030590601771079685,0.0,-0.051625239005736,-0.0331384015594541,0.673486398048848,88,0.0159362549800796,40,3,0.0,0.0,0.0,市场情绪强
2026-07-27,603178.SH,圣龙股份,main,14.89,0.030565130925973818,0.0,-0.0740049751243779,-0.0274330502939255,0.7586154317661684,88,0.0159362549800796,40,75,0.0,0.0,0.0,市场情绪强，板块情绪强
2026-07-27,002106.SZ,莱宝高科,main,9.34,0.030563775445533396,0.0,-0.0622489959839358,-0.076162215628091,0.6221187747578316,88,0.0159362549800796,40,75,0.0,0.0,0.0,市场情绪强，板块情绪强
2026-07-27,002809.SZ,红墙股份,main,7.02,0.03055282656112708,0.0,0.0086206896551723,-0.0500676589986468,0.9874082038844249,88,0.0159362549800796,40,75,0.0,0.0,0.0,市场情绪强，板块情绪强
2026-07-27,603270.SH,金帝股份,main,22.44,0.03053727561712968,0.0,-0.0750206100577082,-0.1661092530657747,0.5318982207166815,88,0.0159362549800796,40,75,0.0,0.0,0.0,市场情绪强，板块情绪强
2026-07-27,688138.SH,清溢光电,star,29.74,0.030532576677881975,0.0,-0.1224550014753614,-0.1132975551580203,0.5821282968019738,88,0.0159362549800796,40,3,0.0,0.0,0.0,市场情绪强
2026-07-27,002181.SZ,粤 传 媒,main,7.69,0.030502916325569444,0.0,-0.0191326530612244,-0.0228716645489198,0.8077276925002078,88,0.0159362549800796,40,75,0.0,0.0,0.0,市场情绪强，板块情绪强
2026-07-27,002518.SZ,科士达,main,32.26,0.030469352673984235,0.0,-0.0449970396684429,-0.0378765284819565,0.7047352961538388,88,0.0159362549800796,40,75,0.0,0.0,0.0,市场情绪强，板块情绪强
2026-07-27,002743.SZ,富煌钢构,main,3.3,0.030456597891204595,0.0,-0.0119760479041916,-0.0858725761772853,0.6140973588276978,88,0.0159362549800796,40,75,0.0,0.0,0.0,市场情绪强，板块情绪强
2026-07-27,603790.SH,雅运股份,main,19.14,0.030430762297179136,0.0,-0.030886075949367,-0.0585341859321199,0.8466836737276384,88,0.0159362549800796,40,75,0.0,0.0,0.0,市场情绪强，板块情绪强
2026-07-27,600232.SH,金鹰股份,main,5.4,0.030427120785631128,0.0,0.0037174721189592,-0.032258064516129,0.793277366767049,88,0.0159362549800796,40,75,0.0,0.0,0.0,市场情绪强，板块情绪强
2026-07-27,002519.SZ,银河电子,main,4.98,0.030420835970193967,0.0,0.0204918032786887,0.0268041237113403,1.0612047267650058,88,0.0159362549800796,40,75,0.0,0.0,0.0,市场情绪强，板块情绪强
2026-07-27,600792.SH,云煤能源,main,3.35,0.03041848928474691,0.0,0.0276073619631902,0.046875,0.833205448901597,88,0.0159362549800796,40,75,0.0,0.0,0.0,市场情绪强，板块情绪强
2026-07-27,001280.SZ,中国铀业,main,61.18,0.030391192450185876,0.0,0.0555555555555555,0.0797740910695377,0.7729490433630328,88,0.0159362549800796,40,75,0.0,0.0,0.0,短线动量强，市场情绪强，板块情绪强
2026-07-27,603259.SH,药明康德,main,125.0,0.0303894272172353,0.0,-0.0114669829972321,0.0603104589023666,0.7771530879214582,88,0.0159362549800796,40,75,0.0,0.0,0.0,市场情绪强，板块情绪强
2026-07-27,688807.SH,优迅股份,star,251.3,0.03038462109548545,0.0,-0.0372385257834647,-0.0333128173565162,0.5906250023814525,88,0.0159362549800796,40,3,0.0,0.0,0.0,市场情绪强
2026-07-27,002640.SZ,跨境通,main,3.11,0.030376474638078594,0.0,-0.0189274447949526,0.0298013245033113,0.7607580444523724,88,0.0159362549800796,40,75,0.0,0.0,0.0,市场情绪强，板块情绪强
2026-07-27,002174.SZ,游族网络,main,10.31,0.030371997691467475,0.0,-0.0956140350877192,-0.0786416443252903,0.8443226896427521,88,0.0159362549800796,40,75,0.0,0.0,0.0,市场情绪强，板块情绪强
2026-07-27,000762.SZ,西藏矿业,main,21.21,0.030351218941184435,0.0,0.0291120815138283,0.0231548480463097,0.7198960526760141,88,0.0159362549800796,40,75,0.0,0.0,0.0,市场情绪强，板块情绪强
2026-07-27,600426.SH,华鲁恒升,main,20.69,0.030349678209619653,0.0,0.0152109911678117,0.0692506459948321,0.694838337236001,88,0.0159362549800796,40,75,0.0,0.0,0.0,市场情绪强，板块情绪强
2026-07-27,603722.SH,阿科力,main,26.56,0.030346615410295923,0.0,-0.0439164866810656,-0.0866574965612104,0.6091323061568211,88,0.0159362549800796,40,75,0.0,0.0,0.0,市场情绪强，板块情绪强
2026-07-27,003002.SZ,壶化股份,main,15.01,0.03034501668411973,0.0,0.0,-0.0607008760951189,0.6096087709696784,88,0.0159362549800796,40,75,0.0,0.0,0.0,市场情绪强，板块情绪强
2026-07-27,600352.SH,浙江龙盛,main,12.28,0.03033825997402847,0.0,-0.0696969696969697,0.0115321252059306,0.8098522397389494,88,0.0159362549800796,40,75,0.0,0.0,0.0,市场情绪强，板块情绪强
2026-07-27,688536.SH,思瑞浦,star,244.3,0.030317137499086863,0.0,-0.0566474881260378,0.0091705221414408,0.8645864480612439,88,0.0159362549800796,40,3,0.0,0.0,0.0,市场情绪强
2026-07-27,002757.SZ,南兴股份,main,15.08,0.030313791043664134,0.0,-0.0163078930202218,-0.0182291666666666,0.6740694162213086,88,0.0159362549800796,40,75,0.0,0.0,0.0,市场情绪强，板块情绪强
2026-07-27,600281.SH,华阳新材,main,3.78,0.030290142229452397,0.0,0.0106951871657752,-0.0181818181818183,0.7394588746676785,88,0.0159362549800796,40,75,0.0,0.0,0.0,市场情绪强，板块情绪强
2026-07-27,001332.SZ,锡装股份,main,28.8,0.03028409827718524,0.0,0.0176678445229681,0.0194690265486725,0.8334684958111925,88,0.0159362549800796,40,75,0.0,0.0,0.0,市场情绪强，板块情绪强
2026-07-27,603278.SH,大业股份,main,8.21,0.0302623228479918,0.0,0.0012195121951221,-0.0541474654377879,0.6796903640771274,88,0.0159362549800796,40,75,0.0,0.0,0.0,市场情绪强，板块情绪强
2026-07-27,600654.SH,中安科,main,2.79,0.03024403569043445,0.0,0.0410447761194028,0.0941176470588236,0.8681030515453203,88,0.0159362549800796,40,75,0.0,0.0,0.0,市场情绪强，板块情绪强
2026-07-27,600577.SH,精达股份,main,7.1,0.030216329441693557,0.0,-0.015256588072122,-0.0125173852573019,0.8186070180758759,88,0.0159362549800796,40,75,0.0,0.0,0.0,市场情绪强，板块情绪强
2026-07-27,603177.SH,德创环保,main,8.09,0.030212389137852912,0.0,0.0240506329113923,-0.1040974529346622,0.6790354633357234,88,0.0159362549800796,40,75,0.0,0.0,0.0,市场情绪强，板块情绪强
2026-07-27,600770.SH,综艺股份,main,4.69,0.030200750551990167,0.0,-0.0544354838709676,-0.1394495412844036,0.5420531987749657,88,0.0159362549800796,40,75,0.0,0.0,0.0,市场情绪强，板块情绪强
2026-07-27,002909.SZ,集泰股份,main,4.43,0.030186033315196568,0.0,0.002262443438914,-0.0452586206896551,0.6436886883768195,88,0.0159362549800796,40,75,0.0,0.0,0.0,市场情绪强，板块情绪强
2026-07-27,002693.SZ,双成药业,main,8.3,0.03017633629511743,0.0,-0.0371229698375867,-0.1235480464625131,0.6195495376097544,88,0.0159362549800796,40,75,0.0,0.0,0.0,市场情绪强，板块情绪强
2026-07-27,688106.SH,金宏气体,star,30.1,0.03017155598884863,0.0,-0.0208197787898503,-0.0878787878787878,0.8204962991828079,88,0.0159362549800796,40,3,0.0,0.0,0.0,市场情绪强
2026-07-27,688179.SH,阿拉丁,star,17.82,0.030158860659110637,0.0,-0.0465489566613163,-0.0828615542974781,0.7171369525256297,88,0.0159362549800796,40,3,0.0,0.0,0.0,市场情绪强
2026-07-27,600579.SH,中化装备,main,6.81,0.0301585113953991,0.0,-0.0058394160583942,0.0,0.865286619213447,88,0.0159362549800796,40,75,0.0,0.0,0.0,市场情绪强，板块情绪强
2026-07-27,002467.SZ,二六三,main,4.3,0.03014878561417478,0.0,0.0023310023310023,0.0262529832935558,0.7768201240152355,88,0.0159362549800796,40,75,0.0,0.0,0.0,市场情绪强，板块情绪强
2026-07-27,002029.SZ,七 匹 狼,main,7.27,0.030148731543413423,0.0,-0.0175675675675677,-0.0679487179487179,0.7011309107676459,88,0.0159362549800796,40,75,0.0,0.0,0.0,市场情绪强，板块情绪强
2026-07-27,603360.SH,百傲化学,main,12.0,0.030144809722478964,0.0,-0.0212071778140293,-0.0283400809716598,0.5162266919053293,88,0.0159362549800796,40,75,0.0,0.0,0.0,市场情绪强，板块情绪强
2026-07-27,000753.SZ,漳州发展,main,4.41,0.030138679344252746,0.0,0.0137931034482758,0.0114678899082567,1.5366590002863778,88,0.0159362549800796,40,75,0.0,0.0,0.0,成交量放大，市场情绪强，板块情绪强
2026-07-27,600507.SH,方大特钢,main,4.26,0.030120886117224768,0.0,-0.006993006993007,-0.0138888888888889,0.7438281668991445,88,0.0159362549800796,40,75,0.0,0.0,0.0,市场情绪强，板块情绪强
2026-07-27,002135.SZ,东南网架,main,5.67,0.030119902671686224,0.0,-0.0207253886010363,-0.0486577181208053,0.7334224113247118,88,0.0159362549800796,40,75,0.0,0.0,0.0,市场情绪强，板块情绪强
2026-07-27,603667.SH,五洲新春,main,49.16,0.030119732591328576,0.0,-0.1119942196531792,-0.0908082115775846,0.9145842910458424,88,0.0159362549800796,40,75,0.0,0.0,0.0,市场情绪强，板块情绪强
2026-07-27,688721.SH,龙图光罩,star,37.0,0.030114945155155996,0.0,-0.0873211642821903,-0.1152558584409373,0.6675623457497315,88,0.0159362549800796,40,3,0.0,0.0,0.0,市场情绪强
2026-07-27,601616.SH,广电电气,main,3.34,0.030111072886809677,0.0,0.0276923076923076,0.0121212121212122,1.0275835240851567,88,0.0159362549800796,40,75,0.0,0.0,0.0,市场情绪强，板块情绪强
2026-07-27,603871.SH,嘉友国际,main,12.44,0.030108414069309423,0.0,0.0724137931034483,0.1107142857142857,0.589987572276804,88,0.0159362549800796,40,75,0.0,0.0,0.0,短线动量强，市场情绪强，板块情绪强
2026-07-27,000062.SZ,深圳华强,main,21.61,0.030080239099340687,0.0,-0.0513608428446006,-0.0509442248572683,0.6427718666935731,88,0.0159362549800796,40,75,0.0,0.0,0.0,市场情绪强，板块情绪强
2026-07-27,688135.SH,利扬芯片,star,22.46,0.03006493490718089,0.0,-0.0928917609046849,-0.1253894080996884,0.6113617804343527,88,0.0159362549800796,40,3,0.0,0.0,0.0,市场情绪强
2026-07-27,688388.SH,嘉元科技,star,24.26,0.03004115359758113,0.0,-0.091385767790262,-0.1561739130434781,0.6336695004370116,88,0.0159362549800796,40,3,0.0,0.0,0.0,市场情绪强
2026-07-27,002841.SZ,视源股份,main,45.2,0.030032288949531145,0.0,-0.0634065478657271,-0.048621342875184,0.714311108372078,88,0.0159362549800796,40,75,0.0,0.0,0.0,市场情绪强，板块情绪强
2026-07-27,301382.SZ,蜂助手,chinext,35.6,0.030010085492585315,0.0,0.1298000634719136,0.1069651741293533,1.4556951795465516,88,0.0159362549800796,40,10,0.0,0.0,0.0,短线动量强，市场情绪强，板块情绪强
2026-07-27,002983.SZ,芯瑞达,main,17.36,0.030006053466305294,0.0,-0.0382271468144045,-0.0726495726495726,0.5668960022390754,88,0.0159362549800796,40,75,0.0,0.0,0.0,市场情绪强，板块情绪强
2026-07-27,000701.SZ,厦门信达,main,4.41,0.029994845329099573,0.0,0.0045558086560364,-0.0454545454545454,0.6243396197122774,88,0.0159362549800796,40,75,0.0,0.0,0.0,市场情绪强，板块情绪强
2026-07-27,000980.SZ,众泰汽车,main,1.51,0.02999396869884749,0.0,-0.006578947368421,-0.0382165605095541,0.7548248467733243,88,0.0159362549800796,40,75,0.0,0.0,0.0,市场情绪强，板块情绪强
2026-07-27,300522.SZ,世名科技,chinext,11.25,0.029956570526686353,0.0,-0.0710156895127992,-0.1217798594847775,0.6539312771330477,88,0.0159362549800796,40,10,0.0,0.0,0.0,市场情绪强，板块情绪强
2026-07-27,600436.SH,片仔癀,main,130.31,0.029934352229914904,0.0,-0.1016201309893141,-0.1113005524108299,0.6784699793300255,88,0.0159362549800796,40,75,0.0,0.0,0.0,市场情绪强，板块情绪强
2026-07-27,603590.SH,康辰药业,main,31.57,0.029908384126459863,0.0,-0.0508117859290437,-0.0771704180064308,0.5462985066846683,88,0.0159362549800796,40,75,0.0,0.0,0.0,市场情绪强，板块情绪强
2026-07-27,603315.SH,福鞍股份,main,10.94,0.029901159946898286,0.0,0.0064397424103035,-0.0503472222222222,0.7108603743390677,88,0.0159362549800796,40,75,0.0,0.0,0.0,市场情绪强，板块情绪强
2026-07-27,603028.SH,赛福天,main,5.9,0.029898350282351226,0.0,-0.0050590219224282,-0.0514469453376205,0.6380493186839337,88,0.0159362549800796,40,75,0.0,0.0,0.0,市场情绪强，板块情绪强
2026-07-27,600026.SH,中远海能,main,15.55,0.02989790154135387,0.0,0.04502688172043,0.0942997888810697,1.0157089215512771,88,0.0159362549800796,40,75,0.0,0.0,0.0,市场情绪强，板块情绪强
2026-07-27,603135.SH,中重科技,main,8.33,0.029818991127485386,0.0,-0.0425287356321838,-0.1147715196599362,0.7023615007073415,88,0.0159362549800796,40,75,0.0,0.0,0.0,市场情绪强，板块情绪强
2026-07-27,600012.SH,皖通高速,main,17.87,0.02981667259712957,0.0,-0.0105204872646731,0.0359420289855072,0.7149163103806249,88,0.0159362549800796,40,75,0.0,0.0,0.0,市场情绪强，板块情绪强
2026-07-27,301666.SZ,大普微,chinext,485.66,0.02981159395243957,0.0,-0.0579769178547181,0.0070083768765034,0.649807876883689,88,0.0159362549800796,40,10,0.0,0.0,0.0,市场情绪强，板块情绪强
2026-07-27,003007.SZ,直真科技,main,32.14,0.029805553252330565,0.0,-0.0374363581910751,-0.0222087009431091,0.7001091907598452,88,0.0159362549800796,40,75,0.0,0.0,0.0,市场情绪强，板块情绪强
2026-07-27,002890.SZ,弘宇股份,main,12.15,0.029801117861066387,0.0,-0.0065412919051512,-0.0639445300462249,0.7510991209603708,88,0.0159362549800796,40,75,0.0,0.0,0.0,市场情绪强，板块情绪强
2026-07-27,600089.SH,特变电工,main,20.39,0.02976842773683567,0.0,0.0456410256410255,0.092711682743837,1.1408298219073618,88,0.0159362549800796,40,75,0.0,0.0,0.0,市场情绪强，板块情绪强
2026-07-27,000952.SZ,广济药业,main,5.17,0.029751167771295293,0.0,-0.0057692307692308,-0.0734767025089605,0.6940129885415325,88,0.0159362549800796,40,75,0.0,0.0,0.0,市场情绪强，板块情绪强
2026-07-27,002849.SZ,威星智能,main,13.25,0.029747920948508838,0.0,-0.0060015003750937,-0.0185185185185184,0.6519630413792206,88,0.0159362549800796,40,75,0.0,0.0,0.0,市场情绪强，板块情绪强
2026-07-27,603949.SH,雪龙集团,main,12.44,0.02974560534462449,0.0,-0.0048,-0.0597127739984884,0.5019553982394049,88,0.0159362549800796,40,75,0.0,0.0,0.0,市场情绪强，板块情绪强
2026-07-27,002625.SZ,光启技术,main,29.96,0.029742962195417708,0.0,0.0970340534602709,0.134848484848485,0.965949203489311,88,0.0159362549800796,40,75,0.0,0.0,0.0,短线动量强，市场情绪强，板块情绪强
2026-07-27,605598.SH,上海港湾,main,25.01,0.029710345630346326,0.0,-0.0343629343629342,-0.0681818181818181,0.7130061979981118,88,0.0159362549800796,40,75,0.0,0.0,0.0,市场情绪强，板块情绪强
2026-07-27,002043.SZ,兔 宝 宝,main,12.09,0.02970578464584751,0.0,-0.0242130750605327,0.0298126064735946,0.5575761567541261,88,0.0159362549800796,40,75,0.0,0.0,0.0,市场情绪强，板块情绪强
2026-07-27,603358.SH,华达科技,main,30.95,0.02968378555702641,0.0,-0.0870206489675515,-0.0915761667155855,0.5959753468745415,88,0.0159362549800796,40,75,0.0,0.0,0.0,市场情绪强，板块情绪强
2026-07-27,001358.SZ,兴欣新材,main,20.27,0.02967163799858417,0.0,0.0064548162859978,-0.0434167059933932,0.8166726207747773,88,0.0159362549800796,40,75,0.0,0.0,0.0,市场情绪强，板块情绪强
2026-07-27,002136.SZ,安 纳 达,main,11.68,0.029669123932241876,0.0,0.0345438441098318,0.0227670753064799,0.6138858989090445,88,0.0159362549800796,40,75,0.0,0.0,0.0,市场情绪强，板块情绪强
2026-07-27,301323.SZ,新莱福,chinext,74.13,0.029641785347042936,0.0,0.0928792569659442,0.1049336711879562,0.8443632587872252,88,0.0159362549800796,40,10,0.0,0.0,0.0,短线动量强，市场情绪强，板块情绪强
2026-07-27,603815.SH,交建股份,main,4.93,0.02964029936434351,0.0,-0.0555555555555555,-0.1212121212121213,0.8785192687642074,88,0.0159362549800796,40,75,0.0,0.0,0.0,市场情绪强，板块情绪强
2026-07-27,002453.SZ,华软科技,main,3.9,0.029637702779537825,0.0,0.029023746701847,0.0077519379844961,0.8082799901260608,88,0.0159362549800796,40,75,0.0,0.0,0.0,市场情绪强，板块情绪强
2026-07-27,605228.SH,神通科技,main,10.53,0.02963166934416815,0.0,-0.0268022181146027,-0.1210350584307179,0.6672148778348734,88,0.0159362549800796,40,75,0.0,0.0,0.0,市场情绪强，板块情绪强
2026-07-27,603616.SH,韩建河山,main,4.66,0.029616205446646515,0.0,0.0108459869848156,-0.0509164969450102,0.6831463907815473,88,0.0159362549800796,40,75,0.0,0.0,0.0,市场情绪强，板块情绪强
2026-07-27,600800.SH,渤海化学,main,2.86,0.029607178383583784,0.0,0.0,-0.0205479452054794,0.8305333359731332,88,0.0159362549800796,40,75,0.0,0.0,0.0,市场情绪强，板块情绪强
2026-07-27,002259.SZ,升达林业,main,3.48,0.029585885748936343,0.0,0.032640949554896,-0.0169491525423729,0.8509843928439158,88,0.0159362549800796,40,75,0.0,0.0,0.0,市场情绪强，板块情绪强
2026-07-27,300006.SZ,莱美药业,chinext,4.79,0.029580975575415735,0.0,0.0597345132743363,0.0504385964912281,0.8356438978710923,88,0.0159362549800796,40,10,1.0,1.0,0.0,短线动量强，市场情绪强，板块情绪强，近5日触板记忆
2026-07-27,001360.SZ,南矿集团,main,13.51,0.029576360941992,0.0,0.0052083333333332,-0.0329277022190408,0.752792112232624,88,0.0159362549800796,40,75,0.0,0.0,0.0,市场情绪强，板块情绪强
2026-07-27,603121.SH,华培动力,main,10.2,0.029574803784336436,0.0,-0.0019569471624267,-0.0377358490566037,0.611827339958056,88,0.0159362549800796,40,75,0.0,0.0,0.0,市场情绪强，板块情绪强
2026-07-27,688262.SH,国芯科技,star,24.5,0.029542437501262092,0.0,-0.0871833084947839,-0.1196550485088033,0.6558561499060074,88,0.0159362549800796,40,3,0.0,0.0,0.0,市场情绪强
2026-07-27,603344.SH,星德胜,main,21.13,0.0295332550589616,0.0,0.0357843137254902,-0.0014177693761815,1.307658094149733,88,0.0159362549800796,40,75,0.0,0.0,0.0,市场情绪强，板块情绪强
2026-07-27,300054.SZ,鼎龙股份,chinext,73.79,0.029533001385804593,0.0,-0.0456544231764095,0.0631032992364213,0.7646318897598772,88,0.0159362549800796,40,10,0.0,0.0,0.0,市场情绪强，板块情绪强
2026-07-27,600615.SH,鑫源智造,main,8.31,0.0294770301409359,0.0,0.0097205346294046,-0.0280701754385964,0.5973651583135688,88,0.0159362549800796,40,75,0.0,0.0,0.0,市场情绪强，板块情绪强
2026-07-27,001248.SZ,华润新能,main,12.7,0.029468650931068426,0.0,-0.0078125000000001,0.0023677979479084,0.7727498667744129,88,0.0159362549800796,40,75,0.0,0.0,0.0,市场情绪强，板块情绪强
2026-07-27,600895.SH,张江高科,main,27.4,0.029430406612141583,0.0,-0.0412876137158851,-0.0948133465477371,0.5812383814288345,88,0.0159362549800796,40,75,0.0,0.0,0.0,市场情绪强，板块情绪强
2026-07-27,600207.SH,安彩高科,main,3.91,0.02940328176613516,0.0,-0.0126262626262625,-0.0393120393120393,0.7679061240495811,88,0.0159362549800796,40,75,0.0,0.0,0.0,市场情绪强，板块情绪强
2026-07-27,002582.SZ,好想你,main,8.89,0.02939669417242407,0.0,0.0067950169875425,-0.0451127819548872,0.6905650639232377,88,0.0159362549800796,40,75,0.0,0.0,0.0,市场情绪强，板块情绪强
2026-07-27,600629.SH,华建集团,main,11.8,0.029380317075232778,0.0,-0.040650406504065,-0.0491539081385978,0.6276869256753557,88,0.0159362549800796,40,75,0.0,0.0,0.0,市场情绪强，板块情绪强
2026-07-27,688380.SH,中微半导,star,38.23,0.029374387493790316,0.0,-0.0134193548387097,-0.0323968615540369,0.7152717725489327,88,0.0159362549800796,40,3,0.0,0.0,0.0,市场情绪强
2026-07-27,600452.SH,涪陵电力,main,9.44,0.029364817985248794,0.0,-0.0550550550550551,0.0385038503850385,0.7282878430249117,88,0.0159362549800796,40,75,1.0,0.0,0.0,市场情绪强，板块情绪强，近5日触板记忆
2026-07-27,600743.SH,华远控股,main,2.05,0.02935229052657066,0.0,0.0459183673469387,0.0199004975124377,1.411991230705472,88,0.0159362549800796,40,75,0.0,0.0,0.0,市场情绪强，板块情绪强
2026-07-27,600719.SH,大连热电,main,6.82,0.029346525567788627,0.0,-0.0058309037900874,-0.0130246020260491,0.7637107319810248,88,0.0159362549800796,40,75,0.0,0.0,0.0,市场情绪强，板块情绪强
2026-07-27,600561.SH,江西长运,main,4.77,0.029314692091690728,0.0,0.0042105263157894,-0.0591715976331362,1.020305329305203,88,0.0159362549800796,40,75,0.0,0.0,0.0,市场情绪强，板块情绪强
2026-07-27,688195.SH,腾景科技,star,120.6,0.02931252386840247,0.0,-0.004950495049505,-0.0195121951219512,0.6163655490974072,88,0.0159362549800796,40,3,0.0,0.0,0.0,市场情绪强
2026-07-27,605088.SH,冠盛股份,main,19.31,0.02929366057160257,0.0,-0.066247582205029,-0.1202733485193622,0.436557621085787,88,0.0159362549800796,40,75,0.0,0.0,0.0,市场情绪强，板块情绪强
2026-07-27,000757.SZ,浩物股份,main,3.4,0.029282275266117024,0.0,0.0059171597633136,-0.0476190476190475,0.8097651810225763,88,0.0159362549800796,40,75,0.0,0.0,0.0,市场情绪强，板块情绪强
2026-07-27,300317.SZ,珈伟新能,chinext,4.23,0.029269376522424347,0.0,-0.0162790697674417,0.0242130750605327,0.7371054085143395,88,0.0159362549800796,40,10,0.0,0.0,0.0,市场情绪强，板块情绪强
2026-07-27,603685.SH,晨丰科技,main,26.0,0.02924572278388809,0.0,-0.0188679245283018,-0.0448199853049228,0.5116058514078322,88,0.0159362549800796,40,75,0.0,0.0,0.0,市场情绪强，板块情绪强
2026-07-27,300602.SZ,飞荣达,chinext,35.38,0.02924081786173592,0.0,-0.0357045516489505,-0.0335973777656377,0.5330393352833744,88,0.0159362549800796,40,10,0.0,0.0,0.0,市场情绪强，板块情绪强
2026-07-27,603617.SH,君禾股份,main,5.97,0.029236573972998205,0.0,-0.0132231404958678,-0.0386473429951691,0.6860826727820282,88,0.0159362549800796,40,75,0.0,0.0,0.0,市场情绪强，板块情绪强
2026-07-27,001336.SZ,楚环科技,main,19.67,0.029234564796087766,0.0,-0.0005081300813006,-0.0651140684410644,0.7584792609366129,88,0.0159362549800796,40,75,0.0,0.0,0.0,市场情绪强，板块情绪强
2026-07-27,600490.SH,鹏欣资源,main,6.06,0.02922239072933207,0.0,-0.0081833060556465,0.0484429065743943,0.888634626641726,88,0.0159362549800796,40,75,0.0,0.0,0.0,市场情绪强，板块情绪强
2026-07-27,002915.SZ,中欣氟材,main,15.43,0.029215489882711446,0.0,-0.042209807572936,-0.1008158508158508,0.7471650784594798,88,0.0159362549800796,40,75,0.0,0.0,0.0,市场情绪强，板块情绪强
2026-07-27,002235.SZ,安妮股份,main,6.56,0.029195885096408285,0.0,-0.098901098901099,-0.2255017709563165,0.9144129928815508,88,0.0159362549800796,40,75,0.0,0.0,0.0,市场情绪强，板块情绪强
2026-07-27,000422.SZ,湖北宜化,main,12.86,0.029190920561445583,0.0,-0.0175706646294881,0.0141955835962144,1.0358438722456067,88,0.0159362549800796,40,75,0.0,0.0,0.0,市场情绪强，板块情绪强
2026-07-27,001260.SZ,坤泰股份,main,14.56,0.02914427884487432,0.0,-0.011541072640869,-0.0660679923027581,0.6843457027543365,88,0.0159362549800796,40,75,0.0,0.0,0.0,市场情绪强，板块情绪强
2026-07-27,301045.SZ,天禄科技,chinext,61.41,0.02913142525356908,0.0,-0.1243405104805361,-0.0571165361584523,0.4579446231645195,88,0.0159362549800796,40,10,0.0,0.0,0.0,市场情绪强，板块情绪强
2026-07-27,000663.SZ,永安林业,main,4.72,0.02911474848608045,0.0,0.004255319148936,-0.0578842315369261,0.6953038278970336,88,0.0159362549800796,40,75,0.0,0.0,0.0,市场情绪强，板块情绪强
2026-07-27,300246.SZ,宝莱特,chinext,17.46,0.029100908758097597,0.0,0.1156549520766774,0.1967100753941055,0.834156414401099,88,0.0159362549800796,40,10,0.0,0.0,0.0,短线动量强，市场情绪强，板块情绪强
2026-07-27,000014.SZ,沙河股份,main,8.79,0.029092967076628253,0.0,0.0045714285714284,-0.0618996798292422,0.6278299784194908,88,0.0159362549800796,40,75,0.0,0.0,0.0,市场情绪强，板块情绪强
2026-07-27,600151.SH,航天机电,main,8.72,0.029067494076204233,0.0,0.0022988505747127,0.0175029171528589,0.8080546532671126,88,0.0159362549800796,40,75,0.0,0.0,0.0,市场情绪强，板块情绪强
2026-07-27,000929.SZ,兰州黄河,main,7.59,0.02906026603172687,0.0,-0.0206451612903225,-0.0975029726516052,0.5212176208376476,88,0.0159362549800796,40,75,0.0,0.0,0.0,市场情绪强，板块情绪强
2026-07-27,603829.SH,洛凯股份,main,13.25,0.02903170833952754,0.0,-0.0141369047619047,-0.0569395017793594,0.6409191530603824,88,0.0159362549800796,40,75,0.0,0.0,0.0,市场情绪强，板块情绪强
2026-07-27,000039.SZ,中集集团,main,8.09,0.029020093188112824,0.0,0.0150564617314932,0.0859060402684563,0.756929376876021,88,0.0159362549800796,40,75,0.0,0.0,0.0,市场情绪强，板块情绪强
2026-07-27,002380.SZ,科远智慧,main,27.11,0.029016274013757514,0.0,-0.0491055769905297,0.0300151975683891,0.6154924886631398,88,0.0159362549800796,40,75,0.0,0.0,0.0,市场情绪强，板块情绪强
2026-07-27,603766.SH,隆鑫通用,main,13.82,0.029001429990402828,0.0,0.0313432835820894,0.0590038314176244,0.7392402814149014,88,0.0159362549800796,40,75,0.0,0.0,0.0,市场情绪强，板块情绪强
2026-07-27,603276.SH,恒兴新材,main,14.49,0.02899833585271027,0.0,0.078125,0.0218617771509168,1.0036412043882066,88,0.0159362549800796,40,75,0.0,0.0,0.0,短线动量强，市场情绪强，板块情绪强
2026-07-27,605068.SH,明新旭腾,main,14.06,0.02897591153997989,0.0,0.0064423765211165,-0.0336769759450171,0.7745995571497015,88,0.0159362549800796,40,75,0.0,0.0,0.0,市场情绪强，板块情绪强
2026-07-27,603662.SH,柯力传感,main,46.4,0.028965699505093603,0.0,-0.0849930980082824,-0.11787072243346,0.6945950854395216,88,0.0159362549800796,40,75,0.0,0.0,0.0,市场情绪强，板块情绪强
2026-07-27,603119.SH,浙江荣泰,main,46.88,0.028963977097868496,0.0,-0.0454082671553653,-0.0735177865612648,0.8467941735374783,88,0.0159362549800796,40,75,0.0,0.0,0.0,市场情绪强，板块情绪强
2026-07-27,600871.SH,石化油服,main,2.17,0.028956672238357302,0.0,0.0187793427230047,0.0637254901960784,0.8719576402901289,88,0.0159362549800796,40,75,0.0,0.0,0.0,市场情绪强，板块情绪强
2026-07-27,300151.SZ,昌红科技,chinext,14.15,0.028951149802395573,0.0,-0.0647719762062128,-0.0579227696404792,0.5877329104234471,88,0.0159362549800796,40,10,0.0,0.0,0.0,市场情绪强，板块情绪强
2026-07-27,002084.SZ,海鸥住工,main,3.26,0.028943037168538042,0.0,0.0092879256965943,-0.0439882697947214,0.7624740851120574,88,0.0159362549800796,40,75,0.0,0.0,0.0,市场情绪强，板块情绪强
2026-07-27,603612.SH,索通发展,main,15.64,0.02892859093738182,0.0,-0.011378002528445,0.0646698434309054,0.7406814242859558,88,0.0159362549800796,40,75,0.0,0.0,0.0,市场情绪强，板块情绪强
2026-07-27,002826.SZ,易明医药,main,15.8,0.028915875514477114,0.0,0.0115236875800257,-0.0168014934660858,0.6456956758804654,88,0.0159362549800796,40,75,0.0,0.0,0.0,市场情绪强，板块情绪强
2026-07-27,300852.SZ,四会富仕,chinext,37.91,0.028906571559362347,0.0,-0.0719706242350062,-0.0715160421258879,0.5326008331046869,88,0.0159362549800796,40,10,0.0,0.0,0.0,市场情绪强，板块情绪强
2026-07-27,000856.SZ,冀东装备,main,6.91,0.028890515485379728,0.0,0.0043604651162791,-0.0416088765603328,0.6641649060863736,88,0.0159362549800796,40,75,0.0,0.0,0.0,市场情绪强，板块情绪强
2026-07-27,600130.SH,波导股份,main,3.63,0.028889809541437852,0.0,0.0225352112676056,0.0083333333333333,0.7170005962652247,88,0.0159362549800796,40,75,0.0,0.0,0.0,市场情绪强，板块情绪强
2026-07-27,002524.SZ,光正眼科,main,3.45,0.028886584338188318,0.0,0.0147058823529413,-0.0416666666666666,0.6661398639164113,88,0.0159362549800796,40,75,0.0,0.0,0.0,市场情绪强，板块情绪强
2026-07-27,000995.SZ,皇台酒业,main,9.22,0.02888640574657416,0.0,-0.0053937432578208,-0.0445595854922279,0.6096430651020139,88,0.0159362549800796,40,75,0.0,0.0,0.0,市场情绪强，板块情绪强
2026-07-27,002176.SZ,江特电机,main,7.72,0.028884686002381903,0.0,0.0104712041884815,0.0052083333333332,0.7699262496362791,88,0.0159362549800796,40,75,0.0,0.0,0.0,市场情绪强，板块情绪强
2026-07-27,600693.SH,东百集团,main,7.53,0.02887867916302624,0.0,-0.022077922077922,-0.0169712793733681,0.6590406455348734,88,0.0159362549800796,40,75,0.0,0.0,0.0,市场情绪强，板块情绪强
2026-07-27,002202.SZ,金风科技,main,17.62,0.02886721168775446,0.0,0.0039886039886039,0.0358612580834802,0.8729368234405352,88,0.0159362549800796,40,75,0.0,0.0,0.0,市场情绪强，板块情绪强
2026-07-27,603172.SH,万丰股份,main,14.64,0.028856375805125407,0.0,-0.0013642564802182,-0.0585209003215434,0.6900002408903306,88,0.0159362549800796,40,75,0.0,0.0,0.0,市场情绪强，板块情绪强
2026-07-27,000683.SZ,博源化工,main,6.04,0.028838872107630722,0.0,0.0378006872852232,0.0615114235500877,0.8281379455943525,88,0.0159362549800796,40,75,0.0,0.0,0.0,市场情绪强，板块情绪强
2026-07-27,002067.SZ,景兴纸业,main,4.14,0.028837721828436656,0.0,0.0561224489795917,0.0534351145038167,0.9865616393242208,88,0.0159362549800796,40,75,0.0,0.0,0.0,短线动量强，市场情绪强，板块情绪强
2026-07-27,300438.SZ,鹏辉能源,chinext,61.79,0.028832067211061553,0.0,-0.0176470588235293,-0.0062721132196847,0.7902220986934553,88,0.0159362549800796,40,10,0.0,0.0,0.0,市场情绪强，板块情绪强
2026-07-27,002628.SZ,成都路桥,main,4.36,0.028819516716893135,0.0,-0.0417582417582416,-0.1120162932790224,0.6035095324688492,88,0.0159362549800796,40,75,0.0,0.0,0.0,市场情绪强，板块情绪强
2026-07-27,603257.SH,中国瑞林,main,62.4,0.02881592757910394,0.0,-0.065028468684447,-0.023932426091037,0.6012787833462969,88,0.0159362549800796,40,75,0.0,0.0,0.0,市场情绪强，板块情绪强
2026-07-27,002785.SZ,万里石,main,32.1,0.028811378654828274,0.0,-0.0086473131562693,-0.1312584573748308,0.4841002212989482,88,0.0159362549800796,40,75,0.0,0.0,0.0,市场情绪强，板块情绪强
2026-07-27,603881.SH,数据港,main,24.22,0.028811302528796063,0.0,-0.0752195494463536,0.0323955669224209,0.7042942035026242,88,0.0159362549800796,40,75,0.0,0.0,0.0,市场情绪强，板块情绪强
2026-07-27,002517.SZ,恺英网络,main,14.88,0.028792707676079034,0.0,-0.1148126115407494,-0.0814814814814813,0.6437632040704078,88,0.0159362549800796,40,75,0.0,0.0,0.0,市场情绪强，板块情绪强
2026-07-27,002668.SZ,TCL智家,main,10.14,0.028774005312936043,0.0,0.0119760479041917,0.0221774193548387,1.5704436431447928,88,0.0159362549800796,40,75,0.0,0.0,0.0,成交量放大，市场情绪强，板块情绪强
2026-07-27,000951.SZ,中国重汽,main,22.1,0.028768212984052192,0.0,0.0045454545454546,0.0812133072407044,0.7319917769265861,88,0.0159362549800796,40,75,0.0,0.0,0.0,市场情绪强，板块情绪强
2026-07-27,301389.SZ,隆扬电子,chinext,47.95,0.028727972792841994,0.0,-0.0409999999999999,-0.1205062362435803,0.4998653207889955,88,0.0159362549800796,40,10,0.0,0.0,0.0,市场情绪强，板块情绪强
2026-07-27,600280.SH,中央商场,main,2.49,0.028711597365683156,0.0,-0.0311284046692605,-0.1472602739726026,0.5541489554416869,88,0.0159362549800796,40,75,0.0,0.0,0.0,市场情绪强，板块情绪强
2026-07-27,600547.SH,山东黄金,main,25.94,0.028710215697131627,0.0,0.0027058368766912,0.0917508417508417,0.8450113375322262,88,0.0159362549800796,40,75,0.0,0.0,0.0,市场情绪强，板块情绪强
2026-07-27,603995.SH,甬金股份,main,18.99,0.028689462751517004,0.0,-0.015552099533437,-0.0772594752186589,0.6531947287029154,88,0.0159362549800796,40,75,0.0,0.0,0.0,市场情绪强，板块情绪强
2026-07-27,002685.SZ,华东重机,main,4.99,0.028686261884856783,0.0,0.0060483870967742,-0.0215686274509803,0.7390967104251419,88,0.0159362549800796,40,75,0.0,0.0,0.0,市场情绪强，板块情绪强
2026-07-27,000792.SZ,盐湖股份,main,26.85,0.02868253282115844,0.0,0.0654761904761904,0.0770156438026474,0.7072812893899613,88,0.0159362549800796,40,75,0.0,0.0,0.0,短线动量强，市场情绪强，板块情绪强
2026-07-27,001255.SZ,博菲电气,main,21.7,0.02867582098134975,0.0,-0.0004606172270843,-0.0519877675840979,0.8503099797500253,88,0.0159362549800796,40,75,0.0,0.0,0.0,市场情绪强，板块情绪强
2026-07-27,000955.SZ,欣龙控股,main,3.59,0.028668215238767412,0.0,-0.0217983651226157,-0.0979899497487437,0.5333854544393528,88,0.0159362549800796,40,75,0.0,0.0,0.0,市场情绪强，板块情绪强
2026-07-27,002442.SZ,龙星科技,main,4.52,0.02866561358033077,0.0,0.0249433106575962,-0.0237580993520518,1.0142777979711934,88,0.0159362549800796,40,75,0.0,0.0,0.0,市场情绪强，板块情绪强
2026-07-27,000908.SZ,石药景峰,main,6.1,0.0286530725715596,0.0,-0.0378548895899053,-0.0936106983655276,0.5979493251641561,88,0.0159362549800796,40,75,0.0,0.0,0.0,市场情绪强，板块情绪强
2026-07-27,000400.SZ,许继电气,main,22.19,0.0286304924845165,0.0,0.0137048880767474,0.0658021133525457,0.9420269263290072,88,0.0159362549800796,40,75,0.0,0.0,0.0,市场情绪强，板块情绪强
2026-07-27,600312.SH,平高电气,main,18.63,0.02861894803176675,0.0,0.0016129032258063,0.0264462809917356,1.1887752886243537,88,0.0159362549800796,40,75,0.0,0.0,0.0,市场情绪强，板块情绪强
2026-07-27,002328.SZ,新朋股份,main,6.29,0.02859707647736069,0.0,0.0,-0.0367534456355284,0.6439002631938086,88,0.0159362549800796,40,75,0.0,0.0,0.0,市场情绪强，板块情绪强
2026-07-27,002171.SZ,楚江新材,main,8.84,0.02858920374074579,0.0,-0.0453563714902808,-0.0565635005336179,0.6944073401238519,88,0.0159362549800796,40,75,0.0,0.0,0.0,市场情绪强，板块情绪强
2026-07-27,605016.SH,百龙创园,main,21.55,0.028566940615741443,0.0,-0.0770877944325482,0.0023255813953488,0.9443599118580482,88,0.0159362549800796,40,75,0.0,0.0,0.0,市场情绪强，板块情绪强
2026-07-27,301306.SZ,西测测试,chinext,85.03,0.028562942151244237,0.0,-0.1021119324181626,-0.1454271356783919,0.6507085693103963,88,0.0159362549800796,40,10,0.0,0.0,0.0,市场情绪强，板块情绪强
2026-07-27,600596.SH,新安股份,main,9.84,0.02852964490996251,0.0,-0.0371819960861057,-0.047434656340755,0.7457998868409796,88,0.0159362549800796,40,75,0.0,0.0,0.0,市场情绪强，板块情绪强
2026-07-27,000933.SZ,神火股份,main,24.98,0.028515013595967652,0.0,0.0212591986917416,0.0417014178482069,0.7886686291835509,88,0.0159362549800796,40,75,0.0,0.0,0.0,市场情绪强，板块情绪强
2026-07-27,688059.SH,华锐精密,star,76.09,0.02851338407666281,0.0,-0.06270017245627,-0.1068200493015611,0.5464506231410418,88,0.0159362549800796,40,3,1.0,1.0,0.0,市场情绪强，近5日触板记忆
2026-07-27,600773.SH,西藏城投,main,10.01,0.02850343384309707,0.0,-0.0147637795275591,-0.0547686496694995,0.6482953020551713,88,0.0159362549800796,40,75,0.0,0.0,0.0,市场情绪强，板块情绪强
2026-07-27,002394.SZ,联发股份,main,8.04,0.028493925823989862,0.0,0.0087829360100375,-0.0147058823529413,0.91680061614341,88,0.0159362549800796,40,75,0.0,0.0,0.0,市场情绪强，板块情绪强
2026-07-27,002195.SZ,岩山科技,main,5.89,0.028493874214799368,0.0,-0.0264462809917355,0.0297202797202797,1.049657165033913,88,0.0159362549800796,40,75,0.0,0.0,0.0,市场情绪强，板块情绪强
2026-07-27,003010.SZ,若羽臣,main,23.37,0.028490788931130388,0.0,-0.0784700315457412,-0.1147727272727271,0.7071490382230293,88,0.0159362549800796,40,75,0.0,0.0,0.0,市场情绪强，板块情绪强
2026-07-27,300042.SZ,朗科科技,chinext,41.84,0.028468712756752734,0.0,-0.0618834080717488,-0.0436571428571427,0.6032379290195938,88,0.0159362549800796,40,10,0.0,0.0,0.0,市场情绪强，板块情绪强
2026-07-27,002531.SZ,天顺风能,main,6.08,0.028441873627486167,0.0,0.00164744645799,-0.0097719869706839,0.7510215922774326,88,0.0159362549800796,40,75,0.0,0.0,0.0,市场情绪强，板块情绪强
2026-07-27,603009.SH,北特科技,main,38.99,0.028437819807167725,0.0,-0.0795561850802643,-0.0721085197524988,0.8855474562533703,88,0.0159362549800796,40,75,0.0,0.0,0.0,市场情绪强，板块情绪强
2026-07-27,300922.SZ,天秦装备,chinext,16.16,0.028420063900519196,0.0,0.153461812990721,0.1076079506511309,1.8204977745084487,88,0.0159362549800796,40,10,0.0,0.0,0.0,成交量放大，短线动量强，市场情绪强，板块情绪强
2026-07-27,601137.SH,博威合金,main,16.46,0.028418053890184848,0.0,-0.0502019619157528,-0.0413511939429237,0.5718058049392601,88,0.0159362549800796,40,75,0.0,0.0,0.0,市场情绪强，板块情绪强
2026-07-27,603092.SH,德力佳,main,48.65,0.028409879275311425,0.0,0.0010288065843619,0.0150219069476318,1.470387442212319,88,0.0159362549800796,40,75,0.0,0.0,0.0,市场情绪强，板块情绪强
2026-07-27,301188.SZ,力诺药包,chinext,34.96,0.028395323582494515,0.0,-0.0379746835443038,-0.0804839558127301,0.5829890517643025,88,0.0159362549800796,40,10,0.0,0.0,0.0,市场情绪强，板块情绪强
2026-07-27,002535.SZ,林州重机,main,2.1,0.028382210683816023,0.0,-0.0047393364928909,-0.054054054054054,0.68583523715859,88,0.0159362549800796,40,75,0.0,0.0,0.0,市场情绪强，板块情绪强
2026-07-27,002092.SZ,中泰化学,main,4.39,0.028379699902922013,0.0,0.0527577937649879,0.0477326968973745,1.1690449193706314,88,0.0159362549800796,40,75,0.0,0.0,0.0,短线动量强，市场情绪强，板块情绪强
2026-07-27,688249.SH,晶合集成,star,46.79,0.028378122465934557,0.0,-0.060441767068273,0.0374722838137471,0.6316723170922622,88,0.0159362549800796,40,3,0.0,0.0,0.0,市场情绪强
2026-07-27,600203.SH,福日电子,main,8.97,0.02836860304125713,0.0,-0.0828220858895704,-0.1640260950605777,0.5657338688507771,88,0.0159362549800796,40,75,0.0,0.0,0.0,市场情绪强，板块情绪强
2026-07-27,600123.SH,兰花科创,main,6.41,0.02836586377268827,0.0,0.0190779014308426,0.0405844155844155,1.1138527882313094,88,0.0159362549800796,40,75,0.0,0.0,0.0,市场情绪强，板块情绪强
2026-07-27,002778.SZ,中晟高科,main,13.92,0.028345272479111675,0.0,0.016058394160584,-0.0478796169630642,0.5762670121242547,88,0.0159362549800796,40,75,0.0,0.0,0.0,市场情绪强，板块情绪强
2026-07-27,601899.SH,紫金矿业,main,31.51,0.02833386857951525,0.0,0.04303210857332,0.1110719322990128,1.0101297774958105,88,0.0159362549800796,40,75,0.0,0.0,0.0,市场情绪强，板块情绪强
2026-07-27,002066.SZ,瑞泰科技,main,20.08,0.028332862698467205,0.0,0.0172239108409322,0.0590717299578058,0.6030252408248958,88,0.0159362549800796,40,75,0.0,0.0,0.0,市场情绪强，板块情绪强
2026-07-27,600595.SH,中孚实业,main,6.26,0.028322972813238034,0.0,0.0162337662337661,0.0245499181669393,0.8308397199409039,88,0.0159362549800796,40,75,0.0,0.0,0.0,市场情绪强，板块情绪强
2026-07-27,002225.SZ,濮耐股份,main,3.39,0.028307252116677447,0.0,-0.0202312138728323,-0.1148825065274151,0.6825075101753131,88,0.0159362549800796,40,75,0.0,0.0,0.0,市场情绪强，板块情绪强
2026-07-27,603255.SH,鼎际得,main,24.38,0.028268210977046255,0.0,-0.0586872586872586,-0.1870623541180393,0.5892739914861664,88,0.0159362549800796,40,75,0.0,0.0,0.0,市场情绪强，板块情绪强
2026-07-27,603281.SH,江瀚新材,main,18.5,0.028246487356585772,0.0,-0.0478641276376736,-0.0796019900497513,0.522807076161177,88,0.0159362549800796,40,75,0.0,0.0,0.0,市场情绪强，板块情绪强
2026-07-27,002470.SZ,金正大,main,1.83,0.028235699943733292,0.0,0.0166666666666666,0.0166666666666666,0.9266016140599088,88,0.0159362549800796,40,75,0.0,0.0,0.0,市场情绪强，板块情绪强
2026-07-27,600531.SH,豫光金铅,main,11.3,0.028201125844975163,0.0,-0.0122377622377621,0.0226244343891401,0.7260042332948318,88,0.0159362549800796,40,75,0.0,0.0,0.0,市场情绪强，板块情绪强
2026-07-27,603185.SH,弘元绿能,main,13.41,0.02819333690893738,0.0,0.0166793025018954,0.0159090909090908,0.671628688760768,88,0.0159362549800796,40,75,0.0,0.0,0.0,市场情绪强，板块情绪强
2026-07-27,688368.SH,晶丰明源,star,119.5,0.028190709225578845,0.0,-0.0760071135854018,-0.06640625,0.6612607162999418,88,0.0159362549800796,40,3,0.0,0.0,0.0,市场情绪强
2026-07-27,603878.SH,武进不锈,main,4.41,0.028177120030986737,0.0,-0.0067567567567567,-0.0495689655172413,0.6634437061471539,88,0.0159362549800796,40,75,0.0,0.0,0.0,市场情绪强，板块情绪强
2026-07-27,600774.SH,汉商集团,main,5.96,0.02817656627640029,0.0,-0.0308943089430895,-0.1051051051051051,0.6887924081107158,88,0.0159362549800796,40,75,0.0,0.0,0.0,市场情绪强，板块情绪强
2026-07-27,002370.SZ,亚太药业,main,4.58,0.02815214351746745,0.0,-0.0357894736842104,-0.1141199226305609,0.6777889382836689,88,0.0159362549800796,40,75,0.0,0.0,0.0,市场情绪强，板块情绪强
2026-07-27,002537.SZ,海联金汇,main,5.3,0.028130409339931453,0.0,-0.0701754385964913,0.0056925996204935,0.69025488354836,88,0.0159362549800796,40,75,1.0,1.0,0.0,市场情绪强，板块情绪强，近5日触板记忆
2026-07-27,603456.SH,九洲药业,main,13.98,0.02812565687214827,0.0,-0.0509164969450102,-0.0331950207468879,0.8261324016680885,88,0.0159362549800796,40,75,0.0,0.0,0.0,市场情绪强，板块情绪强
2026-07-27,002200.SZ,交投生态,main,5.93,0.028120022154903265,0.0,-0.0050335570469799,-0.0763239875389408,0.6831370214813041,88,0.0159362549800796,40,75,0.0,0.0,0.0,市场情绪强，板块情绪强
2026-07-27,600540.SH,新赛股份,main,3.22,0.028115221927865645,0.0,0.0157728706624606,-0.0212765957446807,0.8209261476863233,88,0.0159362549800796,40,75,0.0,0.0,0.0,市场情绪强，板块情绪强
2026-07-27,002129.SZ,TCL中环,main,8.5,0.02809838233504937,0.0,-0.0545050055617353,-0.0679824561403508,0.6151154891899494,88,0.0159362549800796,40,75,0.0,0.0,0.0,市场情绪强，板块情绪强
2026-07-27,603530.SH,神马电力,main,42.41,0.028079493011100715,0.0,-0.0376673474018607,-0.0107301142990436,0.7904105261478755,88,0.0159362549800796,40,75,0.0,0.0,0.0,市场情绪强，板块情绪强
2026-07-27,000807.SZ,云铝股份,main,25.4,0.028078754512368034,0.0,0.0087370929308974,0.0111464968152865,0.8417512256393588,88,0.0159362549800796,40,75,0.0,0.0,0.0,市场情绪强，板块情绪强
2026-07-27,003011.SZ,海象新材,main,16.76,0.028044011861923263,0.0,0.0090307043949429,-0.0525720746184285,0.5370057230706964,88,0.0159362549800796,40,75,0.0,0.0,0.0,市场情绪强，板块情绪强
2026-07-27,002891.SZ,中宠股份,main,28.15,0.028042361137521517,0.0,-0.040885860306644,-0.0252770083102493,0.6453125868117261,88,0.0159362549800796,40,75,0.0,0.0,0.0,市场情绪强，板块情绪强
2026-07-27,002064.SZ,华峰化学,main,10.62,0.028041259433713668,0.0,0.0133587786259541,0.054617676266137,0.752355992006201,88,0.0159362549800796,40,75,0.0,0.0,0.0,市场情绪强，板块情绪强
2026-07-27,688521.SH,芯原股份,star,221.8,0.028034389515834167,0.0,-0.0935839803841437,-0.042314335060449,0.6176226847498653,88,0.0159362549800796,40,3,0.0,0.0,0.0,市场情绪强
2026-07-27,002258.SZ,利尔化学,main,13.95,0.028013817743078925,0.0,0.0706062931696085,0.0839160839160839,0.7803466791898712,88,0.0159362549800796,40,75,0.0,0.0,0.0,短线动量强，市场情绪强，板块情绪强
2026-07-27,002389.SZ,航天彩虹,main,18.02,0.028011667608248785,0.0,0.0198075834748159,0.0643827525103366,1.526115149065641,88,0.0159362549800796,40,75,0.0,0.0,0.0,成交量放大，市场情绪强，板块情绪强
2026-07-27,002430.SZ,杭氧股份,main,23.16,0.028001107373449293,0.0,-0.001293661060802,-0.0231969633066216,0.8416417173279813,88,0.0159362549800796,40,75,0.0,0.0,0.0,市场情绪强，板块情绪强
2026-07-27,000816.SZ,智慧农业,main,2.47,0.027995725829877423,0.0,0.0291666666666667,0.0378151260504202,0.98982101984217,88,0.0159362549800796,40,75,0.0,0.0,0.0,市场情绪强，板块情绪强
2026-07-27,603211.SH,晋拓股份,main,24.3,0.027991395095059254,0.0,-0.0963183339531423,-0.25,0.5929612815246497,88,0.0159362549800796,40,75,0.0,0.0,0.0,市场情绪强，板块情绪强
2026-07-27,301232.SZ,飞沃科技,chinext,104.79,0.027978607658524453,0.0,-0.06429145459416,-0.0734748010610079,0.5025238422074861,88,0.0159362549800796,40,10,0.0,0.0,0.0,市场情绪强，板块情绪强
2026-07-27,600885.SH,宏发股份,main,34.15,0.02797021823024517,0.0,0.0411585365853659,0.0855054036872218,0.8544586711065443,88,0.0159362549800796,40,75,0.0,0.0,0.0,市场情绪强，板块情绪强
2026-07-27,601666.SH,平煤股份,main,7.69,0.02792630771595055,0.0,0.0052287581699346,0.0294511378848729,0.6291856579807322,88,0.0159362549800796,40,75,0.0,0.0,0.0,市场情绪强，板块情绪强
2026-07-27,603527.SH,众源新材,main,8.69,0.027924963544565234,0.0,-0.0068571428571428,-0.0279642058165547,0.7650668881701334,88,0.0159362549800796,40,75,0.0,0.0,0.0,市场情绪强，板块情绪强
2026-07-27,002488.SZ,金固股份,main,8.4,0.027899857429666813,0.0,-0.0759075907590758,-0.0094339622641509,0.9287439685882568,88,0.0159362549800796,40,75,0.0,0.0,0.0,市场情绪强，板块情绪强
2026-07-27,688685.SH,迈信林,star,34.26,0.02789730360840553,0.0,-0.0069565217391305,-0.1085089773614363,0.8865980610812088,88,0.0159362549800796,40,3,0.0,0.0,0.0,市场情绪强
2026-07-27,002403.SZ,爱仕达,main,7.87,0.027890845130725817,0.0,-0.0319803198031981,-0.0964408725602756,0.6481868025634864,88,0.0159362549800796,40,75,0.0,0.0,0.0,市场情绪强，板块情绪强
2026-07-27,002734.SZ,利民股份,main,12.73,0.027890018093055004,0.0,-0.0031323414252152,-0.1060393258426966,0.5155774124005712,88,0.0159362549800796,40,75,0.0,0.0,0.0,市场情绪强，板块情绪强
2026-07-27,600777.SH,新潮能源,main,4.23,0.02788101289814886,0.0,0.0575000000000001,0.0418719211822662,1.2808661121108118,88,0.0159362549800796,40,75,0.0,0.0,0.0,短线动量强，市场情绪强，板块情绪强
2026-07-27,000408.SZ,藏格矿业,main,77.27,0.027870150540994888,0.0,0.0685935555248236,0.1263848396501459,0.6758985641467207,88,0.0159362549800796,40,75,0.0,0.0,0.0,短线动量强，市场情绪强，板块情绪强
2026-07-27,600505.SH,西昌电力,main,10.51,0.027842606657303474,0.0,-0.0924006908462867,-0.0939655172413792,0.7048725755168834,88,0.0159362549800796,40,75,0.0,0.0,0.0,市场情绪强，板块情绪强
2026-07-27,000576.SZ,甘化科工,main,6.39,0.027839990871185306,0.0,0.0240384615384614,-0.0108359133126935,1.337287225719675,88,0.0159362549800796,40,75,0.0,0.0,0.0,市场情绪强，板块情绪强
2026-07-27,600783.SH,鲁信创投,main,14.27,0.027839154248450088,0.0,-0.0185694635488308,-0.005574912891986,0.9551553216715069,88,0.0159362549800796,40,75,0.0,0.0,0.0,市场情绪强，板块情绪强
2026-07-27,002038.SZ,双鹭药业,main,5.29,0.027833022495200144,0.0,-0.0536672629695885,-0.1033898305084746,0.645823206189004,88,0.0159362549800796,40,75,0.0,0.0,0.0,市场情绪强，板块情绪强
2026-07-27,002875.SZ,安奈儿,main,11.21,0.027821183165522363,0.0,-0.0226678291194419,-0.0627090301003344,0.6212414615298962,88,0.0159362549800796,40,75,0.0,0.0,0.0,市场情绪强，板块情绪强
2026-07-27,600215.SH,派斯林,main,5.33,0.02781640785462297,0.0,0.0171755725190838,-0.054964539007092,0.6841114001404781,88,0.0159362549800796,40,75,0.0,0.0,0.0,市场情绪强，板块情绪强
2026-07-27,688012.SH,中微公司,star,388.5,0.027809181222722558,0.0,-0.0475373262399175,0.107816019846588,0.7816706096556757,88,0.0159362549800796,40,3,0.0,0.0,0.0,市场情绪强
2026-07-27,603577.SH,汇金通,main,8.78,0.027808100479958756,0.0,-0.0351648351648351,-0.1068158697863683,0.5731905092876515,88,0.0159362549800796,40,75,0.0,0.0,0.0,市场情绪强，板块情绪强
2026-07-27,600732.SH,爱旭股份,main,11.35,0.027798063325927866,0.0,-0.0207075064710957,-0.0413851351351352,0.8911891240595647,88,0.0159362549800796,40,75,0.0,0.0,0.0,市场情绪强，板块情绪强
2026-07-27,600192.SH,长城电工,main,6.08,0.027797520624110412,0.0,0.0218487394957982,-0.0016420361247947,0.7311414330527073,88,0.0159362549800796,40,75,0.0,0.0,0.0,市场情绪强，板块情绪强
2026-07-27,603383.SH,顶点软件,main,28.59,0.027793440992655186,0.0,0.0719910011248592,0.1216163201255395,1.68642405169239,88,0.0159362549800796,40,75,0.0,0.0,0.0,成交量放大，短线动量强，市场情绪强，板块情绪强
2026-07-27,002161.SZ,远 望 谷,main,4.78,0.0277717070563523,0.0,0.0020964360587003,-0.0343434343434343,0.8525363223078912,88,0.0159362549800796,40,75,0.0,0.0,0.0,市场情绪强，板块情绪强
2026-07-27,688230.SH,芯导科技,star,50.76,0.027757482191819245,0.0,-0.0266538830297219,-0.0437076111529766,0.7147180543785633,88,0.0159362549800796,40,3,0.0,0.0,0.0,市场情绪强
2026-07-27,301072.SZ,中捷精工,chinext,34.52,0.027754842208181554,0.0,0.0422705314009663,-0.0750267952840298,0.9862913972355912,88,0.0159362549800796,40,10,0.0,0.0,0.0,市场情绪强，板块情绪强
2026-07-27,002802.SZ,洪汇新材,main,10.0,0.02771784938473217,0.0,-0.0147783251231526,-0.0583804143126176,0.641406205757153,88,0.0159362549800796,40,75,0.0,0.0,0.0,市场情绪强，板块情绪强
2026-07-27,603700.SH,宁水集团,main,10.76,0.027649195041435478,0.0,-0.0392857142857142,-0.0155535224153705,0.6381283062183689,88,0.0159362549800796,40,75,0.0,0.0,0.0,市场情绪强，板块情绪强
2026-07-27,603091.SH,众鑫股份,main,46.32,0.02764451399411042,0.0,0.0585009140767824,0.0350837988826815,0.6687730871399412,88,0.0159362549800796,40,75,0.0,0.0,0.0,短线动量强，市场情绪强，板块情绪强
2026-07-27,688386.SH,泛亚微透,star,49.31,0.027641036492843666,0.0,-0.1471809062608093,-0.2958731972011994,1.1610579353356147,88,0.0159362549800796,40,3,0.0,0.0,0.0,市场情绪强
2026-07-27,000923.SZ,河钢资源,main,13.69,0.02760364760753386,0.0,0.0371212121212121,0.0506523407521104,0.837992505601931,88,0.0159362549800796,40,75,0.0,0.0,0.0,市场情绪强，板块情绪强
2026-07-27,000572.SZ,海马汽车,main,3.4,0.027596976700327177,0.0,-0.0029325513196482,0.0059171597633136,0.7813555274065161,88,0.0159362549800796,40,75,0.0,0.0,0.0,市场情绪强，板块情绪强
2026-07-27,000818.SZ,航锦科技,main,12.02,0.027586924220753106,0.0,-0.0535433070866141,-0.0306451612903226,0.8820267638723669,88,0.0159362549800796,40,75,0.0,0.0,0.0,市场情绪强，板块情绪强
2026-07-27,301003.SZ,江苏博云,chinext,46.96,0.027578744595359566,0.0,0.0951492537313432,0.0343612334801761,0.7453261933158144,88,0.0159362549800796,40,10,0.0,0.0,0.0,短线动量强，市场情绪强，板块情绪强
2026-07-27,688376.SH,美埃科技,star,67.3,0.027562467279211668,0.0,-0.0664447218754336,-0.026471864602922,0.7268933986929372,88,0.0159362549800796,40,3,0.0,0.0,0.0,市场情绪强
2026-07-27,002105.SZ,信隆健康,main,4.79,0.027556481739148445,0.0,-0.0082815734989648,-0.0752895752895752,0.7461599435269505,88,0.0159362549800796,40,75,0.0,0.0,0.0,市场情绪强，板块情绪强
2026-07-27,603636.SH,南威软件,main,6.06,0.027486100385058776,0.0,-0.0210016155088854,-0.0776255707762557,0.7934198823161802,88,0.0159362549800796,40,75,0.0,0.0,0.0,市场情绪强，板块情绪强
2026-07-27,002128.SZ,电投能源,main,26.52,0.027481191590977776,0.0,0.0188244333461389,0.0553123756466376,0.6582841370865887,88,0.0159362549800796,40,75,0.0,0.0,0.0,市场情绪强，板块情绪强
2026-07-27,000990.SZ,诚志股份,main,8.9,0.027480679212971402,0.0,-0.03470715835141,-0.0133037694013302,1.0422566699031666,88,0.0159362549800796,40,75,0.0,0.0,0.0,市场情绪强，板块情绪强
2026-07-27,603466.SH,风语筑,main,9.5,0.027471852258441943,0.0,-0.1962774957698816,-0.1859468723221936,0.8954776817292095,88,0.0159362549800796,40,75,0.0,0.0,0.0,市场情绪强，板块情绪强
2026-07-27,605018.SH,长华集团,main,11.11,0.027465452268152942,0.0,0.0009009009009008,-0.0271453590192645,0.6280308688075679,88,0.0159362549800796,40,75,0.0,0.0,0.0,市场情绪强，板块情绪强
2026-07-27,002354.SZ,天娱数科,main,5.92,0.02746404083121179,0.0,-0.103030303030303,-0.1731843575418994,0.6811554819797064,88,0.0159362549800796,40,75,0.0,0.0,0.0,市场情绪强，板块情绪强
2026-07-27,002715.SZ,登云股份,main,12.3,0.02746373971375837,0.0,-0.0191387559808611,-0.0723981900452488,0.5504690051728713,88,0.0159362549800796,40,75,0.0,0.0,0.0,市场情绪强，板块情绪强
2026-07-27,000733.SZ,振华科技,main,38.84,0.027460993200881828,0.0,-0.0287571892973242,-0.0038471402923826,0.6570751517087481,88,0.0159362549800796,40,75,0.0,0.0,0.0,市场情绪强，板块情绪强
2026-07-27,002617.SZ,露笑科技,main,5.78,0.027460992245002865,0.0,-0.0524590163934425,-0.030201342281879,0.6286629845060203,88,0.0159362549800796,40,75,0.0,0.0,0.0,市场情绪强，板块情绪强
2026-07-27,000997.SZ,新 大 陆,main,16.21,0.02746056521987078,0.0,-0.0964325529542921,-0.0061312078479459,0.6604385385641873,88,0.0159362549800796,40,75,1.0,1.0,0.0,市场情绪强，板块情绪强，近5日触板记忆
2026-07-27,000006.SZ,深振业Ａ,main,6.05,0.027452505976821345,0.0,0.0117056856187289,-0.0032948929159802,0.6550018233325774,88,0.0159362549800796,40,75,0.0,0.0,0.0,市场情绪强，板块情绪强
2026-07-27,688115.SH,思林杰,star,45.11,0.02744967264584549,0.0,0.0763540921021237,-0.0402127659574468,0.8617067208337434,88,0.0159362549800796,40,3,0.0,0.0,0.0,短线动量强，市场情绪强
2026-07-27,301502.SZ,华阳智能,chinext,47.86,0.02743571643233157,0.0,-0.0027088976870182,-0.1242451967063128,0.7055651112364832,88,0.0159362549800796,40,10,0.0,0.0,0.0,市场情绪强，板块情绪强
2026-07-27,002324.SZ,普利特,main,8.25,0.027406514426892258,0.0,-0.0698985343855692,-0.0823136818687431,1.380717724867944,88,0.0159362549800796,40,75,0.0,0.0,0.0,市场情绪强，板块情绪强
2026-07-27,002522.SZ,浙江众成,main,4.34,0.027401712287547984,0.0,-0.0503282275711161,-0.0726495726495726,0.6816712062763534,88,0.0159362549800796,40,75,0.0,0.0,0.0,市场情绪强，板块情绪强
2026-07-27,603151.SH,邦基科技,main,11.07,0.02740101785183928,0.0,-0.0562659846547314,-0.1317647058823529,0.498975047859561,88,0.0159362549800796,40,75,0.0,0.0,0.0,市场情绪强，板块情绪强
2026-07-27,002196.SZ,方正电机,main,9.71,0.027398768698210132,0.0,-0.0172064777327934,-0.048971596474045,0.6212103933548153,88,0.0159362549800796,40,75,0.0,0.0,0.0,市场情绪强，板块情绪强
2026-07-27,002951.SZ,金时科技,main,11.19,0.027384565053394067,0.0,-0.0303292894280762,-0.075206611570248,0.7856304381960034,88,0.0159362549800796,40,75,0.0,0.0,0.0,市场情绪强，板块情绪强
2026-07-27,603217.SH,元利科技,main,17.69,0.027376533367269817,0.0,0.0011318619128466,-0.04430037817396,0.8812154526119376,88,0.0159362549800796,40,75,0.0,0.0,0.0,市场情绪强，板块情绪强
2026-07-27,688071.SH,华依科技,star,36.1,0.027368435601002338,0.0,0.1485841552656697,0.2448275862068967,0.7076490049256152,88,0.0159362549800796,40,3,0.0,0.0,0.0,短线动量强，市场情绪强
2026-07-27,600493.SH,凤竹纺织,main,5.18,0.02735638889478909,0.0,-0.0019267822736032,-0.0831858407079647,0.693370900867227,88,0.0159362549800796,40,75,0.0,0.0,0.0,市场情绪强，板块情绪强
2026-07-27,603116.SH,红蜻蜓,main,4.95,0.027354951654934373,0.0,-0.0119760479041914,-0.0883977900552485,0.5963293867971314,88,0.0159362549800796,40,75,0.0,0.0,0.0,市场情绪强，板块情绪强
2026-07-27,002602.SZ,世纪华通,main,12.38,0.027353950839444245,0.0,-0.089036055923473,-0.0513409961685823,0.8214995943121138,88,0.0159362549800796,40,75,0.0,0.0,0.0,市场情绪强，板块情绪强
2026-07-27,002493.SZ,荣盛石化,main,11.59,0.027338943693383272,0.0,0.0104620749782038,0.0229479258605471,0.8326018627771057,88,0.0159362549800796,40,75,0.0,0.0,0.0,市场情绪强，板块情绪强
2026-07-27,300518.SZ,新迅达,chinext,19.64,0.027332586197343682,0.0,-0.0779342723004694,-0.1129177958446251,0.786828630024749,88,0.0159362549800796,40,10,0.0,0.0,0.0,市场情绪强，板块情绪强
2026-07-27,002458.SZ,益生股份,main,8.34,0.027315016252235497,0.0,-0.0435779816513762,-0.0211267605633802,1.347437035863878,88,0.0159362549800796,40,75,0.0,0.0,0.0,市场情绪强，板块情绪强
2026-07-27,302132.SZ,中航成飞,main,55.69,0.0273126555221902,0.0,0.0107078039927404,0.0525420525420525,1.181861331872564,88,0.0159362549800796,40,75,0.0,0.0,0.0,市场情绪强，板块情绪强
2026-07-27,001228.SZ,永泰运,main,26.33,0.027300764930819024,0.0,0.0329540996469204,-0.0248148148148148,0.5767883211678833,88,0.0159362549800796,40,75,0.0,0.0,0.0,市场情绪强，板块情绪强
2026-07-27,002052.SZ,同洲电子,main,8.32,0.027283103783043196,0.0,0.018359853121175,0.0505050505050506,0.6820663992436945,88,0.0159362549800796,40,75,0.0,0.0,0.0,市场情绪强，板块情绪强
2026-07-27,300998.SZ,宁波方正,chinext,21.16,0.027279155149945326,0.0,0.1225464190981431,-0.0988074957410561,0.5328772194495202,88,0.0159362549800796,40,10,0.0,0.0,0.0,短线动量强，市场情绪强，板块情绪强
2026-07-27,301228.SZ,实朴检测,chinext,59.85,0.027270282874426444,0.0,-0.012539184952978,0.2926565874730022,0.5370063780994955,88,0.0159362549800796,40,10,0.0,0.0,0.0,市场情绪强，板块情绪强
2026-07-27,003032.SZ,传智教育,main,5.47,0.02726695863609941,0.0,0.0092250922509224,-0.0214669051878354,0.5959240036188753,88,0.0159362549800796,40,75,0.0,0.0,0.0,市场情绪强，板块情绪强
2026-07-27,605118.SH,力鼎光电,main,27.66,0.027255946452487287,0.0,-0.0395833333333333,0.0,0.5878999422807791,88,0.0159362549800796,40,75,0.0,0.0,0.0,市场情绪强，板块情绪强
2026-07-27,300398.SZ,飞凯材料,chinext,33.09,0.027243826778265326,0.0,-0.0604770017035773,-0.0715488215488214,0.6548392437112719,88,0.0159362549800796,40,10,0.0,0.0,0.0,市场情绪强，板块情绪强
2026-07-27,002329.SZ,皇氏集团,main,3.1,0.027242056038527713,0.0,-0.0095846645367411,-0.0402476780185758,0.6609239025940636,88,0.0159362549800796,40,75,0.0,0.0,0.0,市场情绪强，板块情绪强
2026-07-27,300689.SZ,澄天伟业,chinext,54.1,0.027231181922583152,0.0,0.0885311871227363,0.1067921440261865,0.5466211873871922,88,0.0159362549800796,40,10,0.0,0.0,0.0,短线动量强，市场情绪强，板块情绪强
2026-07-27,603863.SH,松炀资源,main,11.73,0.027210396355771917,0.0,0.0289473684210526,0.0017079419299743,0.6750668079196899,88,0.0159362549800796,40,75,0.0,0.0,0.0,市场情绪强，板块情绪强
2026-07-27,002648.SZ,卫星化学,main,24.11,0.02720021010980263,0.0,0.0121746431570108,0.0556042031523642,0.731866264754138,88,0.0159362549800796,40,75,0.0,0.0,0.0,市场情绪强，板块情绪强
2026-07-27,300506.SZ,名家汇,chinext,5.54,0.027198825705434807,0.0,-0.0018018018018017,-0.0071684587813619,0.7445528805107429,88,0.0159362549800796,40,10,0.0,0.0,0.0,市场情绪强，板块情绪强
2026-07-27,002882.SZ,金龙羽,main,17.02,0.027174227719517385,0.0,0.0035377358490564,0.0106888361045129,0.8394421698887111,88,0.0159362549800796,40,75,0.0,0.0,0.0,市场情绪强，板块情绪强
2026-07-27,601118.SH,海南橡胶,main,4.67,0.027156577847629502,0.0,-0.0021367521367521,0.0108225108225108,0.9784945243785244,88,0.0159362549800796,40,75,0.0,0.0,0.0,市场情绪强，板块情绪强
2026-07-27,001278.SZ,一彬科技,main,13.55,0.027152915080594274,0.0,0.001478196600148,-0.0537709497206703,0.6590162305634213,88,0.0159362549800796,40,75,0.0,0.0,0.0,市场情绪强，板块情绪强
2026-07-27,300589.SZ,江龙船艇,chinext,12.25,0.027131873401445402,0.0,0.134259259259259,0.1207685269899359,2.444820177553422,88,0.0159362549800796,40,10,0.0,0.0,0.0,成交量放大，短线动量强，市场情绪强，板块情绪强
2026-07-27,002706.SZ,良信股份,main,8.83,0.02713029221355354,0.0,-0.0495156081808395,-0.0422993492407809,0.6860677120488279,88,0.0159362549800796,40,75,0.0,0.0,0.0,市场情绪强，板块情绪强
2026-07-27,600778.SH,友好集团,main,4.68,0.027129971076281425,0.0,-0.0168067226890756,-0.0732673267326733,0.8175087248874973,88,0.0159362549800796,40,75,0.0,0.0,0.0,市场情绪强，板块情绪强
2026-07-27,688551.SH,科威尔,star,38.66,0.027102593390523257,0.0,-0.0232440626579081,-0.0054026241317211,0.545300084629774,88,0.0159362549800796,40,3,0.0,0.0,0.0,市场情绪强
2026-07-27,688625.SH,呈和科技,star,54.64,0.027102163274187244,0.0,-0.0627787307032589,-0.0538528138528138,0.5846759397710366,88,0.0159362549800796,40,3,0.0,0.0,0.0,市场情绪强
2026-07-27,603006.SH,联明股份,main,9.65,0.02709820871133286,0.0,-0.0153061224489796,-0.0756704980842911,0.7348616346141401,88,0.0159362549800796,40,75,0.0,0.0,0.0,市场情绪强，板块情绪强
2026-07-27,300679.SZ,电连技术,chinext,39.86,0.027089473264976276,0.0,-0.0596838877093653,-0.0887059899405579,0.7535945241644744,88,0.0159362549800796,40,10,0.0,0.0,0.0,市场情绪强，板块情绪强
2026-07-27,601965.SH,中国汽研,main,13.79,0.0270868211885295,0.0,0.0321856287425148,0.0901185770750987,0.9125097457360168,88,0.0159362549800796,40,75,0.0,0.0,0.0,市场情绪强，板块情绪强
2026-07-27,000989.SZ,九芝堂,main,8.75,0.02708391239438409,0.0,-0.0179573512906846,-0.0310077519379844,0.7184137332224824,88,0.0159362549800796,40,75,0.0,0.0,0.0,市场情绪强，板块情绪强
2026-07-27,605580.SH,恒盛能源,main,15.93,0.02705857533138476,0.0,-0.0397830018083182,-0.0585106382978724,0.8513403308635885,88,0.0159362549800796,40,75,0.0,0.0,0.0,市场情绪强，板块情绪强
2026-07-27,603012.SH,创力集团,main,8.03,0.027045381511114644,0.0,-0.0508274231678488,-0.0243013365735116,1.0532346813532742,88,0.0159362549800796,40,75,0.0,0.0,0.0,市场情绪强，板块情绪强
2026-07-27,603839.SH,安正时尚,main,5.85,0.02704178046669041,0.0,-0.0184563758389262,-0.074367088607595,0.5323139357499196,88,0.0159362549800796,40,75,0.0,0.0,0.0,市场情绪强，板块情绪强
2026-07-27,688002.SH,睿创微纳,star,150.1,0.02701544071130949,0.0,-0.0037831021437578,0.19649262654444,0.6277353011816625,88,0.0159362549800796,40,3,1.0,0.0,0.0,市场情绪强，近5日触板记忆
2026-07-27,603661.SH,恒林股份,main,27.33,0.027014975312302774,0.0,-0.0335926449787836,-0.0497218358831711,0.5485425391426082,88,0.0159362549800796,40,75,0.0,0.0,0.0,市场情绪强，板块情绪强
2026-07-27,603908.SH,牧高笛,main,15.87,0.0270122344778756,0.0,-0.006883604505632,-0.0789320951828207,0.7625390999519366,88,0.0159362549800796,40,75,0.0,0.0,0.0,市场情绪强，板块情绪强
2026-07-27,002247.SZ,聚力文化,main,1.97,0.027006952196258194,0.0,-0.015,-0.0619047619047619,0.740023756827591,88,0.0159362549800796,40,75,0.0,0.0,0.0,市场情绪强，板块情绪强
2026-07-27,600883.SH,博闻科技,main,6.41,0.026993496292331193,0.0,-0.0123266563944529,-0.0723589001447178,0.7365670676576956,88,0.0159362549800796,40,75,0.0,0.0,0.0,市场情绪强，板块情绪强
2026-07-27,688601.SH,力芯微,star,37.71,0.02699034975325042,0.0,-0.0908871745419478,-0.0930735930735929,0.9010371938849716,88,0.0159362549800796,40,3,0.0,0.0,0.0,市场情绪强
2026-07-27,601002.SH,晋亿实业,main,4.78,0.026958476628545412,0.0,0.0235546038543899,0.0170212765957447,1.081225961058485,88,0.0159362549800796,40,75,0.0,0.0,0.0,市场情绪强，板块情绪强
2026-07-27,600506.SH,统一股份,main,13.62,0.02694557081649777,0.0,0.0256024096385543,0.0186985789080029,0.966428138137236,88,0.0159362549800796,40,75,0.0,0.0,0.0,市场情绪强，板块情绪强
2026-07-27,600721.SH,百花医药,main,6.6,0.026935827205000616,0.0,-0.0379008746355685,-0.1176470588235295,0.6930117644208966,88,0.0159362549800796,40,75,0.0,0.0,0.0,市场情绪强，板块情绪强
2026-07-27,000702.SZ,正虹科技,main,4.65,0.02690840636437719,0.0,-0.0064102564102562,-0.0810276679841895,0.7746438902861337,88,0.0159362549800796,40,75,0.0,0.0,0.0,市场情绪强，板块情绪强
2026-07-27,001221.SZ,悍高集团,main,36.7,0.026904252510560705,0.0,0.0188784008883953,0.0248533929070091,0.5732063155521634,88,0.0159362549800796,40,75,0.0,0.0,0.0,市场情绪强，板块情绪强
2026-07-27,688052.SH,纳芯微,star,201.55,0.026903204551043194,0.0,-0.0031653395321231,0.0101237909086353,0.7195977732757272,88,0.0159362549800796,40,3,0.0,0.0,0.0,市场情绪强
2026-07-27,002295.SZ,精艺股份,main,7.49,0.02689962413696228,0.0,-0.0170603674540682,-0.0672478206724781,0.5870237369141613,88,0.0159362549800796,40,75,0.0,0.0,0.0,市场情绪强，板块情绪强
2026-07-27,002402.SZ,和而泰,main,19.57,0.026892370879981344,0.0,-0.0486144871171608,-0.070750237416904,0.6071868218112622,88,0.0159362549800796,40,75,0.0,0.0,0.0,市场情绪强，板块情绪强
2026-07-27,688710.SH,益诺思,star,76.9,0.026891051507416414,0.0,0.0247867803837953,0.1758409785932722,0.7062657292746926,88,0.0159362549800796,40,3,0.0,0.0,0.0,市场情绪强
2026-07-27,688372.SH,伟测科技,star,118.9,0.026890013426721624,0.0,-0.0994470953571158,-0.0151577901101631,0.8111001863046021,88,0.0159362549800796,40,3,0.0,0.0,0.0,市场情绪强
2026-07-27,688312.SH,燕麦科技,star,44.18,0.02688945213255947,0.0,-0.0768909318846635,-0.1164,0.6244803943413982,88,0.0159362549800796,40,3,0.0,0.0,0.0,市场情绪强
2026-07-27,603216.SH,梦天家居,main,18.6,0.026869818387796788,0.0,0.0119695321001089,-0.0451745379876796,0.6311541616340254,88,0.0159362549800796,40,75,0.0,0.0,0.0,市场情绪强，板块情绪强
2026-07-27,688525.SH,佰维存储,star,236.38,0.026859394801409676,0.0,-0.1276525076576744,-0.0651744048089852,0.7074963794780954,88,0.0159362549800796,40,3,0.0,0.0,0.0,市场情绪强
2026-07-27,301043.SZ,绿岛风,chinext,38.73,0.02684040222707798,0.0,0.0567530695770803,-0.0662970106075216,0.6494941366177511,88,0.0159362549800796,40,10,0.0,0.0,0.0,短线动量强，市场情绪强，板块情绪强
2026-07-27,002868.SZ,绿康生化,main,22.4,0.026833182650999824,0.0,0.0209662716499543,-0.0214067278287463,0.6817790407302161,88,0.0159362549800796,40,75,0.0,0.0,0.0,市场情绪强，板块情绪强
2026-07-27,301387.SZ,光大同创,chinext,50.72,0.026828435702784936,0.0,-0.0357414448669202,-0.0963833956885801,0.7198368967786712,88,0.0159362549800796,40,10,0.0,0.0,0.0,市场情绪强，板块情绪强
2026-07-27,300985.SZ,致远新能,chinext,33.89,0.026820803222256624,0.0,-0.0208032360589425,-0.0466947960618845,0.5619790467098728,88,0.0159362549800796,40,10,0.0,0.0,0.0,市场情绪强，板块情绪强
2026-07-27,002335.SZ,科华数据,main,29.58,0.026817845256398277,0.0,-0.0339647289353364,-0.0057142857142857,0.8398885228757591,88,0.0159362549800796,40,75,0.0,0.0,0.0,市场情绪强，板块情绪强
2026-07-27,601702.SH,华峰铝业,main,14.49,0.026810736525969537,0.0,0.01541695865452,0.0431965442764579,0.7099574855864907,88,0.0159362549800796,40,75,0.0,0.0,0.0,市场情绪强，板块情绪强
2026-07-27,688057.SH,金达莱,star,16.04,0.026809665790765626,0.0,0.021656050955414,0.1448965024982156,0.7824523757896322,88,0.0159362549800796,40,3,1.0,0.0,0.0,市场情绪强，近5日触板记忆
2026-07-27,600802.SH,福建水泥,main,3.9,0.026808791222832806,0.0,0.0,-0.0579710144927535,0.6715710134005041,88,0.0159362549800796,40,75,0.0,0.0,0.0,市场情绪强，板块情绪强
2026-07-27,600241.SH,时代万恒,main,6.28,0.026792613701098537,0.0,0.0178282009724473,-0.0542168674698794,0.5932910974951524,88,0.0159362549800796,40,75,0.0,0.0,0.0,市场情绪强，板块情绪强
2026-07-27,002104.SZ,恒宝股份,main,9.04,0.026789287354134744,0.0,-0.0514165792235047,-0.0055005500550056,0.6989213911057796,88,0.0159362549800796,40,75,0.0,0.0,0.0,市场情绪强，板块情绪强
2026-07-27,300283.SZ,温州宏丰,chinext,13.44,0.02678779350386099,0.0,-0.0365591397849461,-0.0788211103495545,0.7182288228156171,88,0.0159362549800796,40,10,0.0,0.0,0.0,市场情绪强，板块情绪强
2026-07-27,002496.SZ,辉丰股份,main,1.86,0.02678591218513293,0.0,0.0,-0.0606060606060605,0.8095214645709407,88,0.0159362549800796,40,75,0.0,0.0,0.0,市场情绪强，板块情绪强
2026-07-27,601615.SH,明阳智能,main,10.96,0.026749639172468177,0.0,-0.0108303249097472,0.0755642787046124,0.688452622659564,88,0.0159362549800796,40,75,0.0,0.0,0.0,市场情绪强，板块情绪强
2026-07-27,301248.SZ,杰创智能,chinext,54.12,0.026742013582123678,0.0,-0.0636678200692041,-0.1168407310704962,0.5260499872375366,88,0.0159362549800796,40,10,0.0,0.0,0.0,市场情绪强，板块情绪强
2026-07-27,600293.SH,三峡新材,main,2.52,0.026723561175711393,0.0,-0.0232558139534884,-0.0490566037735848,0.6515420936493819,88,0.0159362549800796,40,75,0.0,0.0,0.0,市场情绪强，板块情绪强
2026-07-27,603960.SH,克来机电,main,13.94,0.026712613095495514,0.0,0.0035997120230379,-0.0217543859649123,0.6587410976382249,88,0.0159362549800796,40,75,0.0,0.0,0.0,市场情绪强，板块情绪强
2026-07-27,600986.SH,浙文互联,main,6.51,0.026697068789042478,0.0,-0.03125,0.0171874999999999,0.7262155060443787,88,0.0159362549800796,40,75,0.0,0.0,0.0,市场情绪强，板块情绪强
2026-07-27,688061.SH,灿瑞科技,star,38.05,0.02669596689533343,0.0,-0.002098085496984,0.0036929570034291,0.4655255040528425,88,0.0159362549800796,40,3,0.0,0.0,0.0,市场情绪强
2026-07-27,605555.SH,德昌股份,main,10.55,0.026690828985547484,0.0,-0.0990606319385141,-0.0704845814977972,1.634183704209394,88,0.0159362549800796,40,75,0.0,0.0,0.0,成交量放大，市场情绪强，板块情绪强
2026-07-27,605305.SH,中际联合,main,37.54,0.026648020131888377,0.0,-0.0144394854292466,0.0077852348993288,0.9892705720238112,88,0.0159362549800796,40,75,0.0,0.0,0.0,市场情绪强，板块情绪强
2026-07-27,002771.SZ,真视通,main,11.27,0.02663336301503455,0.0,-0.0139982502187226,-0.0276100086281276,0.7485329772635635,88,0.0159362549800796,40,75,0.0,0.0,0.0,市场情绪强，板块情绪强
2026-07-27,301190.SZ,善水科技,chinext,16.98,0.02663199499410974,0.0,-0.0529838259899608,0.1694214876033057,0.8159416502182602,88,0.0159362549800796,40,10,1.0,0.0,0.0,市场情绪强，板块情绪强，近5日触板记忆
2026-07-27,603980.SH,吉华集团,main,5.82,0.026624985215225123,0.0,-0.0411861614497528,-0.0567260940032414,0.6998027969300513,88,0.0159362549800796,40,75,0.0,0.0,0.0,市场情绪强，板块情绪强
2026-07-27,000830.SZ,鲁西化工,main,12.39,0.026624123616887586,0.0,0.0073170731707317,0.05,0.8494563672343416,88,0.0159362549800796,40,75,0.0,0.0,0.0,市场情绪强，板块情绪强
2026-07-27,002163.SZ,海南发展,main,7.26,0.026618870611495205,0.0,-0.0162601626016259,-0.0215633423180593,0.6663963590517638,88,0.0159362549800796,40,75,0.0,0.0,0.0,市场情绪强，板块情绪强
2026-07-27,600303.SH,曙光股份,main,2.38,0.026617727989106946,0.0,0.0084745762711864,-0.0403225806451613,0.7489313956023103,88,0.0159362549800796,40,75,0.0,0.0,0.0,市场情绪强，板块情绪强
2026-07-27,601339.SH,百隆东方,main,8.03,0.02660858058105982,0.0,0.024234693877551,0.0164556962025315,1.148046381122075,88,0.0159362549800796,40,75,0.0,0.0,0.0,市场情绪强，板块情绪强
2026-07-27,600166.SH,福田汽车,main,2.95,0.026597775566707654,0.0,0.0034013605442178,0.0102739726027398,1.2383682465051358,88,0.0159362549800796,40,75,0.0,0.0,0.0,市场情绪强，板块情绪强
2026-07-27,300136.SZ,信维通信,chinext,62.57,0.026591744921798336,0.0,-0.0867026711428988,-0.0998417493885772,0.660759902748865,88,0.0159362549800796,40,10,0.0,0.0,0.0,市场情绪强，板块情绪强
2026-07-27,002659.SZ,凯文教育,main,3.82,0.02658307567254201,0.0,-0.0052083333333333,-0.0230179028132992,0.7543781708992187,88,0.0159362549800796,40,75,0.0,0.0,0.0,市场情绪强，板块情绪强
2026-07-27,688401.SH,路维光电,star,66.26,0.026575730062735836,0.0,-0.0348142753095411,0.0161018248734858,0.6593713783644131,88,0.0159362549800796,40,3,0.0,0.0,0.0,市场情绪强
2026-07-27,601567.SH,三星电气,main,15.0,0.026568011300787637,0.0,0.0309278350515462,0.0768126346015793,0.8898326501057714,88,0.0159362549800796,40,75,0.0,0.0,0.0,市场情绪强，板块情绪强
2026-07-27,002696.SZ,百洋股份,main,4.72,0.026560733497404128,0.0,-0.0146137787056368,-0.0957854406130268,0.6831362222121514,88,0.0159362549800796,40,75,0.0,0.0,0.0,市场情绪强，板块情绪强
2026-07-27,002656.SZ,摩登大道,main,2.57,0.026539179111036357,0.0,0.00390625,-0.0918727915194347,0.5487125541586829,88,0.0159362549800796,40,75,0.0,0.0,0.0,市场情绪强，板块情绪强
2026-07-27,002048.SZ,宁波华翔,main,17.5,0.026528096714381035,0.0,-0.0681576144834931,-0.0956072351421188,0.8078831371484047,88,0.0159362549800796,40,75,0.0,0.0,0.0,市场情绪强，板块情绪强
2026-07-27,603887.SH,城地香江,main,8.23,0.02651769462303251,0.0,-0.006038647342995,0.003658536585366,0.7267742809629636,88,0.0159362549800796,40,75,0.0,0.0,0.0,市场情绪强，板块情绪强
2026-07-27,603007.SH,顺景科技,main,4.27,0.02651763057104185,0.0,-0.0635964912280702,-0.1066945606694561,0.7656709435952832,88,0.0159362549800796,40,75,0.0,0.0,0.0,市场情绪强，板块情绪强
2026-07-27,600486.SH,扬农化工,main,54.38,0.026515114199129903,0.0,-0.0036643459142542,0.068369351669941,0.6013387513247234,88,0.0159362549800796,40,75,0.0,0.0,0.0,市场情绪强，板块情绪强
2026-07-27,601619.SH,嘉泽新能,main,4.44,0.026514441007976675,0.0,0.034965034965035,0.0882352941176471,0.9907920347628406,88,0.0159362549800796,40,75,0.0,0.0,0.0,市场情绪强，板块情绪强
2026-07-27,603038.SH,华立股份,main,11.79,0.026513554200140527,0.0,-0.0256198347107438,-0.1475054229934924,0.476362858943454,88,0.0159362549800796,40,75,0.0,0.0,0.0,市场情绪强，板块情绪强
2026-07-27,002811.SZ,郑中设计,main,9.3,0.026495636679289686,0.0,-0.0106382978723403,-0.069069069069069,0.5680406723000183,88,0.0159362549800796,40,75,0.0,0.0,0.0,市场情绪强，板块情绪强
2026-07-27,300907.SZ,康平科技,chinext,38.4,0.026494953225893347,0.0,-0.0537210448496796,-0.1932773109243698,0.4825408776740654,88,0.0159362549800796,40,10,0.0,0.0,0.0,市场情绪强，板块情绪强
2026-07-27,300491.SZ,通合科技,chinext,23.86,0.026491716873746584,0.0,0.0071760236386659,-0.0241308793456033,0.8531431252154302,88,0.0159362549800796,40,10,0.0,0.0,0.0,市场情绪强，板块情绪强
2026-07-27,300236.SZ,上海新阳,chinext,86.47,0.026488378517471125,0.0,-0.0752860656614266,-0.0279901079136689,0.6455601889044031,88,0.0159362549800796,40,10,0.0,0.0,0.0,市场情绪强，板块情绪强
2026-07-27,300503.SZ,昊志机电,chinext,64.73,0.026473478828654168,0.0,-0.1212326907412434,-0.0867663656884875,0.6273505070889548,88,0.0159362549800796,40,10,0.0,0.0,0.0,市场情绪强，板块情绪强
2026-07-27,688234.SH,天岳先进,star,95.81,0.026458566132580897,0.0,-0.0525118670886076,-0.0831578947368421,0.6167193899891505,88,0.0159362549800796,40,3,0.0,0.0,0.0,市场情绪强
2026-07-27,001316.SZ,润贝航科,main,24.53,0.026448545868076285,0.0,-0.0044642857142856,-0.0108870967741935,0.6105628656642756,88,0.0159362549800796,40,75,0.0,0.0,0.0,市场情绪强，板块情绪强
2026-07-27,000567.SZ,海德股份,main,5.43,0.026444756414260025,0.0,-0.0303571428571428,-0.0145190562613429,0.6844394680962833,88,0.0159362549800796,40,75,0.0,0.0,0.0,市场情绪强，板块情绪强
2026-07-27,003015.SZ,日久光电,main,10.16,0.026431989842785455,0.0,-0.0116731517509727,-0.0721461187214611,1.012342075558644,88,0.0159362549800796,40,75,0.0,0.0,0.0,市场情绪强，板块情绪强
2026-07-27,002767.SZ,先锋电子,main,15.42,0.02642029212193481,0.0,-0.03625,-0.1633206728160607,0.7890181262529075,88,0.0159362549800796,40,75,0.0,0.0,0.0,市场情绪强，板块情绪强
2026-07-27,002009.SZ,天奇股份,main,15.52,0.02639169232377682,0.0,-0.0257376020087884,-0.0449230769230769,0.6261887135685134,88,0.0159362549800796,40,75,0.0,0.0,0.0,市场情绪强，板块情绪强
2026-07-27,002263.SZ,大东南,main,2.75,0.026372097503794552,0.0,0.0185185185185183,0.0110294117647058,0.9320417062302422,88,0.0159362549800796,40,75,0.0,0.0,0.0,市场情绪强，板块情绪强
2026-07-27,603033.SH,三维股份,main,7.39,0.026362464835125374,0.0,-0.0377604166666666,-0.0976800976800976,0.586064521682759,88,0.0159362549800796,40,75,0.0,0.0,0.0,市场情绪强，板块情绪强
2026-07-27,603568.SH,伟明环保,main,14.94,0.026359268274841714,0.0,0.0239890335846471,0.0142566191446027,0.814490866316961,88,0.0159362549800796,40,75,0.0,0.0,0.0,市场情绪强，板块情绪强
2026-07-27,002663.SZ,普邦股份,main,1.45,0.026353925136472136,0.0,0.0139860139860139,-0.0202702702702702,0.877998212419369,88,0.0159362549800796,40,75,0.0,0.0,0.0,市场情绪强，板块情绪强
2026-07-27,600149.SH,廊坊发展,main,4.31,0.026347203993760407,0.0,-0.0091954022988506,-0.0485651214128036,0.6954953924765546,88,0.0159362549800796,40,75,0.0,0.0,0.0,市场情绪强，板块情绪强
2026-07-27,002836.SZ,新宏泽,main,8.25,0.026346291783837992,0.0,-0.0107913669064747,-0.061433447098976,0.7665708790926248,88,0.0159362549800796,40,75,0.0,0.0,0.0,市场情绪强，板块情绪强
2026-07-27,001269.SZ,欧晶科技,main,16.9,0.026333529744848965,0.0,0.0047562425683709,-0.0414066931366988,0.6497153814222243,88,0.0159362549800796,40,75,0.0,0.0,0.0,市场情绪强，板块情绪强
2026-07-27,002748.SZ,世龙实业,main,9.38,0.02631457826153613,0.0,-0.0269709543568464,-0.1282527881040891,0.5665570350878624,88,0.0159362549800796,40,75,0.0,0.0,0.0,市场情绪强，板块情绪强
2026-07-27,300726.SZ,宏达电子,chinext,48.46,0.026308473806460068,0.0,-0.044181459566075,-0.0460629921259841,0.6407285143353397,88,0.0159362549800796,40,10,0.0,0.0,0.0,市场情绪强，板块情绪强
2026-07-27,603271.SH,永杰新材,main,43.2,0.0263054076498262,0.0,0.0102899906454632,0.0023201856148491,0.6821107049991649,88,0.0159362549800796,40,75,0.0,0.0,0.0,市场情绪强，板块情绪强
2026-07-27,002683.SZ,广东宏大,main,26.06,0.0263035329631568,0.0,-0.0121304018195602,0.0140077821011672,0.7325961392390666,88,0.0159362549800796,40,75,0.0,0.0,0.0,市场情绪强，板块情绪强
2026-07-27,002241.SZ,歌尔股份,main,22.67,0.026283264463215425,0.0,-0.0320239111870196,-0.0147761842677096,0.996976909212502,88,0.0159362549800796,40,75,0.0,0.0,0.0,市场情绪强，板块情绪强
2026-07-27,300302.SZ,同有科技,chinext,28.91,0.026274126229606506,0.0,-0.0480737569970365,-0.0604484887877803,0.6442889248491521,88,0.0159362549800796,40,10,0.0,0.0,0.0,市场情绪强，板块情绪强
2026-07-27,688150.SH,莱特光电,star,39.17,0.026266698664323747,0.0,-0.1211577294144042,-0.1755419911597557,0.5322493782165671,88,0.0159362549800796,40,3,0.0,0.0,0.0,市场情绪强
2026-07-27,688166.SH,博瑞医药,star,34.81,0.02625127197635411,0.0,-0.0079794813337132,-0.0953742203742202,0.7158494884890828,88,0.0159362549800796,40,3,0.0,0.0,0.0,市场情绪强
2026-07-27,605218.SH,伟时电子,main,12.04,0.026250296199462442,0.0,-0.0329317269076305,-0.0512214342001576,0.565213251737671,88,0.0159362549800796,40,75,0.0,0.0,0.0,市场情绪强，板块情绪强
2026-07-27,300938.SZ,信测标准,chinext,28.81,0.026249068122568362,0.0,-0.1173406862745098,-0.2008321775312066,0.7045216248495605,88,0.0159362549800796,40,10,0.0,0.0,0.0,市场情绪强，板块情绪强
2026-07-27,002355.SZ,兴民智通,main,4.09,0.02623613586169846,0.0,-0.0168269230769231,-0.0144578313253013,0.6684594048136365,88,0.0159362549800796,40,75,0.0,0.0,0.0,市场情绪强，板块情绪强
2026-07-27,002081.SZ,金 螳 螂,main,3.55,0.026224714837320466,0.0,-0.0138888888888889,-0.0083798882681564,0.7433035857653293,88,0.0159362549800796,40,75,0.0,0.0,0.0,市场情绪强，板块情绪强
2026-07-27,000981.SZ,山子高科,main,2.44,0.026221738153324285,0.0,-0.024,0.0082644628099173,0.7333612402302893,88,0.0159362549800796,40,75,0.0,0.0,0.0,市场情绪强，板块情绪强
2026-07-27,603208.SH,江山欧派,main,9.46,0.02619677093377266,0.0,-0.0042105263157893,-0.0973282442748091,0.496897689015529,88,0.0159362549800796,40,75,0.0,0.0,0.0,市场情绪强，板块情绪强
2026-07-27,300427.SZ,红相股份,chinext,6.36,0.026188984499686464,0.0,0.1521739130434785,0.1296625222024867,2.1459819979536072,88,0.0159362549800796,40,10,0.0,0.0,0.0,成交量放大，短线动量强，市场情绪强，板块情绪强
2026-07-27,600435.SH,北方导航,main,10.33,0.026151404924468366,0.0,0.0319680319680319,0.0616649537512845,1.4707095772239187,88,0.0159362549800796,40,75,0.0,0.0,0.0,市场情绪强，板块情绪强
2026-07-27,600501.SH,航天晨光,main,13.04,0.026138484631676274,0.0,0.0030769230769229,-0.0007662835249043,0.677212955664339,88,0.0159362549800796,40,75,0.0,0.0,0.0,市场情绪强，板块情绪强
2026-07-27,688727.SH,恒坤新材,star,42.71,0.026136534251822552,0.0,-0.0623490669593852,-0.081505376344086,0.653104279125906,88,0.0159362549800796,40,3,0.0,0.0,0.0,市场情绪强
2026-07-27,000503.SZ,国新健康,main,6.2,0.02612847801655576,0.0,-0.03125,-0.035769828926905,0.558247542969912,88,0.0159362549800796,40,75,1.0,1.0,0.0,市场情绪强，板块情绪强，近5日触板记忆
2026-07-27,301093.SZ,华兰股份,chinext,60.8,0.02610629624516967,0.0,-0.0435740128991662,-0.1075884338764127,0.5239419622159467,88,0.0159362549800796,40,10,0.0,0.0,0.0,市场情绪强，板块情绪强
2026-07-27,301237.SZ,和顺科技,chinext,49.09,0.026090269505193983,0.0,-0.0577735124760075,-0.1458152079345744,0.5358603696382689,88,0.0159362549800796,40,10,0.0,0.0,0.0,市场情绪强，板块情绪强
2026-07-27,600893.SH,航发动力,main,34.6,0.02607835799810533,0.0,0.0239715892275822,0.0702134240643366,0.7764010569665772,88,0.0159362549800796,40,75,0.0,0.0,0.0,市场情绪强，板块情绪强
2026-07-27,603683.SH,晶华新材,main,15.8,0.026066322217493717,0.0,-0.1519055287171228,-0.3130434782608695,1.4497125850649808,88,0.0159362549800796,40,75,0.0,0.0,0.0,市场情绪强，板块情绪强
2026-07-27,002205.SZ,国统股份,main,9.13,0.02606594649673942,0.0,0.0,-0.0499479708636835,0.7255262102869899,88,0.0159362549800796,40,75,0.0,0.0,0.0,市场情绪强，板块情绪强
2026-07-27,001330.SZ,博纳影业,main,4.47,0.026052729743913157,0.0,-0.0240174672489084,-0.0345572354211662,0.620528320237472,88,0.0159362549800796,40,75,0.0,0.0,0.0,市场情绪强，板块情绪强
2026-07-27,600481.SH,双良节能,main,3.82,0.026041032718954506,0.0,0.0132625994694959,-0.0473815461346632,0.6220358266879669,88,0.0159362549800796,40,75,0.0,0.0,0.0,市场情绪强，板块情绪强
2026-07-27,002382.SZ,蓝帆医疗,main,5.43,0.026036994270325294,0.0,-0.01985559566787,-0.010928961748634,0.6971005594104457,88,0.0159362549800796,40,75,0.0,0.0,0.0,市场情绪强，板块情绪强
2026-07-27,600580.SH,卧龙电驱,main,28.46,0.026034898863532607,0.0,-0.0359078590785907,-0.0411051212938005,0.6547780183256068,88,0.0159362549800796,40,75,0.0,0.0,0.0,市场情绪强，板块情绪强
2026-07-27,301285.SZ,鸿日达,chinext,70.98,0.02603268042854703,0.0,-0.0413290113452188,-0.0827087102610493,0.6201436092788135,88,0.0159362549800796,40,10,0.0,0.0,0.0,市场情绪强，板块情绪强
2026-07-27,000953.SZ,中哲精化,main,5.09,0.02601730012155435,0.0,0.0,-0.0711678832116788,0.5984841638041916,88,0.0159362549800796,40,75,0.0,0.0,0.0,市场情绪强，板块情绪强
2026-07-27,601975.SH,招商南油,main,3.54,0.026015715679716115,0.0,0.0350877192982457,0.0792682926829269,0.8190582449725445,88,0.0159362549800796,40,75,0.0,0.0,0.0,市场情绪强，板块情绪强
2026-07-27,603095.SH,越剑智能,main,11.52,0.026008184375136436,0.0,-0.0060396893874029,-0.0549630844954881,0.6106838228478367,88,0.0159362549800796,40,75,0.0,0.0,0.0,市场情绪强，板块情绪强
2026-07-27,002182.SZ,宝武镁业,main,10.96,0.025994624135598745,0.0,-0.034361233480176,-0.0152740341419587,0.7203190523512696,88,0.0159362549800796,40,75,0.0,0.0,0.0,市场情绪强，板块情绪强
2026-07-27,002121.SZ,科陆电子,main,4.69,0.025982728581405518,0.0,0.0021367521367523,0.0107758620689657,0.8002854224985353,88,0.0159362549800796,40,75,0.0,0.0,0.0,市场情绪强，板块情绪强
2026-07-27,002478.SZ,常宝股份,main,5.96,0.025980111002708528,0.0,0.0437828371278459,0.0511463844797177,0.8685747465654403,88,0.0159362549800796,40,75,0.0,0.0,0.0,市场情绪强，板块情绪强
2026-07-27,688103.SH,国力电子,star,72.6,0.025968963124392785,0.0,-0.1012626887843526,-0.1231884057971014,0.5871926288258,88,0.0159362549800796,40,3,0.0,0.0,0.0,市场情绪强
2026-07-27,002919.SZ,名臣健康,main,15.74,0.02596730626791903,0.0,-0.0563549160671462,-0.1132394366197182,0.5307204224593612,88,0.0159362549800796,40,75,0.0,0.0,0.0,市场情绪强，板块情绪强
2026-07-27,002564.SZ,天沃科技,main,4.07,0.02596375180883533,0.0,-0.0024509803921568,-0.0073170731707316,0.80542359008772,88,0.0159362549800796,40,75,0.0,0.0,0.0,市场情绪强，板块情绪强
2026-07-27,603188.SH,亚邦股份,main,3.64,0.025959327322938566,0.0,-0.0108695652173913,-0.0520833333333332,0.6282723084023815,88,0.0159362549800796,40,75,0.0,0.0,0.0,市场情绪强，板块情绪强
2026-07-27,000969.SZ,安泰科技,main,15.51,0.025950196346802405,0.0,-0.030625,-0.0133587786259542,0.6468412997942331,88,0.0159362549800796,40,75,0.0,0.0,0.0,市场情绪强，板块情绪强
2026-07-27,603969.SH,银龙股份,main,7.01,0.025937077593483255,0.0,-0.0539811066126856,-0.0126760563380281,1.0127463410671125,88,0.0159362549800796,40,75,0.0,0.0,0.0,市场情绪强，板块情绪强
2026-07-27,002357.SZ,富临运业,main,8.18,0.025918032896385664,0.0,-0.0238663484486875,-0.0619266055045872,0.5440826444044224,88,0.0159362549800796,40,75,0.0,0.0,0.0,市场情绪强，板块情绪强
2026-07-27,002244.SZ,滨江集团,main,8.6,0.02591757081664012,0.0,-0.0126291618828933,0.0238095238095237,0.6109948551945664,88,0.0159362549800796,40,75,0.0,0.0,0.0,市场情绪强，板块情绪强
2026-07-27,001306.SZ,夏厦精密,main,45.09,0.02590226605741994,0.0,-0.0324034334763948,-0.0547169811320754,0.6216318661252506,88,0.0159362549800796,40,75,0.0,0.0,0.0,市场情绪强，板块情绪强
2026-07-27,002271.SZ,东方雨虹,main,11.06,0.025899599592456017,0.0,-0.028972783143108,0.0297951582867783,0.6066499648597333,88,0.0159362549800796,40,75,0.0,0.0,0.0,市场情绪强，板块情绪强
2026-07-27,600521.SH,华海药业,main,16.01,0.02588406922295302,0.0,-0.0372820204449787,-0.0086687306501546,0.7659180976688867,88,0.0159362549800796,40,75,0.0,0.0,0.0,市场情绪强，板块情绪强
2026-07-27,002896.SZ,中大力德,main,59.39,0.025881326918411596,0.0,-0.0715960606534312,-0.1172711058263971,0.7686551907531348,88,0.0159362549800796,40,75,0.0,0.0,0.0,市场情绪强，板块情绪强
2026-07-27,688548.SH,广钢气体,star,38.45,0.025874165573320066,0.0,0.0336021505376344,0.0182733050847458,1.020682104865229,88,0.0159362549800796,40,3,0.0,0.0,0.0,市场情绪强
2026-07-27,603341.SH,龙旗科技,main,36.67,0.02586467592644588,0.0,-0.0551404277248132,-0.0763224181360201,0.6757590796884854,88,0.0159362549800796,40,75,0.0,0.0,0.0,市场情绪强，板块情绪强
2026-07-27,000901.SZ,航天科技,main,13.47,0.02585882009448165,0.0,-0.0022222222222221,0.006726457399103,0.6935665228881747,88,0.0159362549800796,40,75,0.0,0.0,0.0,市场情绪强，板块情绪强
2026-07-27,600391.SH,航发科技,main,26.21,0.02585344105455897,0.0,-0.0090737240075613,-0.0263744427934621,0.7503082693949581,88,0.0159362549800796,40,75,0.0,0.0,0.0,市场情绪强，板块情绪强
2026-07-27,601020.SH,华钰矿业,main,17.77,0.025834553745596366,0.0,-0.0133259300388673,-0.0111296605453533,0.8172565023536711,88,0.0159362549800796,40,75,0.0,0.0,0.0,市场情绪强，板块情绪强
2026-07-27,600807.SH,济高发展,main,2.32,0.02582986915087985,0.0,0.0086956521739129,-0.0333333333333333,0.6755299374177991,88,0.0159362549800796,40,75,0.0,0.0,0.0,市场情绪强，板块情绪强
2026-07-27,000020.SZ,深华发Ａ,main,9.74,0.02582967130603715,0.0,-0.0030706243602864,-0.025025025025025,0.5952881110691123,88,0.0159362549800796,40,75,0.0,0.0,0.0,市场情绪强，板块情绪强
2026-07-27,601369.SH,陕鼓动力,main,8.87,0.025784272864322392,0.0,-0.0750782064650678,-0.0663157894736843,0.58064346622516,88,0.0159362549800796,40,75,0.0,0.0,0.0,市场情绪强，板块情绪强
2026-07-27,300005.SZ,探路者,chinext,9.31,0.025782662417690536,0.0,-0.1567028985507245,-0.3739071956960322,0.5758758044683628,88,0.0159362549800796,40,10,0.0,0.0,0.0,市场情绪强，板块情绪强
2026-07-27,603355.SH,莱克电气,main,25.07,0.025781754230088688,0.0,-0.012214342001576,0.0445833333333334,0.702844323465632,88,0.0159362549800796,40,75,0.0,0.0,0.0,市场情绪强，板块情绪强
2026-07-27,300786.SZ,国林科技,chinext,14.46,0.02577761564449911,0.0,0.0219081272084806,-0.0196610169491524,0.9807480555673734,88,0.0159362549800796,40,10,0.0,0.0,0.0,市场情绪强，板块情绪强
2026-07-27,603489.SH,八方股份,main,24.04,0.025766002443708167,0.0,-0.0123253903040263,-0.0565149136577708,0.6210550357953716,88,0.0159362549800796,40,75,0.0,0.0,0.0,市场情绪强，板块情绪强
2026-07-27,301217.SZ,铜冠铜箔,chinext,90.11,0.02575731187799809,0.0,-0.1620792263343872,-0.3017435102673382,0.6338799265769048,88,0.0159362549800796,40,10,0.0,0.0,0.0,市场情绪强，板块情绪强
2026-07-27,000620.SZ,盈新发展,main,2.69,0.025744324487750235,0.0,-0.0494699646643109,-0.0253623188405796,0.6628338019017587,88,0.0159362549800796,40,75,0.0,0.0,0.0,市场情绪强，板块情绪强
2026-07-27,603284.SH,林平发展,main,38.62,0.025739055031008623,0.0,-0.0245011366506695,0.0549030319584813,0.8271154880354898,88,0.0159362549800796,40,75,0.0,0.0,0.0,市场情绪强，板块情绪强
2026-07-27,002986.SZ,宇新股份,main,11.53,0.025738915958846774,0.0,0.0481818181818181,0.0069868995633188,0.535073801594283,88,0.0159362549800796,40,75,0.0,0.0,0.0,市场情绪强，板块情绪强
2026-07-27,002651.SZ,利君股份,main,7.28,0.02573302062465552,0.0,0.0210378681626928,0.0224719101123596,1.1964570757769353,88,0.0159362549800796,40,75,0.0,0.0,0.0,市场情绪强，板块情绪强
2026-07-27,603916.SH,苏博特,main,9.16,0.025731686430586227,0.0,-0.0203208556149732,-0.0595482546201232,0.672384068791763,88,0.0159362549800796,40,75,0.0,0.0,0.0,市场情绪强，板块情绪强
2026-07-27,605128.SH,上海沿浦,main,19.88,0.025731548948542172,0.0,-0.053783912422656,-0.0710280373831775,1.0369897233079544,88,0.0159362549800796,40,75,0.0,0.0,0.0,市场情绪强，板块情绪强
2026-07-27,000863.SZ,三湘印象,main,3.5,0.025726380425977996,0.0,-0.0331491712707182,-0.1071428571428571,0.6365141393665479,88,0.0159362549800796,40,75,0.0,0.0,0.0,市场情绪强，板块情绪强
2026-07-27,002623.SZ,亚玛顿,main,13.82,0.025694807020838803,0.0,0.0313432835820894,-0.007183908045977,0.6098810333360146,88,0.0159362549800796,40,75,0.0,0.0,0.0,市场情绪强，板块情绪强
2026-07-27,688352.SH,颀中科技,star,14.28,0.025673090199504048,0.0,0.0063424947145878,0.0113314447592067,0.6496210506739987,88,0.0159362549800796,40,3,0.0,0.0,0.0,市场情绪强
2026-07-27,300801.SZ,泰和科技,chinext,22.75,0.02566895173290619,0.0,0.0932244113407017,0.0751417769376181,2.003243800180724,88,0.0159362549800796,40,10,0.0,0.0,0.0,成交量放大，短线动量强，市场情绪强，板块情绪强
2026-07-27,605286.SH,同力天启,main,21.13,0.025667681849372518,0.0,-0.0033018867924528,-0.049910071942446,0.6006226784151953,88,0.0159362549800796,40,75,0.0,0.0,0.0,市场情绪强，板块情绪强
2026-07-27,600459.SH,贵研铂业,main,17.64,0.025656841594073058,0.0,-0.0280991735537189,-0.0050761421319797,0.7176376458824737,88,0.0159362549800796,40,75,0.0,0.0,0.0,市场情绪强，板块情绪强
2026-07-27,600171.SH,上海贝岭,main,22.4,0.025633329689658983,0.0,-0.044776119402985,-0.0373871938117749,0.7165047106570025,88,0.0159362549800796,40,75,0.0,0.0,0.0,市场情绪强，板块情绪强
2026-07-27,301629.SZ,矽电股份,chinext,249.39,0.025622727506821198,0.0,-0.0537279453614115,-0.0798096081470002,0.7699400138424529,88,0.0159362549800796,40,10,0.0,0.0,0.0,市场情绪强，板块情绪强
2026-07-27,003035.SZ,南网能源,main,5.42,0.025613564286259244,0.0,-0.0127504553734062,0.0544747081712062,0.9087840921248522,88,0.0159362549800796,40,75,0.0,0.0,0.0,市场情绪强，板块情绪强
2026-07-27,688531.SH,日联科技,star,123.42,0.02557825939807289,0.0,-0.0578625954198472,-0.0672611850060459,0.5711325859743592,88,0.0159362549800796,40,3,0.0,0.0,0.0,市场情绪强
2026-07-27,600995.SH,南网储能,main,12.72,0.025574947815556016,0.0,0.0216867469879518,0.0752324598478444,1.2736214404738369,88,0.0159362549800796,40,75,0.0,0.0,0.0,市场情绪强，板块情绪强
2026-07-27,002642.SZ,荣联科技,main,6.41,0.025568627854591266,0.0,-0.1243169398907103,-0.1278911564625849,0.9043910672119618,88,0.0159362549800796,40,75,0.0,0.0,0.0,市场情绪强，板块情绪强
2026-07-27,601015.SH,陕西黑猫,main,3.1,0.025562022102870653,0.0,0.0197368421052632,0.0367892976588628,0.7999305906567808,88,0.0159362549800796,40,75,0.0,0.0,0.0,市场情绪强，板块情绪强
2026-07-27,603633.SH,徕木股份,main,5.45,0.025561539119037625,0.0,-0.009090909090909,-0.0521739130434781,0.7394779488193097,88,0.0159362549800796,40,75,0.0,0.0,0.0,市场情绪强，板块情绪强
2026-07-27,002845.SZ,同兴达,main,11.84,0.025541476813062347,0.0,-0.0550678371907421,-0.0828814872192099,0.5920814322799419,88,0.0159362549800796,40,75,0.0,0.0,0.0,市场情绪强，板块情绪强
2026-07-27,000159.SZ,国际实业,main,5.03,0.02553474551953444,0.0,-0.0137254901960782,-0.0545112781954887,0.8031015224770659,88,0.0159362549800796,40,75,0.0,0.0,0.0,市场情绪强，板块情绪强
2026-07-27,600346.SH,恒力石化,main,15.95,0.025530258193868192,0.0,0.0198209718670074,0.0590969455511287,0.8279406651822551,88,0.0159362549800796,40,75,0.0,0.0,0.0,市场情绪强，板块情绪强
2026-07-27,603607.SH,京华激光,main,18.75,0.025522290512309403,0.0,-0.0325077399380804,-0.1075678248453118,0.6246679577042381,88,0.0159362549800796,40,75,0.0,0.0,0.0,市场情绪强，板块情绪强
2026-07-27,002679.SZ,福建金森,main,7.83,0.025520413839463407,0.0,0.0182054616384914,-0.0333333333333333,0.7312976373096147,88,0.0159362549800796,40,75,0.0,0.0,0.0,市场情绪强，板块情绪强
2026-07-27,002858.SZ,力盛体育,main,10.12,0.02548375593738326,0.0,-0.0088148873653283,-0.0371075166508088,1.0968349785660778,88,0.0159362549800796,40,75,0.0,0.0,0.0,市场情绪强，板块情绪强
2026-07-27,600463.SH,空港股份,main,7.13,0.0254800578841277,0.0,-0.0232876712328766,-0.088235294117647,0.921147789675807,88,0.0159362549800796,40,75,0.0,0.0,0.0,市场情绪强，板块情绪强
2026-07-27,000739.SZ,普洛药业,main,19.68,0.02547295236789551,0.0,-0.022354694485842,0.0015267175572519,0.6774075331280051,88,0.0159362549800796,40,75,0.0,0.0,0.0,市场情绪强，板块情绪强
2026-07-27,603806.SH,福斯特,main,13.75,0.025466688638489627,0.0,-0.0344101123595506,-0.0057845263919016,0.7125942017759174,88,0.0159362549800796,40,75,0.0,0.0,0.0,市场情绪强，板块情绪强
2026-07-27,688035.SH,德邦科技,star,59.95,0.025457325793935885,0.0,-0.0675066106703997,-0.0350877192982456,0.5636679912958977,88,0.0159362549800796,40,3,0.0,0.0,0.0,市场情绪强
2026-07-27,301486.SZ,致尚科技,chinext,140.5,0.025448095277732494,0.0,-0.1084459673837172,-0.1331441263573545,0.6207640110768036,88,0.0159362549800796,40,10,0.0,0.0,0.0,市场情绪强，板块情绪强
2026-07-27,605056.SH,咸亨国际,main,12.53,0.02543475561156472,0.0,-0.0398467432950192,-0.0663189269746646,0.7316495678208337,88,0.0159362549800796,40,75,0.0,0.0,0.0,市场情绪强，板块情绪强
2026-07-27,000546.SZ,金圆股份,main,4.02,0.025434734300953162,0.0,0.0,-0.0405727923627686,0.7328881474236439,88,0.0159362549800796,40,75,0.0,0.0,0.0,市场情绪强，板块情绪强
2026-07-27,002935.SZ,天奥电子,main,14.45,0.02543203367494401,0.0,-0.0334448160535116,-0.0802036919159772,0.6032780153575646,88,0.0159362549800796,40,75,0.0,0.0,0.0,市场情绪强，板块情绪强
2026-07-27,000788.SZ,北大医药,main,4.97,0.025420327859299163,0.0,-0.0349514563106797,-0.0569259962049335,1.1378315349626025,88,0.0159362549800796,40,75,0.0,0.0,0.0,市场情绪强，板块情绪强
2026-07-27,603030.SH,全筑股份,main,1.75,0.025419468740076515,0.0,-0.0112994350282485,-0.054054054054054,0.842098397110274,88,0.0159362549800796,40,75,0.0,0.0,0.0,市场情绪强，板块情绪强
2026-07-27,002521.SZ,齐峰新材,main,6.89,0.025410783262278074,0.0,0.0649149922720246,0.0698757763975155,0.9535900822814156,88,0.0159362549800796,40,75,0.0,0.0,0.0,短线动量强，市场情绪强，板块情绪强
2026-07-27,000042.SZ,中洲控股,main,7.74,0.02540539180082519,0.0,-0.028858218318695,-0.0127551020408163,0.4406669064686983,88,0.0159362549800796,40,75,1.0,1.0,0.0,市场情绪强，板块情绪强，近5日触板记忆
2026-07-27,001298.SZ,好上好,main,15.89,0.02539835077654428,0.0,-0.0381355932203388,-0.0293219303604154,0.6953653319662885,88,0.0159362549800796,40,75,0.0,0.0,0.0,市场情绪强，板块情绪强
2026-07-27,603728.SH,鸣志电器,main,46.46,0.025391307578434566,0.0,-0.0707999999999999,-0.0621719822365764,0.7585245064481339,88,0.0159362549800796,40,75,0.0,0.0,0.0,市场情绪强，板块情绪强
2026-07-27,688598.SH,金博股份,star,26.67,0.0253825394033787,0.0,-0.0668299510146954,-0.1468330134357005,0.5957444963895031,88,0.0159362549800796,40,3,0.0,0.0,0.0,市场情绪强
2026-07-27,603826.SH,坤彩科技,main,14.75,0.0253786239327681,0.0,-0.0186294078509646,-0.02832674571805,0.6380586285760149,88,0.0159362549800796,40,75,0.0,0.0,0.0,市场情绪强，板块情绪强
2026-07-27,000692.SZ,惠天热电,main,3.62,0.02537108489776173,0.0,0.0,-0.018970189701897,0.6970481071993647,88,0.0159362549800796,40,75,0.0,0.0,0.0,市场情绪强，板块情绪强
2026-07-27,002114.SZ,罗平锌电,main,6.1,0.025367650919303018,0.0,-0.0032679738562092,-0.0032679738562092,0.6799332193586379,88,0.0159362549800796,40,75,0.0,0.0,0.0,市场情绪强，板块情绪强
2026-07-27,600011.SH,华能国际,main,7.09,0.025364109708469255,0.0,-0.0193637621023513,0.0245664739884392,0.7696402188900204,88,0.0159362549800796,40,75,0.0,0.0,0.0,市场情绪强，板块情绪强
2026-07-27,002769.SZ,普路通,main,6.11,0.025356731578984704,0.0,-0.0048859934853419,-0.0408163265306121,0.6815624230075178,88,0.0159362549800796,40,75,0.0,0.0,0.0,市场情绪强，板块情绪强
2026-07-27,000737.SZ,北方铜业,main,12.73,0.02535485166342418,0.0,-0.0215219062259799,0.0434426229508198,0.9178576707924256,88,0.0159362549800796,40,75,0.0,0.0,0.0,市场情绪强，板块情绪强
2026-07-27,600903.SH,贵州燃气,main,5.92,0.02535353242738,0.0,0.0277777777777779,0.008517887563884,0.8781767739721534,88,0.0159362549800796,40,75,0.0,0.0,0.0,市场情绪强，板块情绪强
2026-07-27,688787.SH,海天瑞声,star,91.25,0.02532632702047464,0.0,-0.1018700787401574,-0.091044924793306,1.2392336691073722,88,0.0159362549800796,40,3,0.0,0.0,0.0,市场情绪强
2026-07-27,600702.SH,舍得酒业,main,32.59,0.025324796241325522,0.0,-0.0139183055975792,-0.0039731051344742,0.8901363121697166,88,0.0159362549800796,40,75,0.0,0.0,0.0,市场情绪强，板块情绪强
2026-07-27,600199.SH,金种子酒,main,6.69,0.02532330395170748,0.0,-0.0346320346320345,-0.0456490727532096,0.6833001305486686,88,0.0159362549800796,40,75,0.0,0.0,0.0,市场情绪强，板块情绪强
2026-07-27,600875.SH,东方电气,main,25.58,0.025309080376967805,0.0,-0.0229182582123759,0.0285484519501406,0.9173631488161552,88,0.0159362549800796,40,75,0.0,0.0,0.0,市场情绪强，板块情绪强
2026-07-27,300323.SZ,华灿光电,chinext,11.13,0.02528556025077341,0.0,-0.0801652892561982,-0.0429922613929493,0.6678581157836316,88,0.0159362549800796,40,10,0.0,0.0,0.0,市场情绪强，板块情绪强
2026-07-27,600448.SH,华纺股份,main,2.4,0.02528447857342196,0.0,0.0,-0.0588235294117647,0.6021527374470655,88,0.0159362549800796,40,75,0.0,0.0,0.0,市场情绪强，板块情绪强
2026-07-27,002988.SZ,豪美新材,main,18.94,0.025267524784244724,0.0,-0.005774278215223,-0.0544183724413379,0.779482940581505,88,0.0159362549800796,40,75,0.0,0.0,0.0,市场情绪强，板块情绪强
2026-07-27,002873.SZ,新天药业,main,7.16,0.025256442560250548,0.0,-0.0363391655450874,-0.0925221799746514,0.799873849199795,88,0.0159362549800796,40,75,0.0,0.0,0.0,市场情绪强，板块情绪强
2026-07-27,000697.SZ,炼石航空,main,8.02,0.02524694011016023,0.0,0.0255754475703324,0.0050125313283206,0.886979851931037,88,0.0159362549800796,40,75,0.0,0.0,0.0,市场情绪强，板块情绪强
2026-07-27,002486.SZ,嘉麟杰,main,2.12,0.025223352282345655,0.0,0.0095238095238094,-0.0493273542600896,0.6001403969017266,88,0.0159362549800796,40,75,0.0,0.0,0.0,市场情绪强，板块情绪强
2026-07-27,301051.SZ,信濠光电,chinext,13.01,0.025223283139796153,0.0,-0.0857343640196768,-0.0254681647940074,0.4267723379023002,88,0.0159362549800796,40,10,0.0,0.0,0.0,市场情绪强，板块情绪强
2026-07-27,600692.SH,亚通股份,main,5.32,0.025208480408893837,0.0,0.0094876660341556,-0.03971119133574,0.6218141129290953,88,0.0159362549800796,40,75,0.0,0.0,0.0,市场情绪强，板块情绪强
2026-07-27,603132.SH,金徽股份,main,14.62,0.02520352171363313,0.0,0.0027434842249656,0.0166898470097356,0.9199774668708014,88,0.0159362549800796,40,75,0.0,0.0,0.0,市场情绪强，板块情绪强
2026-07-27,001296.SZ,长江材料,main,15.81,0.025189909638446636,0.0,-0.0161792159303049,-0.0797438882421419,0.5467845684365631,88,0.0159362549800796,40,75,0.0,0.0,0.0,市场情绪强，板块情绪强
2026-07-27,600067.SH,冠城新材,main,2.51,0.025152520381214544,0.0,-0.0118110236220473,-0.066914498141264,0.6452388513292276,88,0.0159362549800796,40,75,0.0,0.0,0.0,市场情绪强，板块情绪强
2026-07-27,603713.SH,密尔克卫,main,62.64,0.02514993354224684,0.0,-0.0516275548826645,-0.0121431950796403,0.536920189760825,88,0.0159362549800796,40,75,0.0,0.0,0.0,市场情绪强，板块情绪强
2026-07-27,688182.SH,灿勤科技,star,23.96,0.025146297697873677,0.0,-0.0741885625965996,-0.0574350904799371,0.665058012174096,88,0.0159362549800796,40,3,0.0,0.0,0.0,市场情绪强
2026-07-27,603200.SH,上海洗霸,main,32.2,0.0251449714671522,0.0,-0.026307831871787,-0.0439429928741091,0.7441251755958405,88,0.0159362549800796,40,75,0.0,0.0,0.0,市场情绪强，板块情绪强
2026-07-27,000582.SZ,北部湾港,main,11.72,0.02512310672891761,0.0,0.0511210762331839,0.0831792975970424,0.9442469454738251,88,0.0159362549800796,40,75,0.0,0.0,0.0,短线动量强，市场情绪强，板块情绪强
2026-07-27,600222.SH,太龙药业,main,6.9,0.025103973599562405,0.0,-0.0226628895184134,-0.0738255033557047,0.5488640555226046,88,0.0159362549800796,40,75,0.0,0.0,0.0,市场情绪强，板块情绪强
2026-07-27,600363.SH,联创光电,main,24.93,0.025091501134869968,0.0,-0.0448275862068966,-0.0560393790230973,0.8127076821890286,88,0.0159362549800796,40,75,0.0,0.0,0.0,市场情绪强，板块情绪强
2026-07-27,603367.SH,辰欣药业,main,13.84,0.025075521112774064,0.0,-0.0149466192170819,-0.0246652572233967,0.9145591542209672,88,0.0159362549800796,40,75,0.0,0.0,0.0,市场情绪强，板块情绪强
2026-07-27,002050.SZ,三花智控,main,35.05,0.02506227048294295,0.0,-0.0800524934383203,-0.1182389937106919,0.8486859814742923,88,0.0159362549800796,40,75,0.0,0.0,0.0,市场情绪强，板块情绪强
2026-07-27,688450.SH,光格科技,star,27.77,0.025055249906479622,0.0,-0.0681208053691275,-0.1471130221130222,0.5415389752818179,88,0.0159362549800796,40,3,0.0,0.0,0.0,市场情绪强
2026-07-27,002318.SZ,久立特材,main,18.9,0.025055167248277253,0.0,0.0199676200755529,0.0401761144744081,0.9552428880329064,88,0.0159362549800796,40,75,0.0,0.0,0.0,市场情绪强，板块情绪强
2026-07-27,002270.SZ,华明装备,main,18.05,0.02505298823575195,0.0,0.0066926938092581,0.0475914103308183,0.9847408755369346,88,0.0159362549800796,40,75,0.0,0.0,0.0,市场情绪强，板块情绪强
2026-07-27,000852.SZ,石化机械,main,5.06,0.02504779037619867,0.0,0.0140280561122243,0.0059642147117295,0.8766747652541502,88,0.0159362549800796,40,75,0.0,0.0,0.0,市场情绪强，板块情绪强
2026-07-27,603737.SH,三棵树,main,21.7,0.025041753975208154,0.0,-0.0269058295964126,-0.0172101449275361,0.8187798419779483,88,0.0159362549800796,40,75,0.0,0.0,0.0,市场情绪强，板块情绪强
2026-07-27,605599.SH,菜百股份,main,14.71,0.025031194908862117,0.0,0.0229485396383866,0.0432624113475177,0.8851136243855314,88,0.0159362549800796,40,75,0.0,0.0,0.0,市场情绪强，板块情绪强
2026-07-27,002681.SZ,奋达科技,main,4.08,0.025023149554835616,0.0,-0.1225806451612904,-0.1244635193133046,1.1336372988777548,88,0.0159362549800796,40,75,0.0,0.0,0.0,市场情绪强，板块情绪强
2026-07-27,603955.SH,大千生态,main,16.93,0.02501271320631548,0.0,-0.0225173210161663,-0.0615299334811529,0.4943751332906803,88,0.0159362549800796,40,75,0.0,0.0,0.0,市场情绪强，板块情绪强
2026-07-27,600768.SH,宁波富邦,main,12.66,0.02500769571859516,0.0,-0.0007892659826361,-0.0608308605341246,0.5290431633907355,88,0.0159362549800796,40,75,0.0,0.0,0.0,市场情绪强，板块情绪强
2026-07-27,605001.SH,威奥股份,main,4.85,0.02500390386641431,0.0,-0.0142276422764228,-0.0726577437858509,0.6937368463713584,88,0.0159362549800796,40,75,0.0,0.0,0.0,市场情绪强，板块情绪强
2026-07-27,002611.SZ,东方精工,main,14.12,0.02497841797897619,0.0,-0.0187630298818625,-0.0021201413427562,0.6118956026152607,88,0.0159362549800796,40,75,0.0,0.0,0.0,市场情绪强，板块情绪强
2026-07-27,003022.SZ,联泓新科,main,18.33,0.024965077316732497,0.0,-0.0166309012875537,-0.0010899182561309,0.7072471024351751,88,0.0159362549800796,40,75,0.0,0.0,0.0,市场情绪强，板块情绪强
2026-07-27,600256.SH,广汇能源,main,5.42,0.02494710689740682,0.0,-0.0091407678244972,0.0284629981024668,1.038550894376056,88,0.0159362549800796,40,75,0.0,0.0,0.0,市场情绪强，板块情绪强
2026-07-27,002343.SZ,慈文传媒,main,4.33,0.02491717450476775,0.0,-0.0356347438752784,-0.0728051391862955,0.6329481458028873,88,0.0159362549800796,40,75,0.0,0.0,0.0,市场情绪强，板块情绪强
2026-07-27,002420.SZ,毅昌科技,main,4.91,0.02490609112051436,0.0,-0.0020325203252031,-0.0447470817120622,0.6747656185882921,88,0.0159362549800796,40,75,0.0,0.0,0.0,市场情绪强，板块情绪强
2026-07-27,002456.SZ,欧菲光,main,6.67,0.024904956407673137,0.0,-0.0671328671328671,-0.1200527704485487,0.6035699229250361,88,0.0159362549800796,40,75,0.0,0.0,0.0,市场情绪强，板块情绪强
2026-07-27,002452.SZ,长高电气,main,10.68,0.024902088361585698,0.0,0.0171428571428571,0.006597549481621,0.8074638737573804,88,0.0159362549800796,40,75,0.0,0.0,0.0,市场情绪强，板块情绪强
2026-07-27,301669.SZ,高特电子,chinext,28.16,0.024885614948497135,0.0,0.0169736366919464,-0.0252682589131187,0.944682017935154,88,0.0159362549800796,40,10,0.0,0.0,0.0,市场情绪强，板块情绪强
2026-07-27,001239.SZ,永达股份,main,10.87,0.024850379540782962,0.0,-0.0448154657293499,-0.0819256756756757,1.7060609496771086,88,0.0159362549800796,40,75,0.0,0.0,0.0,成交量放大，市场情绪强，板块情绪强
2026-07-27,601609.SH,金田股份,main,9.48,0.024847329566466618,0.0,-0.016597510373444,-0.010438413361169,0.7434668036615621,88,0.0159362549800796,40,75,0.0,0.0,0.0,市场情绪强，板块情绪强
2026-07-27,688343.SH,云天励飞,star,66.66,0.024833928611667448,0.0,-0.0611267605633802,-0.0443010752688172,0.6058463695260065,88,0.0159362549800796,40,3,0.0,0.0,0.0,市场情绪强
2026-07-27,603696.SH,安记食品,main,10.35,0.02483361962048385,0.0,-0.0048076923076924,-0.0547945205479452,0.6044780419315676,88,0.0159362549800796,40,75,0.0,0.0,0.0,市场情绪强，板块情绪强
2026-07-27,603073.SH,彩蝶实业,main,13.94,0.024830865159795552,0.0,-0.0057061340941512,-0.0644295302013423,0.8274685570361835,88,0.0159362549800796,40,75,0.0,0.0,0.0,市场情绪强，板块情绪强
2026-07-27,601969.SH,海南矿业,main,8.46,0.024817166720703426,0.0,-0.0035335689045935,0.0279465370595384,0.8868652538710639,88,0.0159362549800796,40,75,0.0,0.0,0.0,市场情绪强，板块情绪强
2026-07-27,300736.SZ,百邦科技,chinext,27.18,0.024810886305133666,0.0,0.0506378044066486,0.0828685258964143,0.6913339651353225,88,0.0159362549800796,40,10,0.0,0.0,0.0,短线动量强，市场情绪强，板块情绪强
2026-07-27,001234.SZ,泰慕士,main,18.18,0.024805160270413202,0.0,-0.001098901098901,-0.0555844155844156,0.9220071742156548,88,0.0159362549800796,40,75,0.0,0.0,0.0,市场情绪强，板块情绪强
2026-07-27,000829.SZ,天音控股,main,8.23,0.024793046064866694,0.0,-0.052934407364787,-0.0507497116493655,0.5663575438220027,88,0.0159362549800796,40,75,0.0,0.0,0.0,市场情绪强，板块情绪强
2026-07-27,000633.SZ,合金投资,main,4.69,0.024764356262237573,0.0,0.0151515151515151,-0.0467479674796746,0.6271109793672694,88,0.0159362549800796,40,75,0.0,0.0,0.0,市场情绪强，板块情绪强
2026-07-27,002577.SZ,雷柏科技,main,16.07,0.024762144077875307,0.0,-0.0183262064752596,-0.101732811626607,0.3941342989008592,88,0.0159362549800796,40,75,0.0,0.0,0.0,市场情绪强，板块情绪强
2026-07-27,601595.SH,上海电影,main,15.87,0.02476171447667248,0.0,-0.070298769771529,-0.0847750865051903,0.8090610436750145,88,0.0159362549800796,40,75,0.0,0.0,0.0,市场情绪强，板块情绪强
2026-07-27,603225.SH,新凤鸣,main,17.7,0.024761502676887367,0.0,-0.0317286652078775,-0.0106204583566238,0.5773059917313452,88,0.0159362549800796,40,75,0.0,0.0,0.0,市场情绪强，板块情绪强
2026-07-27,603079.SH,圣达生物,main,10.04,0.024754842008475785,0.0,-0.0327552986512525,-0.1003584229390681,0.8831364304999615,88,0.0159362549800796,40,75,0.0,0.0,0.0,市场情绪强，板块情绪强
2026-07-27,002001.SZ,新 和 成,main,29.75,0.024718840566981176,0.0,-0.0050167224080267,0.0188356164383562,0.871872628462034,88,0.0159362549800796,40,75,0.0,0.0,0.0,市场情绪强，板块情绪强
2026-07-27,601218.SH,吉鑫科技,main,4.06,0.02471527032196311,0.0,0.0149999999999999,0.0175438596491226,0.994496829796556,88,0.0159362549800796,40,75,0.0,0.0,0.0,市场情绪强，板块情绪强
2026-07-27,688183.SH,生益电子,star,96.78,0.024708069314817397,0.0,-0.1220175995645468,-0.1472376420830028,0.6203594931458164,88,0.0159362549800796,40,3,0.0,0.0,0.0,市场情绪强
2026-07-27,601857.SH,中国石油,main,11.03,0.024702133731482213,0.0,0.0337394564198687,0.0719144800777453,0.9795891790859652,88,0.0159362549800796,40,75,0.0,0.0,0.0,市场情绪强，板块情绪强
2026-07-27,002277.SZ,友阿股份,main,5.25,0.02469602867604057,0.0,-0.0331491712707181,-0.0789473684210526,0.7082440717804519,88,0.0159362549800796,40,75,0.0,0.0,0.0,市场情绪强，板块情绪强
2026-07-27,603977.SH,国泰集团,main,10.75,0.024695667274047494,0.0,-0.0306582506762849,-0.0401785714285714,0.5754682392633297,88,0.0159362549800796,40,75,0.0,0.0,0.0,市场情绪强，板块情绪强
2026-07-27,600482.SH,中国动力,main,29.57,0.024684742118729137,0.0,0.0253120665742025,0.0560714285714285,0.5927483633392658,88,0.0159362549800796,40,75,0.0,0.0,0.0,市场情绪强，板块情绪强
2026-07-27,605089.SH,味知香,main,17.23,0.02466810489372374,0.0,-0.0254524886877827,-0.1302372539121654,0.7075528116802577,88,0.0159362549800796,40,75,0.0,0.0,0.0,市场情绪强，板块情绪强
2026-07-27,603022.SH,新通联,main,7.33,0.024665280256908534,0.0,-0.0134589502018842,-0.0662420382165605,0.6621917837340121,88,0.0159362549800796,40,75,0.0,0.0,0.0,市场情绪强，板块情绪强
2026-07-27,002045.SZ,国光电器,main,7.26,0.02465709841769916,0.0,-0.0716112531969309,-0.1048088779284833,0.5882692031255973,88,0.0159362549800796,40,75,0.0,0.0,0.0,市场情绪强，板块情绪强
2026-07-27,605122.SH,四方新材,main,9.59,0.024644652720034636,0.0,-0.003118503118503,-0.0952830188679245,0.6939040002349688,88,0.0159362549800796,40,75,0.0,0.0,0.0,市场情绪强，板块情绪强
2026-07-27,300346.SZ,南大光电,chinext,53.6,0.02464435445525885,0.0,-0.0550070521861776,-0.0660393796828715,0.7250544386862726,88,0.0159362549800796,40,10,0.0,0.0,0.0,市场情绪强，板块情绪强
2026-07-27,603630.SH,拉芳家化,main,13.12,0.024644169625930242,0.0,-0.0628571428571429,-0.0869867780097425,0.8901138284093509,88,0.0159362549800796,40,75,0.0,0.0,0.0,市场情绪强，板块情绪强
2026-07-27,600996.SH,贵广网络,main,6.27,0.024634634807329334,0.0,0.0096618357487923,0.0096618357487923,0.6913104426843028,88,0.0159362549800796,40,75,0.0,0.0,0.0,市场情绪强，板块情绪强
2026-07-27,600593.SH,大连圣亚,main,35.71,0.024632219975970832,0.0,-0.0159823642876825,-0.0760672703751617,0.914633797866902,88,0.0159362549800796,40,75,0.0,0.0,0.0,市场情绪强，板块情绪强
2026-07-27,000068.SZ,华控赛格,main,2.62,0.024627706702154813,0.0,0.0274509803921569,-0.0223880597014926,0.6032758479042498,88,0.0159362549800796,40,75,0.0,0.0,0.0,市场情绪强，板块情绪强
2026-07-27,600455.SH,博通股份,main,20.11,0.024613121038918204,0.0,-0.0204578665367755,-0.0607192900513778,0.6476079346557759,88,0.0159362549800796,40,75,0.0,0.0,0.0,市场情绪强，板块情绪强
2026-07-27,000635.SZ,英 力 特,main,5.87,0.024606017686006454,0.0,0.0120689655172414,-0.0134453781512605,0.6814182217024588,88,0.0159362549800796,40,75,0.0,0.0,0.0,市场情绪强，板块情绪强
2026-07-27,002827.SZ,高争民爆,main,23.98,0.02460265409121154,0.0,0.0096842105263157,-0.0396475770925109,0.9648397008031656,88,0.0159362549800796,40,75,0.0,0.0,0.0,市场情绪强，板块情绪强
2026-07-27,601636.SH,旗滨集团,main,5.62,0.024589753615738032,0.0,-0.0360205831903944,-0.0906148867313915,0.5100177776345073,88,0.0159362549800796,40,75,0.0,0.0,0.0,市场情绪强，板块情绪强
2026-07-27,688433.SH,华曙高科,star,75.03,0.024587386483265347,0.0,-0.0760990025858883,-0.1068920366623021,0.6506220503902367,88,0.0159362549800796,40,3,0.0,0.0,0.0,市场情绪强
2026-07-27,600103.SH,青山纸业,main,2.6,0.02458624841351952,0.0,-0.0038314176245209,-0.0114068441064637,0.7584923226492276,88,0.0159362549800796,40,75,0.0,0.0,0.0,市场情绪强，板块情绪强
2026-07-27,300811.SZ,铂科新材,chinext,63.19,0.02456485715953374,0.0,-0.0352671755725191,-0.0340874350351575,0.6505256301378897,88,0.0159362549800796,40,10,0.0,0.0,0.0,市场情绪强，板块情绪强
2026-07-27,603004.SH,鼎龙科技,main,17.01,0.024563916554464587,0.0,-0.0438448566610454,-0.1108207004704651,0.5301088575161201,88,0.0159362549800796,40,75,0.0,0.0,0.0,市场情绪强，板块情绪强
2026-07-27,603709.SH,中源家居,main,9.54,0.024556660092245313,0.0,-0.2343499197431783,-0.2848575712143928,0.9894913981708298,88,0.0159362549800796,40,75,0.0,0.0,0.0,市场情绪强，板块情绪强
2026-07-27,300776.SZ,帝尔激光,chinext,110.56,0.02455348188322448,0.0,-0.0959934587080948,-0.0796636976608673,0.7273227169765838,88,0.0159362549800796,40,10,0.0,0.0,0.0,市场情绪强，板块情绪强
2026-07-27,002755.SZ,奥赛康,main,12.56,0.024522122007787736,0.0,-0.0612855007473841,-0.0412213740458015,0.6466217454927045,88,0.0159362549800796,40,75,0.0,0.0,0.0,市场情绪强，板块情绪强
2026-07-27,601515.SH,衢州东峰,main,3.15,0.024497603422339045,0.0,0.0327868852459016,-0.0063091482649841,0.7094440816860779,88,0.0159362549800796,40,75,0.0,0.0,0.0,市场情绪强，板块情绪强
2026-07-27,600691.SH,潞化科技,main,2.3,0.024491582505341055,0.0,0.0132158590308368,0.0087719298245614,0.9346125692960684,88,0.0159362549800796,40,75,0.0,0.0,0.0,市场情绪强，板块情绪强
2026-07-27,600202.SH,哈空调,main,4.25,0.024480141207399005,0.0,-0.0046838407494144,-0.0534521158129176,0.6811498037684015,88,0.0159362549800796,40,75,0.0,0.0,0.0,市场情绪强，板块情绪强
2026-07-27,002347.SZ,泰尔股份,main,5.11,0.024479779540505994,0.0,-0.0096899224806201,-0.0358490566037734,0.6354307834241926,88,0.0159362549800796,40,75,0.0,0.0,0.0,市场情绪强，板块情绪强
2026-07-27,001376.SZ,百通能源,main,9.77,0.0244770362846553,0.0,0.0113871635610764,0.0241090146750524,0.9148136193490544,88,0.0159362549800796,40,75,0.0,0.0,0.0,市场情绪强，板块情绪强
2026-07-27,002172.SZ,澳洋健康,main,2.98,0.024464520852930802,0.0,-0.0033444816053512,-0.035598705501618,0.7831584673998062,88,0.0159362549800796,40,75,0.0,0.0,0.0,市场情绪强，板块情绪强
2026-07-27,603160.SH,汇顶科技,main,49.2,0.024459967149076667,0.0,-0.0441033611812705,-0.0520231213872831,0.6439858498550337,88,0.0159362549800796,40,75,0.0,0.0,0.0,市场情绪强，板块情绪强
2026-07-27,002639.SZ,雪人集团,main,11.21,0.024447992089759375,0.0,0.0017873100983021,0.0062836624775584,0.7333446306677275,88,0.0159362549800796,40,75,0.0,0.0,0.0,市场情绪强，板块情绪强
2026-07-27,603966.SH,法兰泰克,main,7.37,0.024446495099090963,0.0,0.0027210884353741,-0.0251322751322751,0.5759719838328895,88,0.0159362549800796,40,75,0.0,0.0,0.0,市场情绪强，板块情绪强
2026-07-27,688813.SH,泰金新能,star,111.01,0.024441390944001058,0.0,-0.1313771517996869,-0.1334113973458235,0.7120112116828986,88,0.0159362549800796,40,3,0.0,0.0,0.0,市场情绪强
2026-07-27,600737.SH,中粮糖业,main,11.84,0.024439746326467893,0.0,-0.0255144032921811,0.0440917107583773,0.781422076291949,88,0.0159362549800796,40,75,0.0,0.0,0.0,市场情绪强，板块情绪强
2026-07-27,000810.SZ,创维数字,main,9.09,0.024427638730589316,0.0,-0.0762195121951219,-0.0900900900900901,0.7644762389596987,88,0.0159362549800796,40,75,0.0,0.0,0.0,市场情绪强，板块情绪强
2026-07-27,000151.SZ,中成股份,main,9.0,0.024409363315061626,0.0,0.0,-0.0109890109890109,0.7967898203269914,88,0.0159362549800796,40,75,0.0,0.0,0.0,市场情绪强，板块情绪强
2026-07-27,002813.SZ,路畅科技,main,18.48,0.024396868576051087,0.0,0.0215588723051409,-0.0064516129032258,0.726550678605796,88,0.0159362549800796,40,75,0.0,0.0,0.0,市场情绪强，板块情绪强
2026-07-27,603317.SH,天味食品,main,13.59,0.024391495249735124,0.0,-0.0159304851556842,0.0225733634311513,0.794436691889367,88,0.0159362549800796,40,75,0.0,0.0,0.0,市场情绪强，板块情绪强
2026-07-27,600808.SH,马钢股份,main,2.47,0.024387754002844608,0.0,-0.0119999999999999,0.0164609053497941,0.8898459535250118,88,0.0159362549800796,40,75,0.0,0.0,0.0,市场情绪强，板块情绪强
2026-07-27,300825.SZ,阿尔特,chinext,9.61,0.02438772250139797,0.0,0.0642303433001107,0.0366774541531822,1.071650985109288,88,0.0159362549800796,40,10,0.0,0.0,0.0,短线动量强，市场情绪强，板块情绪强
2026-07-27,600855.SH,航天长峰,main,11.39,0.024387108072393134,0.0,0.0079646017699115,0.0151515151515151,0.752181588374742,88,0.0159362549800796,40,75,0.0,0.0,0.0,市场情绪强，板块情绪强
2026-07-27,002798.SZ,帝欧水华,main,4.76,0.024367495839683267,0.0,-0.0062630480167015,-0.0460921843687375,0.7104100392860525,88,0.0159362549800796,40,75,0.0,0.0,0.0,市场情绪强，板块情绪强
2026-07-27,600101.SH,明星电力,main,7.93,0.024355972622692068,0.0,-0.0703399765533411,-0.0648584905660377,0.6943335372671094,88,0.0159362549800796,40,75,0.0,0.0,0.0,市场情绪强，板块情绪强
2026-07-27,002472.SZ,双环传动,main,35.36,0.02435446183723026,0.0,-0.0613220069020441,-0.0645502645502644,0.7020320539850732,88,0.0159362549800796,40,75,0.0,0.0,0.0,市场情绪强，板块情绪强
2026-07-27,002465.SZ,海格通信,main,9.49,0.024347800822165058,0.0,-0.0326197757390418,-0.0286591606960081,0.8003856241852761,88,0.0159362549800796,40,75,0.0,0.0,0.0,市场情绪强，板块情绪强
2026-07-27,002031.SZ,巨轮智能,main,4.5,0.02434312423508737,0.0,-0.0585774058577406,-0.0625,0.7855631804130793,88,0.0159362549800796,40,75,0.0,0.0,0.0,市场情绪强，板块情绪强
2026-07-27,605399.SH,晨光新材,main,9.36,0.024327380499365513,0.0,-0.0209205020920503,-0.087719298245614,0.5931577701096202,88,0.0159362549800796,40,75,0.0,0.0,0.0,市场情绪强，板块情绪强
2026-07-27,688663.SH,新风光,star,68.07,0.024325283849385423,0.0,0.0313636363636362,0.0553488372093022,0.6878313619377611,88,0.0159362549800796,40,3,0.0,0.0,0.0,市场情绪强
2026-07-27,300720.SZ,海川智能,chinext,61.48,0.024315363538573727,0.0,-0.0659374050440595,-0.0666464247760741,0.6767368849358133,88,0.0159362549800796,40,10,0.0,0.0,0.0,市场情绪强，板块情绪强
2026-07-27,000993.SZ,闽东电力,main,9.84,0.024302051640060822,0.0,-0.0455868089233754,-0.0169830169830169,0.717515000318593,88,0.0159362549800796,40,75,0.0,0.0,0.0,市场情绪强，板块情绪强
2026-07-27,001282.SZ,三联锻造,main,14.19,0.024298395076560515,0.0,-0.0260809883321895,-0.0658327847267939,0.7280211313088517,88,0.0159362549800796,40,75,0.0,0.0,0.0,市场情绪强，板块情绪强
2026-07-27,301132.SZ,满坤科技,chinext,27.8,0.02429774482387729,0.0,-0.0537780803267528,-0.0959349593495935,0.7862410407815599,88,0.0159362549800796,40,10,0.0,0.0,0.0,市场情绪强，板块情绪强
2026-07-27,688691.SH,灿芯股份,star,66.83,0.02428956725438763,0.0,-0.1065508021390374,-0.1330911921131146,0.639981615422398,88,0.0159362549800796,40,3,0.0,0.0,0.0,市场情绪强
2026-07-27,688479.SH,友车科技,star,27.0,0.024285349524700857,0.0,-0.1053677932405566,-0.1086167051832287,0.5391487720341456,88,0.0159362549800796,40,3,0.0,0.0,0.0,市场情绪强
2026-07-27,603165.SH,荣晟环保,main,12.34,0.024280002976016533,0.0,-0.0088353413654618,-0.0637329286798179,0.6107479021794637,88,0.0159362549800796,40,75,0.0,0.0,0.0,市场情绪强，板块情绪强
2026-07-27,301196.SZ,唯科科技,chinext,75.1,0.024256003306472398,0.0,-0.0772822214031208,-0.1123980616948352,0.727431384325132,88,0.0159362549800796,40,10,0.0,0.0,0.0,市场情绪强，板块情绪强
2026-07-27,002377.SZ,国创高新,main,2.43,0.024253066419389614,0.0,-0.0279999999999999,-0.0864661654135338,0.799053368038133,88,0.0159362549800796,40,75,0.0,0.0,0.0,市场情绪强，板块情绪强
2026-07-27,000878.SZ,云南铜业,main,15.03,0.02425155859446904,0.0,-0.0026542800265428,0.0495810055865921,0.8915591424414281,88,0.0159362549800796,40,75,0.0,0.0,0.0,市场情绪强，板块情绪强
2026-07-27,603176.SH,汇通集团,main,3.96,0.024233646229294976,0.0,0.0025316455696202,-0.054892601431981,0.7924500559855531,88,0.0159362549800796,40,75,0.0,0.0,0.0,市场情绪强，板块情绪强
2026-07-27,301603.SZ,乔锋智能,chinext,104.85,0.0242320580872554,0.0,-0.0970547709266277,-0.0758043190832966,0.5348602696933986,88,0.0159362549800796,40,10,0.0,0.0,0.0,市场情绪强，板块情绪强
2026-07-27,001387.SZ,雪祺电气,main,10.44,0.024228172504991232,0.0,-0.0333333333333334,-0.095320623916811,0.5570043749407105,88,0.0159362549800796,40,75,0.0,0.0,0.0,市场情绪强，板块情绪强
2026-07-27,688785.SH,恒运昌,star,295.29,0.024223961817422944,0.0,-0.0228333167874514,0.0009830508474577,0.7974079279752319,88,0.0159362549800796,40,3,0.0,0.0,0.0,市场情绪强
2026-07-27,002076.SZ,星光股份,main,1.79,0.024219813247381518,0.0,-0.0271739130434782,-0.0725388601036268,0.7953371971007767,88,0.0159362549800796,40,75,0.0,0.0,0.0,市场情绪强，板块情绪强
2026-07-27,300613.SZ,富瀚微,chinext,58.38,0.024215845148431763,0.0,0.0197379912663755,0.1355767360435713,0.9891273226660808,88,0.0159362549800796,40,10,0.0,0.0,0.0,市场情绪强，板块情绪强
2026-07-27,002554.SZ,惠博普,main,2.76,0.02421295145230214,0.0,0.0072992700729925,0.0,1.0107133830237782,88,0.0159362549800796,40,75,0.0,0.0,0.0,市场情绪强，板块情绪强
2026-07-27,000751.SZ,锌业股份,main,4.26,0.02420968454359739,0.0,-0.0273972602739726,-0.0093023255813953,0.9610830650002892,88,0.0159362549800796,40,75,0.0,0.0,0.0,市场情绪强，板块情绪强
2026-07-27,002369.SZ,卓翼科技,main,5.05,0.024204153003436202,0.0,0.0039761431411529,0.0019841269841269,0.8372044456787849,88,0.0159362549800796,40,75,0.0,0.0,0.0,市场情绪强，板块情绪强
2026-07-27,600076.SH,康欣新材,main,2.66,0.02420355858376715,0.0,-0.0291970802919708,-0.0666666666666666,0.5490151800493838,88,0.0159362549800796,40,75,0.0,0.0,0.0,市场情绪强，板块情绪强
2026-07-27,603810.SH,丰山集团,main,10.3,0.02420055596163558,0.0,-0.0143540669856457,-0.0471785383903792,0.8485023498333458,88,0.0159362549800796,40,75,0.0,0.0,0.0,市场情绪强，板块情绪强
2026-07-27,603087.SH,甘李药业,main,63.3,0.02419625816872171,0.0,-0.039745145631068,-0.0150925781857786,0.8690290322833871,88,0.0159362549800796,40,75,0.0,0.0,0.0,市场情绪强，板块情绪强
2026-07-27,002551.SZ,尚荣医疗,main,2.79,0.024183254533408357,0.0,0.0035971223021582,-0.0445205479452054,0.6908842224728966,88,0.0159362549800796,40,75,0.0,0.0,0.0,市场情绪强，板块情绪强
2026-07-27,000791.SZ,甘肃能源,main,7.48,0.024172487668630796,0.0,-0.0459183673469386,0.0094466936572199,0.8723754664064111,88,0.0159362549800796,40,75,0.0,0.0,0.0,市场情绪强，板块情绪强
2026-07-27,603017.SH,中衡设计,main,8.39,0.02415689931765843,0.0,-0.0059241706161136,-0.0334101382488478,0.6216474525600069,88,0.0159362549800796,40,75,0.0,0.0,0.0,市场情绪强，板块情绪强
2026-07-27,002397.SZ,梦洁股份,main,3.2,0.02414917721461633,0.0,-0.021406727828746,-0.0615835777126099,0.8427324342102126,88,0.0159362549800796,40,75,0.0,0.0,0.0,市场情绪强，板块情绪强
2026-07-27,301095.SZ,广立微,chinext,68.5,0.02414763364619317,0.0,-0.0939153439153438,-0.1169266468995745,0.5541296852059286,88,0.0159362549800796,40,10,0.0,0.0,0.0,市场情绪强，板块情绪强
2026-07-27,002995.SZ,天地在线,main,14.65,0.02414723821742734,0.0,-0.026578073089701,-0.045602605863192,0.6116519476668562,88,0.0159362549800796,40,75,0.0,0.0,0.0,市场情绪强，板块情绪强
2026-07-27,688507.SH,索辰科技,star,144.5,0.02413776036806534,0.0,-0.0951784596117719,-0.1234455565665756,0.5475861250416961,88,0.0159362549800796,40,3,0.0,0.0,0.0,市场情绪强
2026-07-27,603421.SH,鼎信通讯,main,5.23,0.024119516764831928,0.0,0.0,-0.0224299065420559,0.7513260640023474,88,0.0159362549800796,40,75,0.0,0.0,0.0,市场情绪强，板块情绪强
2026-07-27,001218.SZ,丽臣实业,main,20.75,0.024100787868723324,0.0,-0.0212264150943395,-0.0644724977457168,0.6643563536989056,88,0.0159362549800796,40,75,0.0,0.0,0.0,市场情绪强，板块情绪强
2026-07-27,000922.SZ,佳电股份,main,10.37,0.02409762663208423,0.0,-0.0572727272727273,-0.0244590780809031,1.1836219179818337,88,0.0159362549800796,40,75,0.0,0.0,0.0,市场情绪强，板块情绪强
2026-07-27,002331.SZ,皖通科技,main,6.47,0.02409321760923837,0.0,0.0109374999999998,-0.0182094081942336,0.8131338837220207,88,0.0159362549800796,40,75,0.0,0.0,0.0,市场情绪强，板块情绪强
2026-07-27,000783.SZ,长江证券,main,8.7,0.024086830039580856,0.0,0.0116279069767442,0.0431654676258992,0.8697090365686188,88,0.0159362549800796,40,75,0.0,0.0,0.0,市场情绪强，板块情绪强
2026-07-27,300931.SZ,通用电梯,chinext,10.64,0.02407994471131421,0.0,-0.0283105022831049,-0.1896420411271896,0.4032881891762759,88,0.0159362549800796,40,10,0.0,0.0,0.0,市场情绪强，板块情绪强
2026-07-27,002210.SZ,飞马国际,main,2.13,0.024073168390459743,0.0,0.0,0.0240384615384614,0.9367664381365648,88,0.0159362549800796,40,75,0.0,0.0,0.0,市场情绪强，板块情绪强
2026-07-27,600159.SH,大龙地产,main,2.19,0.02406952807965402,0.0,0.0,-0.0179372197309417,0.6914543604888111,88,0.0159362549800796,40,75,0.0,0.0,0.0,市场情绪强，板块情绪强
2026-07-27,000712.SZ,锦龙股份,main,8.38,0.024060102431386114,0.0,-0.0175849941383351,0.0133010882708586,0.982608132175224,88,0.0159362549800796,40,75,0.0,0.0,0.0,市场情绪强，板块情绪强
2026-07-27,003021.SZ,兆威机电,main,73.62,0.024055501225060904,0.0,-0.059650019159535,-0.079059294470853,0.7934955073694349,88,0.0159362549800796,40,75,0.0,0.0,0.0,市场情绪强，板块情绪强
2026-07-27,688173.SH,希荻微,star,12.58,0.02404673515592853,0.0,-0.0278207109737248,-0.0337941628264208,0.8789342181256282,88,0.0159362549800796,40,3,0.0,0.0,0.0,市场情绪强
2026-07-27,001231.SZ,农心科技,main,16.86,0.02404363071097054,0.0,-0.019767441860465,-0.0679933665008292,0.7919674194956371,88,0.0159362549800796,40,75,0.0,0.0,0.0,市场情绪强，板块情绪强
2026-07-27,603168.SH,莎普爱思,main,4.74,0.024036472600844638,0.0,-0.0124999999999999,-0.0595238095238095,0.7613254035566546,88,0.0159362549800796,40,75,0.0,0.0,0.0,市场情绪强，板块情绪强
2026-07-27,002895.SZ,川恒股份,main,33.46,0.02403478304796309,0.0,0.0232415902140672,0.0934640522875815,0.6671626909678039,88,0.0159362549800796,40,75,0.0,0.0,0.0,市场情绪强，板块情绪强
2026-07-27,301213.SZ,观想科技,chinext,40.04,0.024020700531753317,0.0,0.0731707317073169,0.0454308093994779,1.9130982317979928,88,0.0159362549800796,40,10,0.0,0.0,0.0,成交量放大，短线动量强，市场情绪强，板块情绪强
2026-07-27,002285.SZ,世联行,main,1.95,0.024018908161419012,0.0,-0.0101522842639594,-0.025,0.9552682391604154,88,0.0159362549800796,40,75,0.0,0.0,0.0,市场情绪强，板块情绪强
2026-07-27,605151.SH,西上海,main,15.5,0.023997224557821748,0.0,-0.0121096239643084,-0.0940970192869666,0.5658982634108801,88,0.0159362549800796,40,75,0.0,0.0,0.0,市场情绪强，板块情绪强
2026-07-27,002848.SZ,高斯贝尔,main,11.93,0.023994446748956986,0.0,-0.059148264984227,-0.0394524959742351,0.9631957301900892,88,0.0159362549800796,40,75,0.0,0.0,0.0,市场情绪强，板块情绪强
2026-07-27,002016.SZ,世荣兆业,main,4.03,0.023988732613151216,0.0,-0.0024752475247524,-0.0472813238770686,0.7914252311614374,88,0.0159362549800796,40,75,0.0,0.0,0.0,市场情绪强，板块情绪强
2026-07-27,002930.SZ,宏川智慧,main,7.98,0.023981318156230124,0.0,-0.0208588957055214,-0.0280146163215591,0.7093664368715932,88,0.0159362549800796,40,75,0.0,0.0,0.0,市场情绪强，板块情绪强
2026-07-27,002678.SZ,珠江钢琴,main,3.95,0.023970992120312853,0.0,0.0076530612244898,-0.0246913580246912,0.6315526868748409,88,0.0159362549800796,40,75,0.0,0.0,0.0,市场情绪强，板块情绪强
2026-07-27,603260.SH,合盛硅业,main,32.13,0.02396705063913703,0.0,-0.035135135135135,-0.0662598081952918,0.7085263158409755,88,0.0159362549800796,40,75,0.0,0.0,0.0,市场情绪强，板块情绪强
2026-07-27,603077.SH,和邦生物,main,2.29,0.023964700918562783,0.0,-0.0086580086580086,0.0177777777777778,0.9052154031885724,88,0.0159362549800796,40,75,0.0,0.0,0.0,市场情绪强，板块情绪强
2026-07-27,002671.SZ,龙泉股份,main,3.47,0.02395762212590308,0.0,-0.0225352112676054,-0.0621621621621621,0.7439438725033257,88,0.0159362549800796,40,75,0.0,0.0,0.0,市场情绪强，板块情绪强
2026-07-27,000301.SZ,东方盛虹,main,11.6,0.023957599636098444,0.0,0.0017271157167528,0.0175438596491226,0.79577994084211,88,0.0159362549800796,40,75,0.0,0.0,0.0,市场情绪强，板块情绪强
2026-07-27,002672.SZ,东江环保,main,3.21,0.023956493593693878,0.0,0.0031249999999998,-0.0389221556886226,0.5746050210125838,88,0.0159362549800796,40,75,0.0,0.0,0.0,市场情绪强，板块情绪强
2026-07-27,688677.SH,海泰新光,star,72.82,0.0239506203461025,0.0,0.0045523520485584,0.0186040005595187,0.7198932854724489,88,0.0159362549800796,40,3,0.0,0.0,0.0,市场情绪强
2026-07-27,000619.SZ,海螺新材,main,4.18,0.023941156709289167,0.0,-0.007125890736342,-0.0412844036697248,0.7509777997878527,88,0.0159362549800796,40,75,0.0,0.0,0.0,市场情绪强，板块情绪强
2026-07-27,600533.SH,栖霞建设,main,1.88,0.023940834238595308,0.0,0.0,-0.0358974358974358,0.7743964482244138,88,0.0159362549800796,40,75,0.0,0.0,0.0,市场情绪强，板块情绪强
2026-07-27,001209.SZ,洪兴股份,main,14.64,0.023933206816381652,0.0,-0.0207357859531771,-0.0734177215189874,0.5965427016101706,88,0.0159362549800796,40,75,0.0,0.0,0.0,市场情绪强，板块情绪强
2026-07-27,000565.SZ,渝三峡Ａ,main,5.25,0.023916271555284568,0.0,-0.0094339622641509,-0.0523465703971118,0.6723507076350919,88,0.0159362549800796,40,75,0.0,0.0,0.0,市场情绪强，板块情绪强
2026-07-27,300373.SZ,扬杰科技,chinext,90.6,0.023915305439289276,0.0,-0.0802964166074511,-0.0265391640700547,0.622316958012641,88,0.0159362549800796,40,10,0.0,0.0,0.0,市场情绪强，板块情绪强
2026-07-27,002020.SZ,京新药业,main,13.46,0.023900150708572713,0.0,-0.0474168435951875,-0.0260492040520983,0.7734417868652489,88,0.0159362549800796,40,75,0.0,0.0,0.0,市场情绪强，板块情绪强
2026-07-27,601808.SH,中海油服,main,12.17,0.02389120921403043,0.0,0.0133222314737717,0.051858254105445,0.9368948999314044,88,0.0159362549800796,40,75,0.0,0.0,0.0,市场情绪强，板块情绪强
2026-07-27,300632.SZ,光莆股份,chinext,16.06,0.023890989767723813,0.0,-0.0260764099454214,-0.0838562464346834,0.5802166850982211,88,0.0159362549800796,40,10,0.0,0.0,0.0,市场情绪强，板块情绪强
2026-07-27,603602.SH,纵横通信,main,9.62,0.023889644512270387,0.0,-0.016359918200409,-0.0494071146245059,0.5598109350875186,88,0.0159362549800796,40,75,0.0,0.0,0.0,市场情绪强，板块情绪强
2026-07-27,601116.SH,三江购物,main,9.27,0.023879677585639334,0.0,-0.0200845665961946,-0.034375,0.5975236816315855,88,0.0159362549800796,40,75,0.0,0.0,0.0,市场情绪强，板块情绪强
2026-07-27,300157.SZ,新锦动力,chinext,4.24,0.023863543526752223,0.0,0.0167865707434053,0.026634382566586,0.8479012084455977,88,0.0159362549800796,40,10,0.0,0.0,0.0,市场情绪强，板块情绪强
2026-07-27,000656.SZ,金科股份,main,1.24,0.023858697450734052,0.0,0.0247933884297519,0.0,0.9679609694000724,88,0.0159362549800796,40,75,0.0,0.0,0.0,市场情绪强，板块情绪强
2026-07-27,603108.SH,润达医疗,main,8.83,0.023854636460623,0.0,-0.0636267232237539,-0.08875128998968,0.7835805100111846,88,0.0159362549800796,40,75,0.0,0.0,0.0,市场情绪强，板块情绪强
2026-07-27,603169.SH,兰石重装,main,6.08,0.023837169008989415,0.0,0.0201342281879195,0.0201342281879195,0.904816336229067,88,0.0159362549800796,40,75,0.0,0.0,0.0,市场情绪强，板块情绪强
2026-07-27,000790.SZ,华神科技,main,3.59,0.02381693089949026,0.0,-0.0082872928176795,-0.0217983651226157,0.6729335221503632,88,0.0159362549800796,40,75,0.0,0.0,0.0,市场情绪强，板块情绪强
2026-07-27,002918.SZ,蒙娜丽莎,main,8.48,0.023808643967145725,0.0,-0.0093457943925233,-0.0619469026548671,0.5948700255491832,88,0.0159362549800796,40,75,0.0,0.0,0.0,市场情绪强，板块情绪强
2026-07-27,603699.SH,纽威股份,main,41.81,0.0237976208356254,0.0,0.0045651129264778,0.0630561912026443,0.625333250665085,88,0.0159362549800796,40,75,0.0,0.0,0.0,市场情绪强，板块情绪强
2026-07-27,605319.SH,无锡振华,main,21.0,0.023797245348490183,0.0,0.012536162005786,0.0189228529839884,0.729127934394711,88,0.0159362549800796,40,75,0.0,0.0,0.0,市场情绪强，板块情绪强
2026-07-27,605007.SH,五洲特纸,main,14.68,0.023778485276075557,0.0,0.0215727209464162,-0.0411495754408883,0.697752144379071,88,0.0159362549800796,40,75,0.0,0.0,0.0,市场情绪强，板块情绪强
2026-07-27,601798.SH,蓝科高新,main,7.07,0.023768818399530805,0.0,0.0321167883211679,0.0202020202020203,0.8317652820402885,88,0.0159362549800796,40,75,0.0,0.0,0.0,市场情绪强，板块情绪强
2026-07-27,600143.SH,金发科技,main,14.05,0.023751231687888792,0.0,-0.0112596762843067,0.0203340595497458,0.600636333436907,88,0.0159362549800796,40,75,0.0,0.0,0.0,市场情绪强，板块情绪强
2026-07-27,603615.SH,茶花股份,main,14.48,0.023742970036224262,0.0,0.0125874125874125,-0.0307898259705488,0.6959093450347896,88,0.0159362549800796,40,75,0.0,0.0,0.0,市场情绪强，板块情绪强
2026-07-27,603385.SH,惠达卫浴,main,4.54,0.023742788856853488,0.0,-0.0173160173160172,-0.069672131147541,0.7598053283895245,88,0.0159362549800796,40,75,0.0,0.0,0.0,市场情绪强，板块情绪强
2026-07-27,601886.SH,江河集团,main,8.41,0.023742189813897464,0.0,-0.0094228504122496,0.0754475703324808,0.5589994878758059,88,0.0159362549800796,40,75,0.0,0.0,0.0,市场情绪强，板块情绪强
2026-07-27,600588.SH,用友网络,main,8.97,0.02373883790300253,0.0,-0.0396145610278372,0.0170068027210885,0.7997347111438625,88,0.0159362549800796,40,75,0.0,0.0,0.0,市场情绪强，板块情绪强
2026-07-27,603992.SH,松霖科技,main,21.62,0.02373539535406867,0.0,-0.0636639237765266,-0.0378282153983087,0.5909816016102141,88,0.0159362549800796,40,75,0.0,0.0,0.0,市场情绪强，板块情绪强
2026-07-27,002164.SZ,宁波东力,main,10.14,0.023719084161294347,0.0,-0.0287356321839079,-0.049671977507029,0.5890814307849962,88,0.0159362549800796,40,75,0.0,0.0,0.0,市场情绪强，板块情绪强
2026-07-27,600810.SH,神马股份,main,6.22,0.023705865049886143,0.0,0.0213464696223317,-0.0016051364365972,0.7379941538646814,88,0.0159362549800796,40,75,0.0,0.0,0.0,市场情绪强，板块情绪强
2026-07-27,600418.SH,江淮汽车,main,19.64,0.02369549590633734,0.0,-0.0557692307692307,-0.0800936768149883,0.9268889499274792,88,0.0159362549800796,40,75,0.0,0.0,0.0,市场情绪强，板块情绪强
2026-07-27,002660.SZ,茂硕电源,main,6.05,0.023692268816897216,0.0,-0.0049342105263158,-0.0241935483870968,0.606886432238952,88,0.0159362549800796,40,75,0.0,0.0,0.0,市场情绪强，板块情绪强
2026-07-27,002251.SZ,步步高,main,3.37,0.023690358668949692,0.0,-0.0203488372093022,-0.0231884057971014,0.9102989226631314,88,0.0159362549800796,40,75,0.0,0.0,0.0,市场情绪强，板块情绪强
2026-07-27,603721.SH,中广天择,main,14.4,0.02367776050650647,0.0,-0.0243902439024389,-0.0769230769230768,0.6327580461525645,88,0.0159362549800796,40,75,0.0,0.0,0.0,市场情绪强，板块情绪强
2026-07-27,002742.SZ,冀衡医药,main,3.27,0.023668847859038625,0.0,-0.0120845921450151,-0.0603448275862068,0.6810038188074611,88,0.0159362549800796,40,75,0.0,0.0,0.0,市场情绪强，板块情绪强
2026-07-27,603060.SH,国检集团,main,5.15,0.023667208526384084,0.0,-0.0077071290944122,-0.0301318267419961,0.755536405507311,88,0.0159362549800796,40,75,0.0,0.0,0.0,市场情绪强，板块情绪强
2026-07-27,002268.SZ,电科网安,main,13.43,0.023666030217116617,0.0,-0.0901084010840108,-0.0289226319595083,0.8863198656457919,88,0.0159362549800796,40,75,0.0,0.0,0.0,市场情绪强，板块情绪强
2026-07-27,002912.SZ,中新赛克,main,17.59,0.023639360449639078,0.0,0.0167630057803467,0.0238649592549475,0.8855714402134182,88,0.0159362549800796,40,75,0.0,0.0,0.0,市场情绪强，板块情绪强
2026-07-27,300780.SZ,德恩精工,chinext,18.82,0.023636766814473503,0.0,-0.0864077669902912,-0.2444801284624649,0.5699264573004487,88,0.0159362549800796,40,10,0.0,0.0,0.0,市场情绪强，板块情绪强
2026-07-27,002366.SZ,融发核电,main,5.18,0.023622290991888256,0.0,0.0,0.0339321357285429,0.8933937775307824,88,0.0159362549800796,40,75,0.0,0.0,0.0,市场情绪强，板块情绪强
2026-07-27,605177.SH,东亚药业,main,14.32,0.023612629260877743,0.0,-0.0083102493074791,-0.067100977198697,0.5943961652295267,88,0.0159362549800796,40,75,0.0,0.0,0.0,市场情绪强，板块情绪强
2026-07-27,002356.SZ,鹏飞绿能,main,2.51,0.023611556548984378,0.0,0.0080321285140561,0.0080321285140561,0.6361118946262506,88,0.0159362549800796,40,75,0.0,0.0,0.0,市场情绪强，板块情绪强
2026-07-27,300499.SZ,高澜股份,chinext,27.01,0.02361051835801374,0.0,-0.0259646592138478,-0.0565840027942716,0.5221498582746018,88,0.0159362549800796,40,10,0.0,0.0,0.0,市场情绪强，板块情绪强
2026-07-27,002855.SZ,捷荣技术,main,8.64,0.0236087822201593,0.0,0.0,-0.0389321468298108,0.7373195220522739,88,0.0159362549800796,40,75,0.0,0.0,0.0,市场情绪强，板块情绪强
2026-07-27,300083.SZ,创世纪,chinext,10.99,0.023588653606122088,0.0,-0.0451781059947871,0.0147737765466298,0.6783240859536016,88,0.0159362549800796,40,10,0.0,0.0,0.0,市场情绪强，板块情绪强
2026-07-27,000819.SZ,岳阳兴长,main,11.12,0.02358550801821581,0.0,0.006334841628959,-0.0017953321364453,0.9325969666779822,88,0.0159362549800796,40,75,0.0,0.0,0.0,市场情绪强，板块情绪强
2026-07-27,600133.SH,东湖高新,main,7.66,0.023582895275425706,0.0,0.0132275132275132,0.032345013477089,1.0832888561912566,88,0.0159362549800796,40,75,0.0,0.0,0.0,市场情绪强，板块情绪强
2026-07-27,000959.SZ,首钢股份,main,3.76,0.023581038756741605,0.0,0.0134770889487869,0.0080428954423592,0.752904225032488,88,0.0159362549800796,40,75,0.0,0.0,0.0,市场情绪强，板块情绪强
2026-07-27,688045.SH,必易微,star,49.92,0.023579413513523603,0.0,-0.0372227579556412,-0.0399999999999999,0.7681155462498854,88,0.0159362549800796,40,3,0.0,0.0,0.0,市场情绪强
2026-07-27,603558.SH,健盛集团,main,12.46,0.02356853547911674,0.0,0.0595238095238095,0.0750647109577222,1.1905499200294047,88,0.0159362549800796,40,75,0.0,0.0,0.0,短线动量强，市场情绪强，板块情绪强
2026-07-27,688127.SH,蓝特光学,star,61.4,0.023567452759851143,0.0,-0.0782164840114096,-0.016183303957699,0.6499215718298502,88,0.0159362549800796,40,3,0.0,0.0,0.0,市场情绪强
2026-07-27,002021.SZ,中捷资源,main,2.22,0.023564764498188975,0.0,-0.0044843049327353,-0.0431034482758618,0.7368108146406858,88,0.0159362549800796,40,75,0.0,0.0,0.0,市场情绪强，板块情绪强
2026-07-27,002279.SZ,久其软件,main,5.76,0.023538140990532263,0.0,-0.0204081632653061,0.0176678445229681,0.9020375882509176,88,0.0159362549800796,40,75,0.0,0.0,0.0,市场情绪强，板块情绪强
2026-07-27,603326.SH,我乐家居,main,5.71,0.023537107093321883,0.0,-0.005226480836237,-0.073051948051948,0.6017752265200907,88,0.0159362549800796,40,75,0.0,0.0,0.0,市场情绪强，板块情绪强
2026-07-27,600255.SH,鑫科材料,main,2.96,0.023535816247650044,0.0,-0.0263157894736841,-0.0295081967213114,0.8678140880706332,88,0.0159362549800796,40,75,0.0,0.0,0.0,市场情绪强，板块情绪强
2026-07-27,688512.SH,慧智微,star,11.16,0.02353564872913722,0.0,-0.0621848739495798,-0.1093375897845171,0.6671935941335345,88,0.0159362549800796,40,3,0.0,0.0,0.0,市场情绪强
2026-07-27,600583.SH,海油工程,main,5.51,0.02351766776356327,0.0,0.0318352059925093,0.0337711069418384,0.9640477040136236,88,0.0159362549800796,40,75,0.0,0.0,0.0,市场情绪强，板块情绪强
2026-07-27,603173.SH,福斯达,main,31.39,0.023517303067067803,0.0,0.0301936330817198,0.0096494049533613,1.3059671116050386,88,0.0159362549800796,40,75,0.0,0.0,0.0,市场情绪强，板块情绪强
2026-07-27,688378.SH,奥来德,star,38.16,0.023513999512135265,0.0,-0.0927246790299572,-0.0963769831873075,0.5215368850755259,88,0.0159362549800796,40,3,0.0,0.0,0.0,市场情绪强
2026-07-27,603886.SH,元祖股份,main,9.69,0.02351274176101794,0.0,-0.031,-0.1110091743119267,0.6290238940524153,88,0.0159362549800796,40,75,0.0,0.0,0.0,市场情绪强，板块情绪强
2026-07-27,002968.SZ,新大正,main,8.0,0.023511622650852725,0.0,-0.011124845488257,-0.0419161676646706,0.7760343831596064,88,0.0159362549800796,40,75,0.0,0.0,0.0,市场情绪强，板块情绪强
2026-07-27,605086.SH,龙高股份,main,21.18,0.023510502928398822,0.0,0.0047438330170779,-0.0328767123287671,0.6229595408660369,88,0.0159362549800796,40,75,0.0,0.0,0.0,市场情绪强，板块情绪强
2026-07-27,600831.SH,广电网络,main,2.84,0.02350146225865462,0.0,0.0142857142857142,-0.0501672240802676,0.6119613418763297,88,0.0159362549800796,40,75,0.0,0.0,0.0,市场情绪强，板块情绪强
2026-07-27,000025.SZ,特 力Ａ,main,14.14,0.023495194479503354,0.0,0.0194664744051911,0.0366568914956011,1.324784864392471,88,0.0159362549800796,40,75,0.0,0.0,0.0,市场情绪强，板块情绪强
2026-07-27,000966.SZ,长源电力,main,4.15,0.02348718235102012,0.0,-0.0165876777251183,-0.0437788018433178,0.7048621888390454,88,0.0159362549800796,40,75,0.0,0.0,0.0,市场情绪强，板块情绪强
2026-07-27,300939.SZ,秋田微,chinext,46.12,0.023475789750766633,0.0,0.0192265193370164,-0.113076923076923,0.581393307883017,88,0.0159362549800796,40,10,0.0,0.0,0.0,市场情绪强，板块情绪强
2026-07-27,601628.SH,中国人寿,main,40.31,0.02345046140047611,0.0,0.0034851879512074,0.0322663252240718,0.8864263523722082,88,0.0159362549800796,40,75,0.0,0.0,0.0,市场情绪强，板块情绪强
2026-07-27,000504.SZ,南华生物,main,7.39,0.023441258825701177,0.0,-0.0739348370927319,-0.1356725146198831,0.7225467806216403,88,0.0159362549800796,40,75,0.0,0.0,0.0,市场情绪强，板块情绪强
2026-07-27,000590.SZ,古汉医药,main,7.71,0.023440963494038,0.0,-0.0153256704980843,-0.0609013398294763,0.6783452391662729,88,0.0159362549800796,40,75,0.0,0.0,0.0,市场情绪强，板块情绪强
2026-07-27,002956.SZ,西麦食品,main,15.68,0.02343922291018143,0.0,-0.055421686746988,-0.0776470588235294,1.1053031013749477,88,0.0159362549800796,40,75,0.0,0.0,0.0,市场情绪强，板块情绪强
2026-07-27,002030.SZ,达安基因,main,5.2,0.023417869462429682,0.0,0.0136452241715401,0.0058027079303675,1.092129145510658,88,0.0159362549800796,40,75,0.0,0.0,0.0,市场情绪强，板块情绪强
2026-07-27,603112.SH,华翔股份,main,13.55,0.02339895099075757,0.0,-0.0109489051094889,-0.0410474168435951,0.4236379903042945,88,0.0159362549800796,40,75,0.0,0.0,0.0,市场情绪强，板块情绪强
2026-07-27,000887.SZ,中鼎股份,main,16.2,0.023389904926712366,0.0,-0.0657439446366782,-0.056493884682586,0.9244286832386164,88,0.0159362549800796,40,75,0.0,0.0,0.0,市场情绪强，板块情绪强
2026-07-27,600828.SH,茂业商业,main,3.4,0.02338975784645294,0.0,-0.0144927536231884,-0.0395480225988701,0.8349866917854483,88,0.0159362549800796,40,75,0.0,0.0,0.0,市场情绪强，板块情绪强
2026-07-27,603166.SH,福达股份,main,9.59,0.02337165332412607,0.0,-0.0263959390862944,-0.0476663356504468,0.6867918976051587,88,0.0159362549800796,40,75,0.0,0.0,0.0,市场情绪强，板块情绪强
2026-07-27,603301.SH,振德医疗,main,86.3,0.023371223642036355,0.0,-0.0103211009174312,0.0186496694995277,0.7213952330926362,88,0.0159362549800796,40,75,0.0,0.0,0.0,市场情绪强，板块情绪强
2026-07-27,688619.SH,罗普特,star,12.85,0.02336876909060665,0.0,0.0506950122649223,0.0094265514532598,0.5748173094475404,88,0.0159362549800796,40,3,0.0,0.0,0.0,短线动量强，市场情绪强
2026-07-27,600299.SH,安迪苏,main,7.97,0.023367641450382823,0.0,0.0,0.0075853350189631,0.7125356064501154,88,0.0159362549800796,40,75,0.0,0.0,0.0,市场情绪强，板块情绪强
2026-07-27,603686.SH,福龙马,main,11.89,0.0233666823533517,0.0,-0.0091666666666666,-0.0246103363412631,0.629276661611214,88,0.0159362549800796,40,75,0.0,0.0,0.0,市场情绪强，板块情绪强
2026-07-27,000029.SZ,深深房Ａ,main,19.24,0.023366047418071068,0.0,-0.0655658086449734,-0.0890151515151516,0.8221073771736541,88,0.0159362549800796,40,75,0.0,0.0,0.0,市场情绪强，板块情绪强
2026-07-27,601601.SH,中国太保,main,31.95,0.023365833678410487,0.0,0.0101169775529561,0.0739495798319327,0.8615356431681932,88,0.0159362549800796,40,75,0.0,0.0,0.0,市场情绪强，板块情绪强
2026-07-27,001328.SZ,登康口腔,main,28.56,0.023365036481048505,0.0,0.0310469314079422,0.02,0.5241412005524384,88,0.0159362549800796,40,75,0.0,0.0,0.0,市场情绪强，板块情绪强
2026-07-27,600603.SH,广汇物流,main,4.02,0.023360801848082646,0.0,-0.0405727923627686,-0.0563380281690141,0.801650389787653,88,0.0159362549800796,40,75,0.0,0.0,0.0,市场情绪强，板块情绪强
2026-07-27,600096.SH,云天化,main,28.8,0.023357050369699105,0.0,-0.001386962552011,0.0491803278688525,0.8461906457056091,88,0.0159362549800796,40,75,0.0,0.0,0.0,市场情绪强，板块情绪强
2026-07-27,688191.SH,智洋创新,star,18.3,0.0233562702423311,0.0,-0.0488565488565487,-0.0804020100502511,0.6502056996416765,88,0.0159362549800796,40,3,0.0,0.0,0.0,市场情绪强
2026-07-27,001979.SZ,招商蛇口,main,6.76,0.023350264869936452,0.0,-0.0231213872832369,0.015015015015015,0.8747231990347419,88,0.0159362549800796,40,75,0.0,0.0,0.0,市场情绪强，板块情绪强
2026-07-27,603289.SH,泰瑞机器,main,7.4,0.02334085048529571,0.0,-0.0224570673712021,-0.0830235439900867,0.6149454249458162,88,0.0159362549800796,40,75,0.0,0.0,0.0,市场情绪强，板块情绪强
2026-07-27,600135.SH,乐凯胶片,main,6.58,0.023339561794701945,0.0,-0.0015174506828528,-0.0323529411764705,0.6030634925289428,88,0.0159362549800796,40,75,0.0,0.0,0.0,市场情绪强，板块情绪强
2026-07-27,600841.SH,动力新科,main,5.4,0.02333036235073953,0.0,-0.0055248618784529,-0.0217391304347824,0.7158494870524899,88,0.0159362549800796,40,75,0.0,0.0,0.0,市场情绪强，板块情绪强
2026-07-27,002949.SZ,华阳国际,main,9.2,0.023325771227882618,0.0,-0.022316684378321,-0.0735146022155086,0.7880722168310191,88,0.0159362549800796,40,75,0.0,0.0,0.0,市场情绪强，板块情绪强
2026-07-27,601689.SH,拓普集团,main,45.62,0.02332057994883678,0.0,-0.0941223193010326,-0.0996644957568582,0.856245788628724,88,0.0159362549800796,40,75,0.0,0.0,0.0,市场情绪强，板块情绪强
2026-07-27,002476.SZ,新叶股份,main,4.13,0.023318171694629092,0.0,-0.0166666666666667,-0.0327868852459015,0.6940170610628216,88,0.0159362549800796,40,75,0.0,0.0,0.0,市场情绪强，板块情绪强
2026-07-27,301317.SZ,鑫磊股份,chinext,43.4,0.023316175005485437,0.0,-0.0656620021528526,-0.1164495114006514,0.5939596900439128,88,0.0159362549800796,40,10,0.0,0.0,0.0,市场情绪强，板块情绪强
2026-07-27,603334.SH,丰倍生物,main,31.15,0.023306223456774213,0.0,0.0166449086161879,0.0054874112330536,0.5668538685034806,88,0.0159362549800796,40,75,0.0,0.0,0.0,市场情绪强，板块情绪强
2026-07-27,003042.SZ,中农联合,main,11.46,0.023305812781653053,0.0,-0.0034782608695651,-0.0591133004926107,0.819391157232564,88,0.0159362549800796,40,75,0.0,0.0,0.0,市场情绪强，板块情绪强
2026-07-27,002293.SZ,罗莱生活,main,10.97,0.023298462876974037,0.0,-0.0742616033755273,0.0176252319109462,0.4610971334295731,88,0.0159362549800796,40,75,0.0,0.0,0.0,市场情绪强，板块情绪强
2026-07-27,002578.SZ,闽发铝业,main,2.76,0.023285652393430507,0.0,-0.0142857142857143,-0.0281690140845071,0.904827323813501,88,0.0159362549800796,40,75,0.0,0.0,0.0,市场情绪强，板块情绪强
2026-07-27,600322.SH,津投城开,main,2.47,0.02327551633522327,0.0,0.0164609053497941,-0.0237154150197627,0.60346066512924,88,0.0159362549800796,40,75,0.0,0.0,0.0,市场情绪强，板块情绪强
2026-07-27,301297.SZ,富乐德,chinext,31.71,0.023269220734193696,0.0,-0.0768558951965066,-0.1019541206457094,0.7502949736259351,88,0.0159362549800796,40,10,0.0,0.0,0.0,市场情绪强，板块情绪强
2026-07-27,002107.SZ,沃华医药,main,5.8,0.023241665831979685,0.0,-0.0333333333333333,-0.0837282780410743,0.777168535545361,88,0.0159362549800796,40,75,0.0,0.0,0.0,市场情绪强，板块情绪强
2026-07-27,600458.SH,时代新材,main,10.41,0.02323800764109688,0.0,-0.0298229263746505,0.0019249278152069,0.6465019640088897,88,0.0159362549800796,40,75,0.0,0.0,0.0,市场情绪强，板块情绪强
2026-07-27,002078.SZ,太阳纸业,main,14.28,0.023236931694764644,0.0,-0.0090215128383067,0.0664675130694547,0.517899824801582,88,0.0159362549800796,40,75,0.0,0.0,0.0,市场情绪强，板块情绪强
2026-07-27,301151.SZ,冠龙节能,chinext,16.98,0.02320076061123062,0.0,-0.0230149597238203,-0.1053740779768177,0.5835807335806035,88,0.0159362549800796,40,10,0.0,0.0,0.0,市场情绪强，板块情绪强
2026-07-27,002425.SZ,凯撒文化,main,2.46,0.023197264033123676,0.0,-0.0390625,-0.0465116279069768,0.7502542966346455,88,0.0159362549800796,40,75,0.0,0.0,0.0,市场情绪强，板块情绪强
2026-07-27,603248.SH,锡华科技,main,17.34,0.023194482636869566,0.0,0.0110787172011661,-0.0091428571428571,0.7256150373956779,88,0.0159362549800796,40,75,0.0,0.0,0.0,市场情绪强，板块情绪强
2026-07-27,001319.SZ,铭科精技,main,16.65,0.023193176649443578,0.0,-0.0713887339654211,-0.1474654377880185,1.0856021189455136,88,0.0159362549800796,40,75,0.0,0.0,0.0,市场情绪强，板块情绪强
2026-07-27,002998.SZ,优彩资源,main,6.98,0.02318800851890692,0.0,0.0115942028985507,-0.0085227272727271,0.6012996717107517,88,0.0159362549800796,40,75,0.0,0.0,0.0,市场情绪强，板块情绪强
2026-07-27,000985.SZ,大庆华科,main,13.85,0.02318212209894471,0.0,0.0065406976744186,-0.0381944444444445,0.7442859485440119,88,0.0159362549800796,40,75,0.0,0.0,0.0,市场情绪强，板块情绪强
2026-07-27,600257.SH,大湖股份,main,4.73,0.023177155142167213,0.0,-0.0125260960334028,-0.0307377049180326,0.5330767157066181,88,0.0159362549800796,40,75,0.0,0.0,0.0,市场情绪强，板块情绪强
2026-07-27,301607.SZ,富特科技,chinext,36.15,0.023167547194601287,0.0,-0.0914802714249811,-0.1040892193308551,0.6766724108728656,88,0.0159362549800796,40,10,0.0,0.0,0.0,市场情绪强，板块情绪强
2026-07-27,688486.SH,龙迅股份,star,43.49,0.023167004400313107,0.0,0.000229990800368,0.0384431709646608,0.63902890614462,88,0.0159362549800796,40,3,0.0,0.0,0.0,市场情绪强
2026-07-27,601011.SH,宝泰隆,main,2.41,0.02316682427307132,0.0,0.0083682008368199,0.0,0.8556683319524763,88,0.0159362549800796,40,75,0.0,0.0,0.0,市场情绪强，板块情绪强
2026-07-27,600530.SH,交大昂立,main,4.66,0.02316633657680336,0.0,-0.0351966873706004,-0.0753968253968253,0.7680402432318286,88,0.0159362549800796,40,75,0.0,0.0,0.0,市场情绪强，板块情绪强
2026-07-27,002037.SZ,保利联合,main,5.84,0.023146531514822915,0.0,-0.0068027210884353,-0.0282861896838602,0.6974189922993336,88,0.0159362549800796,40,75,0.0,0.0,0.0,市场情绪强，板块情绪强
2026-07-27,605188.SH,国光连锁,main,10.96,0.023142424329794777,0.0,-0.0054446460980035,-0.051082251082251,0.6886041487882105,88,0.0159362549800796,40,75,0.0,0.0,0.0,市场情绪强，板块情绪强
2026-07-27,003003.SZ,天元股份,main,9.24,0.023136167678430197,0.0,-0.0232558139534884,-0.0741482965931863,0.7151241385715456,88,0.0159362549800796,40,75,0.0,0.0,0.0,市场情绪强，板块情绪强
2026-07-27,600438.SH,通威股份,main,11.14,0.023127052327196786,0.0,0.0391791044776119,0.0629770992366411,0.716906957182147,88,0.0159362549800796,40,75,0.0,0.0,0.0,市场情绪强，板块情绪强
2026-07-27,002820.SZ,桂发祥,main,7.85,0.023124049728319794,0.0,-0.0075853350189634,-0.0861466821885914,0.5890586156504192,88,0.0159362549800796,40,75,0.0,0.0,0.0,市场情绪强，板块情绪强
2026-07-27,002437.SZ,誉衡药业,main,2.76,0.02312203961369256,0.0,-0.0247349823321555,-0.0612244897959184,0.7166383261792053,88,0.0159362549800796,40,75,0.0,0.0,0.0,市场情绪强，板块情绪强
2026-07-27,002605.SZ,姚记科技,main,16.59,0.02311192694371817,0.0,-0.1008130081300813,-0.1574403250380904,0.6390011217470012,88,0.0159362549800796,40,75,0.0,0.0,0.0,市场情绪强，板块情绪强
2026-07-27,605167.SH,利柏特,main,12.25,0.023109780457518107,0.0,-0.085820895522388,-0.1097383720930232,0.6014794199700059,88,0.0159362549800796,40,75,0.0,0.0,0.0,市场情绪强，板块情绪强
2026-07-27,002408.SZ,齐翔腾达,main,4.8,0.02310216809240258,0.0,0.0041841004184099,0.0169491525423728,0.8402379695100516,88,0.0159362549800796,40,75,0.0,0.0,0.0,市场情绪强，板块情绪强
2026-07-27,600851.SH,海欣股份,main,7.45,0.023062880020527754,0.0,-0.0640703517587939,-0.0858895705521473,0.515552410154584,88,0.0159362549800796,40,75,0.0,0.0,0.0,市场情绪强，板块情绪强
2026-07-27,600163.SH,中闽能源,main,5.09,0.023060195904023143,0.0,-0.0116504854368932,0.0387755102040814,0.8767883094401983,88,0.0159362549800796,40,75,0.0,0.0,0.0,市场情绪强，板块情绪强
2026-07-27,300400.SZ,劲拓股份,chinext,21.94,0.023057881998021244,0.0,-0.0703389830508475,-0.0734797297297297,0.567219986482213,88,0.0159362549800796,40,10,0.0,0.0,0.0,市场情绪强，板块情绪强
2026-07-27,600137.SH,浪莎股份,main,15.16,0.023053079788884323,0.0,-0.0065530799475753,-0.0812121212121211,0.5620479343600818,88,0.0159362549800796,40,75,0.0,0.0,0.0,市场情绪强，板块情绪强
2026-07-27,000425.SZ,徐工机械,main,8.89,0.023038499982961938,0.0,0.0045197740112994,0.0697954271961491,0.6789195951013647,88,0.0159362549800796,40,75,0.0,0.0,0.0,市场情绪强，板块情绪强
2026-07-27,688205.SH,德科立,star,128.6,0.02303350374762527,0.0,-0.0595978062157221,-0.0465599051008304,0.6132312567190841,88,0.0159362549800796,40,3,0.0,0.0,0.0,市场情绪强
2026-07-27,600108.SH,亚盛集团,main,2.87,0.02302945323607481,0.0,0.0034965034965035,0.0177304964539009,0.6778302354221499,88,0.0159362549800796,40,75,0.0,0.0,0.0,市场情绪强，板块情绪强
2026-07-27,301128.SZ,强瑞技术,chinext,101.43,0.023025792116565143,0.0,-0.0545302013422818,-0.0820814479638007,0.5962499553744344,88,0.0159362549800796,40,10,0.0,0.0,0.0,市场情绪强，板块情绪强
2026-07-27,601199.SH,江南水务,main,5.4,0.0230190880272289,0.0,-0.0784982935153583,-0.0999999999999999,0.8676344797998103,88,0.0159362549800796,40,75,0.0,0.0,0.0,市场情绪强，板块情绪强
2026-07-27,600191.SH,华资实业,main,8.51,0.023010306120660743,0.0,-0.0127610208816704,-0.0081585081585081,1.1140420848202288,88,0.0159362549800796,40,75,0.0,0.0,0.0,市场情绪强，板块情绪强
2026-07-27,000912.SZ,泸天化,main,3.48,0.023008027436821385,0.0,0.0116279069767442,-0.0085470085470085,0.857340376070788,88,0.0159362549800796,40,75,0.0,0.0,0.0,市场情绪强，板块情绪强
2026-07-27,603909.SH,建发合诚,main,8.04,0.023002219525652786,0.0,-0.0147058823529413,-0.0518867924528303,0.7532752936148855,88,0.0159362549800796,40,75,0.0,0.0,0.0,市场情绪强，板块情绪强
2026-07-27,000905.SZ,厦门港务,main,8.29,0.022988125523887827,0.0,0.0401505646173148,0.0349563046192258,1.2156350149601771,88,0.0159362549800796,40,75,0.0,0.0,0.0,市场情绪强，板块情绪强
2026-07-27,603816.SH,顾家家居,main,23.83,0.0229746821436652,0.0,0.0059096665259601,0.0374401393121461,0.838010188248683,88,0.0159362549800796,40,75,0.0,0.0,0.0,市场情绪强，板块情绪强
2026-07-27,600499.SH,科达制造,main,15.2,0.022968175054147413,0.0,0.0228802153432032,0.0133333333333331,0.6162442484723823,88,0.0159362549800796,40,75,0.0,0.0,0.0,市场情绪强，板块情绪强
2026-07-27,688635.SH,长进光子,star,245.16,0.02296076457575217,0.0,-0.1123823316437363,-0.1772602188066313,0.6253778171456608,88,0.0159362549800796,40,3,0.0,0.0,0.0,市场情绪强
2026-07-27,000100.SZ,TCL科技,main,5.04,0.022957026848858905,0.0,-0.0579439252336447,0.008,0.5448146310381733,88,0.0159362549800796,40,75,0.0,0.0,0.0,市场情绪强，板块情绪强
2026-07-27,605365.SH,立达信,main,12.41,0.022954621241367282,0.0,0.0064882400648824,-0.0127287191726332,0.6363570733132553,88,0.0159362549800796,40,75,0.0,0.0,0.0,市场情绪强，板块情绪强
2026-07-27,000777.SZ,中核科技,main,16.63,0.022946016578323656,0.0,-0.0107079119571683,0.0189950980392155,1.1286119243722907,88,0.0159362549800796,40,75,0.0,0.0,0.0,市场情绪强，板块情绪强
2026-07-27,300566.SZ,激智科技,chinext,24.44,0.022928347209642666,0.0,-0.1448565430370887,-0.0978220745662605,0.5958818106050844,88,0.0159362549800796,40,10,0.0,0.0,0.0,市场情绪强，板块情绪强
2026-07-27,300878.SZ,维康药业,chinext,27.33,0.022924558951352716,0.0,0.001098901098901,-0.0947333554157006,0.7986766437135081,88,0.0159362549800796,40,10,0.0,0.0,0.0,市场情绪强，板块情绪强
2026-07-27,002810.SZ,山东赫达,main,19.17,0.022917817739378277,0.0,0.0278820375335122,0.0116094986807389,0.521127207079555,88,0.0159362549800796,40,75,0.0,0.0,0.0,市场情绪强，板块情绪强
2026-07-27,301528.SZ,多浦乐,chinext,45.31,0.022913180701253696,0.0,-0.0728463269899732,-0.1354703300896774,0.7132451285135303,88,0.0159362549800796,40,10,0.0,0.0,0.0,市场情绪强，板块情绪强
2026-07-27,603900.SH,莱绅通灵,main,5.2,0.02290513912951635,0.0,-0.0095238095238094,-0.0476190476190475,0.792201110923752,88,0.0159362549800796,40,75,0.0,0.0,0.0,市场情绪强，板块情绪强
2026-07-27,300873.SZ,海晨股份,chinext,15.9,0.02289884671779482,0.0,-0.0976163450624291,-0.1924834941594718,0.7667917554639141,88,0.0159362549800796,40,10,0.0,0.0,0.0,市场情绪强，板块情绪强
2026-07-27,600586.SH,金晶科技,main,3.94,0.022891905223219124,0.0,0.012853470437018,0.0025445292620864,0.8159679972602171,88,0.0159362549800796,40,75,0.0,0.0,0.0,市场情绪强，板块情绪强
2026-07-27,603138.SH,海量数据,main,11.43,0.02288871232620607,0.0,-0.0272340425531915,-0.0386879730866275,0.6457249311061751,88,0.0159362549800796,40,75,0.0,0.0,0.0,市场情绪强，板块情绪强
2026-07-27,002253.SZ,川大智胜,main,8.42,0.022884190196294327,0.0,-0.0209302325581395,-0.0827886710239651,0.7019992235043734,88,0.0159362549800796,40,75,0.0,0.0,0.0,市场情绪强，板块情绪强
2026-07-27,000723.SZ,美锦能源,main,3.49,0.0228796336211909,0.0,0.0,0.0449101796407187,0.8834476332468117,88,0.0159362549800796,40,75,0.0,0.0,0.0,市场情绪强，板块情绪强
2026-07-27,688503.SH,聚和材料,star,65.25,0.02287848508509451,0.0,-0.0886871508379887,-0.0999999999999999,0.5432072754573497,88,0.0159362549800796,40,3,0.0,0.0,0.0,市场情绪强
2026-07-27,002527.SZ,新时达,main,9.98,0.022871046448659886,0.0,-0.0089374379344587,-0.0118811881188117,0.6358044414183156,88,0.0159362549800796,40,75,0.0,0.0,0.0,市场情绪强，板块情绪强
2026-07-27,002144.SZ,宏达高科,main,9.3,0.022860163049586667,0.0,-0.0106382978723403,-0.0997095837366891,0.5798291641489165,88,0.0159362549800796,40,75,0.0,0.0,0.0,市场情绪强，板块情绪强
2026-07-27,605158.SH,华达新材,main,6.14,0.0228501862141391,0.0,-0.0112721417069243,-0.0391236306729264,0.7811014042915796,88,0.0159362549800796,40,75,0.0,0.0,0.0,市场情绪强，板块情绪强
2026-07-27,603190.SH,亚通精工,main,14.44,0.022849681630726842,0.0,-0.00960219478738,-0.0749519538757207,0.520581958409452,88,0.0159362549800796,40,75,0.0,0.0,0.0,市场情绪强，板块情绪强
2026-07-27,000921.SZ,海信家电,main,24.44,0.022847471958096943,0.0,-0.0661062285059228,-0.0239616613418529,1.836616460215834,88,0.0159362549800796,40,75,0.0,0.0,0.0,成交量放大，市场情绪强，板块情绪强
2026-07-27,688449.SH,联芸科技,star,54.53,0.022843778790114552,0.0,-0.0656271418779985,-0.0562478366216684,0.7157922301945031,88,0.0159362549800796,40,3,0.0,0.0,0.0,市场情绪强
2026-07-27,002495.SZ,佳隆股份,main,2.05,0.02283936700042333,0.0,-0.0096618357487923,-0.050925925925926,0.705388066847211,88,0.0159362549800796,40,75,0.0,0.0,0.0,市场情绪强，板块情绪强
2026-07-27,600148.SH,长春一东,main,13.94,0.022838980001470766,0.0,0.0108774474256707,-0.0292479108635097,0.7583077018233206,88,0.0159362549800796,40,75,0.0,0.0,0.0,市场情绪强，板块情绪强
2026-07-27,002179.SZ,中航光电,main,33.33,0.02283552703908844,0.0,-0.0217199882594658,0.0192660550458714,0.5324171391351975,88,0.0159362549800796,40,75,0.0,0.0,0.0,市场情绪强，板块情绪强
2026-07-27,002180.SZ,奔图科技,main,16.39,0.02282816108757393,0.0,-0.0324675324675325,0.0192786069651742,0.4923613437403866,88,0.0159362549800796,40,75,0.0,0.0,0.0,市场情绪强，板块情绪强
2026-07-27,000537.SZ,绿发电力,main,7.4,0.022821643993691642,0.0,-0.0377113133940182,-0.0093708165997321,0.7288496275523063,88,0.0159362549800796,40,75,0.0,0.0,0.0,市场情绪强，板块情绪强
2026-07-27,002790.SZ,瑞尔特,main,5.3,0.022801273504111198,0.0,0.0018903591682419,-0.0433212996389892,0.7431904152967104,88,0.0159362549800796,40,75,0.0,0.0,0.0,市场情绪强，板块情绪强
2026-07-27,002284.SZ,亚太股份,main,8.71,0.022800154935800305,0.0,-0.014705882352941,-0.014705882352941,0.6642992713010508,88,0.0159362549800796,40,75,0.0,0.0,0.0,市场情绪强，板块情绪强
2026-07-27,300818.SZ,耐普矿机,chinext,19.8,0.022796198836920075,0.0,0.2007277137659189,0.2058465286236297,0.9595321655923108,88,0.0159362549800796,40,10,0.0,0.0,0.0,短线动量强，市场情绪强，板块情绪强
2026-07-27,000573.SZ,粤宏远Ａ,main,3.41,0.02279523400836456,0.0,0.0029411764705882,-0.0580110497237569,0.6968449921252572,88,0.0159362549800796,40,75,0.0,0.0,0.0,市场情绪强，板块情绪强
2026-07-27,300572.SZ,安车检测,chinext,17.38,0.02279085490449063,0.0,0.0122306348281886,-0.0513100436681223,0.530819824923296,88,0.0159362549800796,40,10,0.0,0.0,0.0,市场情绪强，板块情绪强
2026-07-27,603070.SH,万控智造,main,10.56,0.022787258266807855,0.0,-0.0037735849056602,-0.0364963503649635,0.6293888625335199,88,0.0159362549800796,40,75,0.0,0.0,0.0,市场情绪强，板块情绪强
2026-07-27,002863.SZ,今飞凯达,main,4.08,0.02278572550472681,0.0,-0.0168674698795181,-0.04,0.8502213868467354,88,0.0159362549800796,40,75,0.0,0.0,0.0,市场情绪强，板块情绪强
2026-07-27,001335.SZ,信凯科技,main,28.58,0.02278002280927313,0.0,-0.0242403550699897,-0.0848543067563241,0.6271860211732923,88,0.0159362549800796,40,75,0.0,0.0,0.0,市场情绪强，板块情绪强
2026-07-27,002869.SZ,金溢科技,main,13.73,0.022769216349237065,0.0,-0.0007278020378457,-0.0330985915492957,0.8306149541158473,88,0.0159362549800796,40,75,0.0,0.0,0.0,市场情绪强，板块情绪强
2026-07-27,688786.SH,悦安新材,star,26.66,0.02276396704260458,0.0,-0.0461538461538461,-0.0569508312698974,0.5136343843234746,88,0.0159362549800796,40,3,0.0,0.0,0.0,市场情绪强
2026-07-27,600282.SH,南钢股份,main,4.86,0.022754257470927856,0.0,0.0340425531914894,0.0253164556962024,0.7404978962740915,88,0.0159362549800796,40,75,0.0,0.0,0.0,市场情绪强，板块情绪强
2026-07-27,600063.SH,皖维高新,main,5.45,0.022754077720250277,0.0,-0.0162454873646209,0.0263653483992467,0.6752909117857584,88,0.0159362549800796,40,75,0.0,0.0,0.0,市场情绪强，板块情绪强
2026-07-27,603103.SH,横店影视,main,13.03,0.022744387367943212,0.0,-0.0290611028315946,-0.0530523255813953,0.6995380342248981,88,0.0159362549800796,40,75,0.0,0.0,0.0,市场情绪强，板块情绪强
2026-07-27,002817.SZ,黄山胶囊,main,5.67,0.022741975857416833,0.0,-0.0104712041884817,-0.072013093289689,0.8766321434285186,88,0.0159362549800796,40,75,0.0,0.0,0.0,市场情绪强，板块情绪强
2026-07-27,603041.SH,美思德,main,9.49,0.022739315724298666,0.0,-0.016580310880829,-0.0857418111753371,0.5566750976315743,88,0.0159362549800796,40,75,0.0,0.0,0.0,市场情绪强，板块情绪强
2026-07-27,688207.SH,格灵深瞳,star,15.37,0.022733294793142338,0.0,-0.0471171729696218,-0.2201927955352614,0.6590073897550272,88,0.0159362549800796,40,3,0.0,0.0,0.0,市场情绪强
2026-07-27,600706.SH,曲江文旅,main,6.61,0.022707235989346583,0.0,-0.0045180722891565,-0.0530085959885386,0.7885590055894325,88,0.0159362549800796,40,75,0.0,0.0,0.0,市场情绪强，板块情绪强
2026-07-27,600060.SH,海信视像,main,26.5,0.02270126050497154,0.0,-0.0415913200723326,0.0291262135922329,1.0592365721792307,88,0.0159362549800796,40,75,0.0,0.0,0.0,市场情绪强，板块情绪强
2026-07-27,002313.SZ,日海智能,main,7.38,0.022700369582152616,0.0,-0.0093959731543624,-0.051413881748072,0.5376266213495607,88,0.0159362549800796,40,75,0.0,0.0,0.0,市场情绪强，板块情绪强
2026-07-27,002439.SZ,启明星辰,main,13.33,0.022696969401751713,0.0,-0.0198529411764705,0.0160060975609757,0.8517350289950677,88,0.0159362549800796,40,75,0.0,0.0,0.0,市场情绪强，板块情绪强
2026-07-27,000786.SZ,北新建材,main,19.0,0.022695705889008825,0.0,-0.0026246719160105,0.0253642741500268,0.8762943485004275,88,0.0159362549800796,40,75,0.0,0.0,0.0,市场情绪强，板块情绪强
2026-07-27,002457.SZ,青龙管业,main,9.58,0.02269303487430082,0.0,-0.047713717693837,-0.0653658536585365,0.7530309494755111,88,0.0159362549800796,40,75,0.0,0.0,0.0,市场情绪强，板块情绪强
2026-07-27,603836.SH,海程邦达,main,7.93,0.022691802189179846,0.0,0.0037974683544304,-0.0670588235294118,0.6603086183238855,88,0.0159362549800796,40,75,0.0,0.0,0.0,市场情绪强，板块情绪强
2026-07-27,002345.SZ,潮宏基,main,9.88,0.022655210283698813,0.0,-0.0030272452068617,0.0040650406504065,0.649504342059996,88,0.0159362549800796,40,75,0.0,0.0,0.0,市场情绪强，板块情绪强
2026-07-27,603117.SH,万林物流,main,3.29,0.022641251777635128,0.0,-0.0208333333333332,-0.0599999999999999,0.7371795341203482,88,0.0159362549800796,40,75,0.0,0.0,0.0,市场情绪强，板块情绪强
2026-07-27,002772.SZ,众兴菌业,main,9.3,0.022633643498165323,0.0,-0.0282131661442005,-0.087340529931305,0.6709909777126845,88,0.0159362549800796,40,75,0.0,0.0,0.0,市场情绪强，板块情绪强
2026-07-27,600751.SH,海航科技,main,2.88,0.022626104384409772,0.0,-0.0068965517241379,0.0140845070422535,0.9083638165994496,88,0.0159362549800796,40,75,0.0,0.0,0.0,市场情绪强，板块情绪强
2026-07-27,300300.SZ,海峡创新,chinext,6.78,0.02262329887739341,0.0,0.0134529147982063,0.0303951367781154,1.8327981450187387,88,0.0159362549800796,40,10,0.0,0.0,0.0,成交量放大，市场情绪强，板块情绪强
2026-07-27,603520.SH,司太立,main,8.0,0.022621001083171513,0.0,-0.077277970011534,-0.1160220994475138,0.9214973947426331,88,0.0159362549800796,40,75,0.0,0.0,0.0,市场情绪强，板块情绪强
2026-07-27,601929.SH,吉视传媒,main,2.17,0.02260754862156685,0.0,-0.0136363636363637,0.0046296296296295,0.8591533652392372,88,0.0159362549800796,40,75,0.0,0.0,0.0,市场情绪强，板块情绪强
2026-07-27,003017.SZ,大洋生物,main,19.61,0.02260118584431643,0.0,-0.0170426065162907,-0.0657455931395902,0.6098754060367532,88,0.0159362549800796,40,75,0.0,0.0,0.0,市场情绪强，板块情绪强
2026-07-27,688565.SH,力源科技,star,9.95,0.022597348965836237,0.0,0.1489607390300229,0.1436781609195403,1.182463157877996,88,0.0159362549800796,40,3,0.0,0.0,0.0,短线动量强，市场情绪强
2026-07-27,002292.SZ,奥飞娱乐,main,7.05,0.022589299664649093,0.0,-0.08203125,-0.06,0.6996743557893754,88,0.0159362549800796,40,75,0.0,0.0,0.0,市场情绪强，板块情绪强
2026-07-27,000060.SZ,中金岭南,main,6.11,0.022586573751292006,0.0,-0.017684887459807,0.0183333333333333,0.8329024719768254,88,0.0159362549800796,40,75,0.0,0.0,0.0,市场情绪强，板块情绪强
2026-07-27,002571.SZ,德力股份,main,10.35,0.022579784633002444,0.0,0.047570850202429,0.0097560975609756,0.9152882535821572,88,0.0159362549800796,40,75,0.0,0.0,0.0,市场情绪强，板块情绪强
2026-07-27,301251.SZ,威尔高,chinext,30.8,0.022576753842323334,0.0,-0.0991517987715705,-0.1227570492737111,0.6037404838534185,88,0.0159362549800796,40,10,0.0,0.0,0.0,市场情绪强，板块情绪强
2026-07-27,600689.SH,上海三毛,main,9.12,0.022568722743992777,0.0,0.0021978021978021,-0.04302203567681,0.6572866379913381,88,0.0159362549800796,40,75,0.0,0.0,0.0,市场情绪强，板块情绪强
2026-07-27,603390.SH,通达电气,main,9.01,0.022552180878860666,0.0,0.0089585666293392,-0.0217155266015202,0.7200943430590464,88,0.0159362549800796,40,75,0.0,0.0,0.0,市场情绪强，板块情绪强
2026-07-27,603229.SH,奥翔药业,main,7.27,0.02254876086974643,0.0,-0.072704081632653,-0.1024691358024691,0.7291838440341819,88,0.0159362549800796,40,75,0.0,0.0,0.0,市场情绪强，板块情绪强
2026-07-27,603198.SH,迎驾贡酒,main,34.96,0.022548309812907123,0.0,0.0037324145851278,0.0451420029895366,0.5251183801813485,88,0.0159362549800796,40,75,0.0,0.0,0.0,市场情绪强，板块情绪强
2026-07-27,002658.SZ,雪迪龙,main,7.23,0.022520905789649305,0.0,0.0284495021337127,0.0478260869565216,1.614530680451955,88,0.0159362549800796,40,75,0.0,0.0,0.0,成交量放大，市场情绪强，板块情绪强
2026-07-27,600716.SH,凤凰股份,main,3.04,0.022515665766958144,0.0,0.0033003300330034,-0.0787878787878787,0.4858343852476276,88,0.0159362549800796,40,75,0.0,0.0,0.0,市场情绪强，板块情绪强
2026-07-27,002133.SZ,广宇集团,main,2.33,0.022512047220274185,0.0,-0.0085106382978723,-0.0604838709677418,0.6757056366339526,88,0.0159362549800796,40,75,0.0,0.0,0.0,市场情绪强，板块情绪强
2026-07-27,301055.SZ,张小泉,chinext,27.68,0.022502325887034866,0.0,0.047691143073429,0.0120658135283362,0.7026979038267691,88,0.0159362549800796,40,10,0.0,0.0,0.0,市场情绪强，板块情绪强
2026-07-27,002548.SZ,金新农,main,3.76,0.02248352646921743,0.0,-0.06,-0.0806845965770171,0.999643343263627,88,0.0159362549800796,40,75,0.0,0.0,0.0,市场情绪强，板块情绪强
2026-07-27,002127.SZ,南极电商,main,2.89,0.022475217272507262,0.0,-0.0493421052631578,-0.0825396825396824,0.6115034580058849,88,0.0159362549800796,40,75,0.0,0.0,0.0,市场情绪强，板块情绪强
2026-07-27,600623.SH,华谊集团,main,8.06,0.022470417483519533,0.0,0.0075,0.0467532467532467,0.9123882230633328,88,0.0159362549800796,40,75,0.0,0.0,0.0,市场情绪强，板块情绪强
2026-07-27,600793.SH,宜宾纸业,main,12.38,0.02246623134188307,0.0,-0.0174603174603174,-0.0863468634686346,0.7392928702794151,88,0.0159362549800796,40,75,0.0,0.0,0.0,市场情绪强，板块情绪强
2026-07-27,002637.SZ,赞宇科技,main,9.21,0.022433361787919718,0.0,-0.0160256410256408,-0.0611620795107032,0.7113907753125822,88,0.0159362549800796,40,75,0.0,0.0,0.0,市场情绪强，板块情绪强
2026-07-27,600416.SH,湘电股份,main,8.6,0.022422518185319564,0.0,-0.0057803468208093,0.0213776722090262,0.6468800594011805,88,0.0159362549800796,40,75,0.0,0.0,0.0,市场情绪强，板块情绪强
2026-07-27,603556.SH,海兴电力,main,22.38,0.02241166384915349,0.0,-0.0332613390928725,-0.0698254364089775,0.6253607870234497,88,0.0159362549800796,40,75,0.0,0.0,0.0,市场情绪强，板块情绪强
2026-07-27,600860.SH,京城股份,main,7.49,0.022402158877175917,0.0,0.0013368983957218,-0.0157687253613666,0.7450581449415771,88,0.0159362549800796,40,75,0.0,0.0,0.0,市场情绪强，板块情绪强
2026-07-27,002702.SZ,海欣食品,main,4.12,0.02239395326697243,0.0,0.0,-0.0528735632183906,0.7019289873744103,88,0.0159362549800796,40,75,0.0,0.0,0.0,市场情绪强，板块情绪强
2026-07-27,000559.SZ,万向钱潮,main,10.32,0.022392353219761282,0.0,-0.0318949343339587,-0.0208728652751422,0.7383073848473515,88,0.0159362549800796,40,75,0.0,0.0,0.0,市场情绪强，板块情绪强
2026-07-27,605499.SH,东鹏饮料,main,125.82,0.02239191965729011,0.0,-0.038073394495413,0.0111709394840471,0.5805516935951458,88,0.0159362549800796,40,75,0.0,0.0,0.0,市场情绪强，板块情绪强
2026-07-27,600094.SH,大名城,main,3.57,0.02238496103050402,0.0,-0.0454545454545455,-0.0138121546961326,0.6101878817646107,88,0.0159362549800796,40,75,0.0,0.0,0.0,市场情绪强，板块情绪强
2026-07-27,001366.SZ,播恩集团,main,10.24,0.02238457145039268,0.0,-0.0038910505836574,-0.0707803992740471,0.6854039252814246,88,0.0159362549800796,40,75,0.0,0.0,0.0,市场情绪强，板块情绪强
2026-07-27,600276.SH,恒瑞医药,main,53.45,0.022365884492493913,0.0,-0.0269433824868012,0.0048881368678324,0.7898066500404245,88,0.0159362549800796,40,75,0.0,0.0,0.0,市场情绪强，板块情绪强
2026-07-27,000822.SZ,山东海化,main,4.02,0.022341903311408954,0.0,0.007518796992481,0.007518796992481,0.8975616091342026,88,0.0159362549800796,40,75,0.0,0.0,0.0,市场情绪强，板块情绪强
2026-07-27,000630.SZ,铜陵有色,main,6.01,0.022334992406725436,0.0,0.0050167224080266,0.0379965457685664,0.8822100397626661,88,0.0159362549800796,40,75,0.0,0.0,0.0,市场情绪强，板块情绪强
2026-07-27,603506.SH,南都物业,main,8.73,0.02233131566226706,0.0,-0.0135593220338982,-0.0800842992623814,0.5972858857808628,88,0.0159362549800796,40,75,0.0,0.0,0.0,市场情绪强，板块情绪强
2026-07-27,600309.SH,万华化学,main,73.75,0.0223243436232553,0.0,0.0278745644599303,0.052969731581953,0.6845014192168081,88,0.0159362549800796,40,75,0.0,0.0,0.0,市场情绪强，板块情绪强
2026-07-27,600316.SH,洪都航空,main,24.88,0.022304526508107752,0.0,-0.0386398763523956,-0.0356589147286822,1.3069443743741032,88,0.0159362549800796,40,75,0.0,0.0,0.0,市场情绪强，板块情绪强
2026-07-27,603059.SH,倍加洁,main,21.99,0.022301638236530426,0.0,-0.0147849462365592,-0.0472270363951473,0.8465920760239869,88,0.0159362549800796,40,75,0.0,0.0,0.0,市场情绪强，板块情绪强
2026-07-27,600131.SH,国网信通,main,15.06,0.022294517413980818,0.0,-0.0046265697290152,0.0680851063829788,0.6779265854364892,88,0.0159362549800796,40,75,0.0,0.0,0.0,市场情绪强，板块情绪强
2026-07-27,600100.SH,同方股份,main,6.79,0.02229311546411642,0.0,0.0149476831091179,0.057632398753894,0.698987372530385,88,0.0159362549800796,40,75,0.0,0.0,0.0,市场情绪强，板块情绪强
2026-07-27,688231.SH,隆达股份,star,25.65,0.022292132890903874,0.0,-0.0600952729937706,-0.0545521562845559,0.5563984893802018,88,0.0159362549800796,40,3,0.0,0.0,0.0,市场情绪强
2026-07-27,600350.SH,山东高速,main,11.27,0.02229078995283967,0.0,-0.0561139028475712,-0.0473372781065088,0.6237778831045038,88,0.0159362549800796,40,75,0.0,0.0,0.0,市场情绪强，板块情绪强
2026-07-27,002593.SZ,日上集团,main,4.07,0.022288385205709943,0.0,-0.012135922330097,-0.0378250591016549,0.7648727097550926,88,0.0159362549800796,40,75,0.0,0.0,0.0,市场情绪强，板块情绪强
2026-07-27,600892.SH,大晟文化,main,3.02,0.02228620680915129,0.0,-0.0194805194805195,-0.0736196319018404,0.5797272575850902,88,0.0159362549800796,40,75,0.0,0.0,0.0,市场情绪强，板块情绪强
2026-07-27,600731.SH,湖南海利,main,5.36,0.022283304243247638,0.0,0.0347490347490349,0.0113207547169811,0.8199763084744873,88,0.0159362549800796,40,75,0.0,0.0,0.0,市场情绪强，板块情绪强
2026-07-27,600433.SH,冠豪高新,main,3.13,0.022278533636759437,0.0,-0.0063492063492063,0.0262295081967214,0.8003653506856926,88,0.0159362549800796,40,75,0.0,0.0,0.0,市场情绪强，板块情绪强
2026-07-27,000158.SZ,常山北明,main,12.14,0.022277692795504234,0.0,-0.0154095701540956,0.003305785123967,0.9408661949487784,88,0.0159362549800796,40,75,0.0,0.0,0.0,市场情绪强，板块情绪强
2026-07-27,605378.SH,野马电池,main,12.48,0.02227683659626397,0.0,-0.0095238095238094,-0.0318076027928626,0.7769701007092754,88,0.0159362549800796,40,75,0.0,0.0,0.0,市场情绪强，板块情绪强
2026-07-27,002444.SZ,巨星科技,main,27.95,0.02227262272431875,0.0,-0.0598721829801547,-0.0338748703767715,1.1414259054077598,88,0.0159362549800796,40,75,0.0,0.0,0.0,市场情绪强，板块情绪强
2026-07-27,301356.SZ,天振股份,chinext,16.88,0.022269181523999163,0.0,0.0799744081893791,-0.0047169811320755,1.3120507147612317,88,0.0159362549800796,40,10,0.0,0.0,0.0,短线动量强，市场情绪强，板块情绪强
2026-07-27,688382.SH,益方生物,star,23.81,0.022268639176365793,0.0,-0.0838784147749134,0.0558758314855873,0.6211849630116433,88,0.0159362549800796,40,3,0.0,0.0,0.0,市场情绪强
2026-07-27,603098.SH,森特股份,main,9.4,0.022265281916934408,0.0,0.0162162162162162,-0.0309278350515462,0.7585790911820077,88,0.0159362549800796,40,75,0.0,0.0,0.0,市场情绪强，板块情绪强
2026-07-27,600724.SH,宁波富达,main,4.71,0.02225023612360184,0.0,0.0064102564102563,-0.0328542094455852,0.4970609487951683,88,0.0159362549800796,40,75,0.0,0.0,0.0,市场情绪强，板块情绪强
2026-07-27,603131.SH,上海沪工,main,13.57,0.022246065827095783,0.0,-0.0159535895576503,-0.0341637010676156,0.5968932255613959,88,0.0159362549800796,40,75,0.0,0.0,0.0,市场情绪强，板块情绪强
2026-07-27,600348.SH,华阳股份,main,8.58,0.022238685947647493,0.0,0.0106007067137809,0.0476190476190476,0.8072003686677931,88,0.0159362549800796,40,75,0.0,0.0,0.0,市场情绪强，板块情绪强
2026-07-27,300687.SZ,赛意信息,chinext,21.78,0.022231873092342317,0.0,0.0411089866156788,0.0036866359447005,0.8324550207802348,88,0.0159362549800796,40,10,0.0,0.0,0.0,市场情绪强，板块情绪强
2026-07-27,000680.SZ,山推股份,main,10.47,0.022230731333908325,0.0,0.0009560229445506,0.0705521472392638,0.6292141422431349,88,0.0159362549800796,40,75,0.0,0.0,0.0,市场情绪强，板块情绪强
2026-07-27,002823.SZ,凯中精密,main,11.9,0.02222481466529041,0.0,-0.0269828291087489,-0.063729346970889,0.6226087398011234,88,0.0159362549800796,40,75,0.0,0.0,0.0,市场情绪强，板块情绪强
2026-07-27,688711.SH,宏微科技,star,22.68,0.022215835974768908,0.0,-0.0924369747899159,-0.0693475584735331,0.619161362515109,88,0.0159362549800796,40,3,0.0,0.0,0.0,市场情绪强
2026-07-27,603307.SH,扬州金泉,main,21.18,0.02221255182804449,0.0,-0.0226119058606368,-0.0787298825576336,0.7935052073986933,88,0.0159362549800796,40,75,0.0,0.0,0.0,市场情绪强，板块情绪强
2026-07-27,600960.SH,渤海汽车,main,3.53,0.0222072940318941,0.0,0.0028409090909089,-0.0167130919220055,0.5586075776583511,88,0.0159362549800796,40,75,0.0,0.0,0.0,市场情绪强，板块情绪强
2026-07-27,600843.SH,上工申贝,main,6.31,0.02220091293202692,0.0,-0.0047318611987382,-0.0217054263565892,0.6940114584810689,88,0.0159362549800796,40,75,0.0,0.0,0.0,市场情绪强，板块情绪强
2026-07-27,600613.SH,神奇制药,main,4.7,0.02219821869451323,0.0,-0.0146750524109013,-0.0408163265306122,0.8677588268206778,88,0.0159362549800796,40,75,0.0,0.0,0.0,市场情绪强，板块情绪强
2026-07-27,300112.SZ,万讯自控,chinext,6.07,0.02218888286922594,0.0,-0.0926756352765321,-0.0661538461538461,0.4540356365456435,88,0.0159362549800796,40,10,0.0,0.0,0.0,市场情绪强，板块情绪强
2026-07-27,600560.SH,金自天正,main,10.1,0.022171783819618665,0.0,0.0009910802775023,-0.026036644165863,0.7840544531044711,88,0.0159362549800796,40,75,0.0,0.0,0.0,市场情绪强，板块情绪强
2026-07-27,002274.SZ,华昌化工,main,5.36,0.022155269683121714,0.0,0.0268199233716475,-0.0110701107011069,0.786315674556492,88,0.0159362549800796,40,75,0.0,0.0,0.0,市场情绪强，板块情绪强
2026-07-27,300964.SZ,本川智能,chinext,49.3,0.022153896830837544,0.0,-0.0488134285163033,-0.0596986458134656,0.5567161779694751,88,0.0159362549800796,40,10,0.0,0.0,0.0,市场情绪强，板块情绪强
2026-07-27,600977.SH,中国电影,main,12.08,0.02215139743446346,0.0,-0.0049423393739703,-0.0008271298593879,0.8971331555249159,88,0.0159362549800796,40,75,0.0,0.0,0.0,市场情绪强，板块情绪强
2026-07-27,301458.SZ,钧崴电子,chinext,34.3,0.022149258802006116,0.0,-0.0418994413407821,-0.0458970792767734,0.6101019059368149,88,0.0159362549800796,40,10,0.0,0.0,0.0,市场情绪强，板块情绪强
2026-07-27,600287.SH,苏豪时尚,main,4.11,0.02214535700346284,0.0,-0.0120192307692307,-0.0680272108843537,0.628237442614949,88,0.0159362549800796,40,75,0.0,0.0,0.0,市场情绪强，板块情绪强
2026-07-27,002074.SZ,国轩高科,main,26.85,0.02212316626825301,0.0,-0.0559071729957806,-0.0022296544035673,0.7832505121055052,88,0.0159362549800796,40,75,0.0,0.0,0.0,市场情绪强，板块情绪强
2026-07-27,000690.SZ,宝新能源,main,4.79,0.022122061544800516,0.0,-0.0264227642276422,0.0301075268817203,0.8880268500445889,88,0.0159362549800796,40,75,0.0,0.0,0.0,市场情绪强，板块情绪强
2026-07-27,603232.SH,格尔软件,main,12.92,0.022113966994088543,0.0,-0.0351008215085885,-0.0234315948601663,0.61592137834676,88,0.0159362549800796,40,75,0.0,0.0,0.0,市场情绪强，板块情绪强
2026-07-27,600339.SH,中油工程,main,3.33,0.022111489911709466,0.0,0.0121580547112463,0.0504731861198739,0.8742582607127842,88,0.0159362549800796,40,75,0.0,0.0,0.0,市场情绪强，板块情绪强
2026-07-27,002151.SZ,北斗星通,main,26.93,0.02210913159001479,0.0,-0.0309463835912198,-0.0059062384643779,0.7402020659615379,88,0.0159362549800796,40,75,0.0,0.0,0.0,市场情绪强，板块情绪强
2026-07-27,600973.SH,宝胜股份,main,5.62,0.022105212393069746,0.0,0.007168458781362,0.0407407407407407,0.853834802266323,88,0.0159362549800796,40,75,0.0,0.0,0.0,市场情绪强，板块情绪强
2026-07-27,603396.SH,金辰股份,main,22.11,0.022090177410913472,0.0,-0.0076301615798923,-0.0133868808567604,0.7102801572156707,88,0.0159362549800796,40,75,0.0,0.0,0.0,市场情绪强，板块情绪强
2026-07-27,002372.SZ,伟星新材,main,7.98,0.022079819111784204,0.0,-0.009925558312655,0.024390243902439,0.648570561738283,88,0.0159362549800796,40,75,0.0,0.0,0.0,市场情绪强，板块情绪强
2026-07-27,603037.SH,凯众股份,main,8.97,0.02207965492414178,0.0,0.0022346368715084,-0.028169014084507,0.6898148305560183,88,0.0159362549800796,40,75,0.0,0.0,0.0,市场情绪强，板块情绪强
2026-07-27,002911.SZ,佛燃能源,main,11.13,0.022075721972248413,0.0,0.0286506469500924,0.0764023210831721,1.038815678419591,88,0.0159362549800796,40,75,0.0,0.0,0.0,市场情绪强，板块情绪强
2026-07-27,300497.SZ,富祥股份,chinext,17.02,0.022059280958565887,0.0,0.0029463759575723,-0.0046783625730995,1.0915059490596213,88,0.0159362549800796,40,10,0.0,0.0,0.0,市场情绪强，板块情绪强
2026-07-27,600633.SH,浙数文化,main,10.1,0.022046669975849385,0.0,-0.0966010733452593,-0.0117416829745597,0.5370688209898516,88,0.0159362549800796,40,75,0.0,0.0,0.0,市场情绪强，板块情绪强
2026-07-27,603029.SH,天鹅股份,main,13.18,0.022044515710756094,0.0,-0.0127340823970036,-0.0605844618674269,0.5850517625764298,88,0.0159362549800796,40,75,0.0,0.0,0.0,市场情绪强，板块情绪强
2026-07-27,600099.SH,林海股份,main,7.69,0.022028499819379734,0.0,-0.0090206185567009,-0.047087980173482,0.6708099705267326,88,0.0159362549800796,40,75,0.0,0.0,0.0,市场情绪强，板块情绪强
2026-07-27,000766.SZ,通化金马,main,15.05,0.022024909023442084,0.0,-0.0856622114216282,-0.1014925373134327,0.8833746142039968,88,0.0159362549800796,40,75,0.0,0.0,0.0,市场情绪强，板块情绪强
2026-07-27,603939.SH,益丰药房,main,21.78,0.022018262064694517,0.0,0.005540166204986,0.0456072971675469,0.4795454930331514,88,0.0159362549800796,40,75,0.0,0.0,0.0,市场情绪强，板块情绪强
2026-07-27,000809.SZ,和展能源,main,2.91,0.022014377803769965,0.0,0.0104166666666667,-0.0267558528428093,0.7063110796760992,88,0.0159362549800796,40,75,0.0,0.0,0.0,市场情绪强，板块情绪强
2026-07-27,603599.SH,广信股份,main,10.26,0.022009684177408846,0.0,0.0158415841584158,0.0280561122244489,0.675633403694824,88,0.0159362549800796,40,75,0.0,0.0,0.0,市场情绪强，板块情绪强
2026-07-27,000525.SZ,红太阳,main,4.36,0.022004871499545074,0.0,0.0506024096385542,0.0405727923627685,1.214990888582257,88,0.0159362549800796,40,75,0.0,0.0,0.0,短线动量强，市场情绪强，板块情绪强
2026-07-27,601106.SH,中国一重,main,2.91,0.02199210587744373,0.0,0.0069204152249136,0.043010752688172,0.9230330485541374,88,0.0159362549800796,40,75,0.0,0.0,0.0,市场情绪强，板块情绪强
2026-07-27,600764.SH,中国海防,main,18.18,0.02198909338245698,0.0,0.0358974358974357,0.0600583090379009,1.4539774281142113,88,0.0159362549800796,40,75,0.0,0.0,0.0,市场情绪强，板块情绪强
2026-07-27,002773.SZ,康弘药业,main,20.98,0.021981767787643873,0.0,-0.0716814159292036,-0.0480943738656987,0.6034184107669552,88,0.0159362549800796,40,75,0.0,0.0,0.0,市场情绪强，板块情绪强
2026-07-27,300819.SZ,聚杰微纤,chinext,43.07,0.02197007921069541,0.0,-0.051530499889892,-0.1030820491461891,0.5885520803376685,88,0.0159362549800796,40,10,0.0,0.0,0.0,市场情绪强，板块情绪强
2026-07-27,300394.SZ,天孚通信,chinext,203.41,0.021966973834730265,0.0,-0.1194372294372294,-0.0376590812319629,0.5977409261884412,88,0.0159362549800796,40,10,0.0,0.0,0.0,市场情绪强，板块情绪强
2026-07-27,688181.SH,八亿时空,star,36.6,0.021966129665660993,0.0,-0.0710659898477156,-0.047371160853722,0.5270916345281482,88,0.0159362549800796,40,3,0.0,0.0,0.0,市场情绪强
2026-07-27,002459.SZ,晶澳科技,main,7.02,0.021965840797188153,0.0,-0.0126582278481013,0.0086206896551723,0.9787653723020544,88,0.0159362549800796,40,75,0.0,0.0,0.0,市场情绪强，板块情绪强
2026-07-27,002603.SZ,以岭药业,main,16.4,0.02196418857308544,0.0,-0.0492753623188406,-0.0060606060606061,0.5623170472005519,88,0.0159362549800796,40,75,0.0,0.0,0.0,市场情绪强，板块情绪强
2026-07-27,688333.SH,铂力特,star,81.91,0.021962613195208314,0.0,-0.189009900990099,-0.1739612747075434,0.8713083952741519,88,0.0159362549800796,40,3,0.0,0.0,0.0,市场情绪强
2026-07-27,603402.SH,陕西旅游,main,60.38,0.021955283688425576,0.0,0.0071726438698915,0.0033233632436024,0.7571004336196341,88,0.0159362549800796,40,75,0.0,0.0,0.0,市场情绪强，板块情绪强
2026-07-27,600444.SH,国机通用,main,12.07,0.021941815511408367,0.0,-0.009031198686371,-0.0413026211278791,0.6314057816976318,88,0.0159362549800796,40,75,0.0,0.0,0.0,市场情绪强，板块情绪强
2026-07-27,601858.SH,中国科传,main,17.13,0.02193433989211381,0.0,-0.0098265895953758,0.005281690140845,0.930447234582474,88,0.0159362549800796,40,75,0.0,0.0,0.0,市场情绪强，板块情绪强
2026-07-27,001380.SZ,华纬科技,main,15.04,0.0219265233973764,0.0,-0.0588235294117648,-0.06,0.5683307811202862,88,0.0159362549800796,40,75,0.0,0.0,0.0,市场情绪强，板块情绪强
2026-07-27,002846.SZ,英联股份,main,9.1,0.021918435163413675,0.0,-0.008714596949891,-0.0451206715634837,0.5358825902914934,88,0.0159362549800796,40,75,0.0,0.0,0.0,市场情绪强，板块情绪强
2026-07-27,603917.SH,合力科技,main,10.59,0.021915676698008802,0.0,-0.0502242152466367,-0.1100840336134454,0.4382044347380762,88,0.0159362549800796,40,75,0.0,0.0,0.0,市场情绪强，板块情绪强
2026-07-27,000972.SZ,中基健康,main,3.36,0.021912287960693586,0.0,-0.0059171597633136,-0.04,0.9878157515962632,88,0.0159362549800796,40,75,0.0,0.0,0.0,市场情绪强，板块情绪强
2026-07-27,601012.SH,隆基绿能,main,12.42,0.021911494135875825,0.0,0.0410729253981558,0.0570212765957447,0.7218624951897773,88,0.0159362549800796,40,75,0.0,0.0,0.0,市场情绪强，板块情绪强
2026-07-27,002125.SZ,湘潭电化,main,11.54,0.02190289272660655,0.0,-0.072347266881029,-0.0302521008403362,0.8210663981487568,88,0.0159362549800796,40,75,0.0,0.0,0.0,市场情绪强，板块情绪强
2026-07-27,300308.SZ,中际旭创,chinext,1046.51,0.021884184580367737,0.0,-0.0792222075579605,0.0684560880485165,0.6050505767239032,88,0.0159362549800796,40,10,0.0,0.0,0.0,市场情绪强，板块情绪强
2026-07-27,601100.SH,恒立液压,main,106.79,0.02187925976104571,0.0,0.0022524636320977,0.0316877596367501,0.8207131574193169,88,0.0159362549800796,40,75,0.0,0.0,0.0,市场情绪强，板块情绪强
2026-07-27,000937.SZ,冀中能源,main,4.8,0.021870072230231272,0.0,0.0278372591006423,0.0690423162583517,1.064226279849093,88,0.0159362549800796,40,75,0.0,0.0,0.0,市场情绪强，板块情绪强
2026-07-27,300739.SZ,明阳电路,chinext,20.88,0.02186978925855687,0.0,-0.0364559298569452,-0.0422018348623853,0.6485522981875079,88,0.0159362549800796,40,10,0.0,0.0,0.0,市场情绪强，板块情绪强
2026-07-27,002266.SZ,浙富控股,main,4.42,0.02185209138746334,0.0,-0.0328227571115974,-0.0155902004454343,0.9225872500777564,88,0.0159362549800796,40,75,0.0,0.0,0.0,市场情绪强，板块情绪强
2026-07-27,605033.SH,美邦股份,main,16.28,0.021847842685589692,0.0,0.0049382716049384,-0.0479532163742689,0.6429207295613109,88,0.0159362549800796,40,75,0.0,0.0,0.0,市场情绪强，板块情绪强
2026-07-27,001333.SZ,光华股份,main,17.17,0.02184232421455868,0.0,-0.0052143684820393,-0.0524282560706401,0.5696684245345224,88,0.0159362549800796,40,75,0.0,0.0,0.0,市场情绪强，板块情绪强
2026-07-27,603755.SH,日辰股份,main,20.1,0.021840230832821637,0.0,-0.0387374461979913,-0.1022778025904421,0.7613397125833071,88,0.0159362549800796,40,75,0.0,0.0,0.0,市场情绪强，板块情绪强
2026-07-27,000545.SZ,金浦钛业,main,2.38,0.02183985962051342,0.0,-0.0083333333333333,-0.0325203252032521,0.8512957464999416,88,0.0159362549800796,40,75,0.0,0.0,0.0,市场情绪强，板块情绪强
2026-07-27,002981.SZ,朝阳科技,main,22.03,0.021831839657577148,0.0,0.0381715362865222,0.054066985645933,0.7052729484989587,88,0.0159362549800796,40,75,0.0,0.0,0.0,市场情绪强，板块情绪强
2026-07-27,002415.SZ,海康威视,main,35.49,0.02182975244028775,0.0,0.0108231273141556,0.0705882352941178,0.7472829896803371,88,0.0159362549800796,40,75,0.0,0.0,0.0,市场情绪强，板块情绪强
2026-07-27,001233.SZ,海安集团,main,42.35,0.021827467628401848,0.0,0.0377358490566037,0.0163186945044395,0.5950688421626391,88,0.0159362549800796,40,75,0.0,0.0,0.0,市场情绪强，板块情绪强
2026-07-27,301577.SZ,美信科技,chinext,51.25,0.021826618882023415,0.0,0.0534429599177801,0.0569189523613116,0.6211669340102288,88,0.0159362549800796,40,10,0.0,0.0,0.0,短线动量强，市场情绪强，板块情绪强
2026-07-27,600712.SH,南宁百货,main,4.42,0.021815083063420324,0.0,-0.0045045045045045,-0.0535331905781584,0.6757342218515855,88,0.0159362549800796,40,75,0.0,0.0,0.0,市场情绪强，板块情绪强
2026-07-27,000678.SZ,襄阳轴承,main,7.66,0.021811344445297726,0.0,-0.0116129032258064,-0.0266836086404066,0.6318959223535883,88,0.0159362549800796,40,75,0.0,0.0,0.0,市场情绪强，板块情绪强
2026-07-27,600686.SH,金龙汽车,main,10.5,0.021808326524023567,0.0,-0.004739336492891,0.0135135135135135,0.7342548770044812,88,0.0159362549800796,40,75,0.0,0.0,0.0,市场情绪强，板块情绪强
2026-07-27,001396.SZ,誉帆科技,main,30.75,0.021798533116961196,0.0,0.0055591890124264,-0.0077444336882864,0.5630861818885753,88,0.0159362549800796,40,75,0.0,0.0,0.0,市场情绪强，板块情绪强
2026-07-27,605050.SH,福然德,main,10.22,0.021796978866948452,0.0,0.0312815338042382,0.0068965517241379,0.986096835129953,88,0.0159362549800796,40,75,0.0,0.0,0.0,市场情绪强，板块情绪强
2026-07-27,603337.SH,杰克科技,main,37.78,0.021796358261676668,0.0,-0.0629960317460317,0.0050545357807927,0.399814491449689,88,0.0159362549800796,40,75,0.0,0.0,0.0,市场情绪强，板块情绪强
2026-07-27,001237.SZ,惠康科技,main,51.25,0.02179185616220144,0.0,-0.032105760151086,-0.0615271928218275,0.8211866316456261,88,0.0159362549800796,40,75,0.0,0.0,0.0,市场情绪强，板块情绪强
2026-07-27,600685.SH,中船防务,main,25.74,0.021761886410310405,0.0,0.0169893322797314,0.0519002860645687,1.1122680811938557,88,0.0159362549800796,40,75,0.0,0.0,0.0,市场情绪强，板块情绪强
2026-07-27,600645.SH,中源协和,main,17.8,0.021760010965695013,0.0,-0.0230515916575191,-0.0028011204481792,0.8177469027035726,88,0.0159362549800796,40,75,0.0,0.0,0.0,市场情绪强，板块情绪强
2026-07-27,600809.SH,山西汾酒,main,120.56,0.021745243377930063,0.0,-0.0043769097365595,0.0371644872677219,0.5883298953360012,88,0.0159362549800796,40,75,0.0,0.0,0.0,市场情绪强，板块情绪强
2026-07-27,603370.SH,华新精科,main,31.19,0.021734595910564754,0.0,-0.1027042577675487,-0.084800469483568,0.6837641656829582,88,0.0159362549800796,40,75,0.0,0.0,0.0,市场情绪强，板块情绪强
2026-07-27,002177.SZ,御银股份,main,5.14,0.021720851203985616,0.0,-0.0392523364485981,0.0158102766798418,0.619534064396567,88,0.0159362549800796,40,75,0.0,0.0,0.0,市场情绪强，板块情绪强
2026-07-27,600358.SH,国旅联合,main,4.84,0.02171894669836929,0.0,-0.0102249488752556,-0.0358565737051792,0.6566748864607097,88,0.0159362549800796,40,75,0.0,0.0,0.0,市场情绪强，板块情绪强
2026-07-27,002877.SZ,智能自控,main,6.59,0.021711429159877896,0.0,-0.0075301204819276,-0.0435413642960812,0.5786432465393863,88,0.0159362549800796,40,75,0.0,0.0,0.0,市场情绪强，板块情绪强
2026-07-27,603598.SH,引力传媒,main,14.62,0.021706822830981302,0.0,-0.0394218134034166,-0.0298606502986066,0.7017110956885805,88,0.0159362549800796,40,75,0.0,0.0,0.0,市场情绪强，板块情绪强
2026-07-27,002997.SZ,瑞鹄模具,main,25.16,0.02170196367541471,0.0,-0.0137201097608781,-0.0206305955624757,0.6697716084904496,88,0.0159362549800796,40,75,0.0,0.0,0.0,市场情绪强，板块情绪强
2026-07-27,600650.SH,锦江在线,main,9.7,0.021700545225096932,0.0,-0.0132248219735504,-0.0386521308225966,0.8332436239957738,88,0.0159362549800796,40,75,0.0,0.0,0.0,市场情绪强，板块情绪强
2026-07-27,000738.SZ,航发控制,main,17.69,0.021683686438258052,0.0,0.0308857808857809,0.0695284159613061,0.8656268383289822,88,0.0159362549800796,40,75,0.0,0.0,0.0,市场情绪强，板块情绪强
2026-07-27,601777.SH,千里科技,main,7.29,0.02168092349101763,0.0,-0.0148648648648649,0.031117397454031,0.622015970041287,88,0.0159362549800796,40,75,0.0,0.0,0.0,市场情绪强，板块情绪强
2026-07-27,002833.SZ,弘亚数控,main,16.15,0.021678066581379277,0.0,0.0062305295950153,0.0037290242386573,0.6098416149781707,88,0.0159362549800796,40,75,0.0,0.0,0.0,市场情绪强，板块情绪强
2026-07-27,601225.SH,陕西煤业,main,24.7,0.02167681966467508,0.0,0.0300250208507089,0.0164609053497941,0.5946645423861899,88,0.0159362549800796,40,75,0.0,0.0,0.0,市场情绪强，板块情绪强
2026-07-27,002480.SZ,新筑股份,main,5.23,0.021671575539618376,0.0,0.0356435643564356,0.0135658914728682,0.7391190521892788,88,0.0159362549800796,40,75,0.0,0.0,0.0,市场情绪强，板块情绪强
2026-07-27,600478.SH,科力远,main,4.63,0.021660731330777745,0.0,-0.0169851380042462,0.0198237885462555,0.8947702200176121,88,0.0159362549800796,40,75,0.0,0.0,0.0,市场情绪强，板块情绪强
2026-07-27,002130.SZ,沃尔核材,main,15.48,0.021657233938695994,0.0,-0.0146403564608529,0.0157480314960629,0.7697337642196457,88,0.0159362549800796,40,75,0.0,0.0,0.0,市场情绪强，板块情绪强
2026-07-27,688796.SH,百奥赛图,star,127.75,0.02165555548252113,0.0,0.0645833333333334,0.0918803418803417,0.7790048163047214,88,0.0159362549800796,40,3,0.0,0.0,0.0,短线动量强，市场情绪强
2026-07-27,000605.SZ,渤海股份,main,5.17,0.021654671876949767,0.0,-0.0208333333333333,-0.0684684684684684,0.6008899194986487,88,0.0159362549800796,40,75,0.0,0.0,0.0,市场情绪强，板块情绪强
2026-07-27,002587.SZ,奥拓电子,main,5.03,0.021652849387394337,0.0,-0.0289575289575289,-0.0509433962264149,0.6707189090126142,88,0.0159362549800796,40,75,0.0,0.0,0.0,市场情绪强，板块情绪强
2026-07-27,002248.SZ,华东数控,main,7.83,0.02165277616462341,0.0,-0.0101137800252845,-0.0261194029850745,0.5755346208212696,88,0.0159362549800796,40,75,0.0,0.0,0.0,市场情绪强，板块情绪强
2026-07-27,001217.SZ,华尔泰,main,8.61,0.021635477538164007,0.0,0.0225653206650831,0.0070175438596489,0.8626474204937568,88,0.0159362549800796,40,75,0.0,0.0,0.0,市场情绪强，板块情绪强
2026-07-27,002657.SZ,中科金财,main,13.28,0.02161740416524414,0.0,-0.0521056388294075,-0.0521056388294075,0.6316311089063662,88,0.0159362549800796,40,75,0.0,0.0,0.0,市场情绪强，板块情绪强
2026-07-27,002712.SZ,思美传媒,main,4.01,0.021614132775950416,0.0,-0.0429594272076373,-0.0542452830188679,0.705950776349022,88,0.0159362549800796,40,75,0.0,0.0,0.0,市场情绪强，板块情绪强
2026-07-27,002666.SZ,德联集团,main,3.75,0.021608940609139954,0.0,-0.013157894736842,-0.0359897172236504,0.6767676329444986,88,0.0159362549800796,40,75,0.0,0.0,0.0,市场情绪强，板块情绪强
2026-07-27,603579.SH,荣泰健康,main,16.3,0.021588818093839047,0.0,-0.0042761148442272,-0.0297619047619047,0.8137672379538647,88,0.0159362549800796,40,75,0.0,0.0,0.0,市场情绪强，板块情绪强
2026-07-27,603677.SH,奇精机械,main,12.32,0.021585367090523087,0.0,-0.088757396449704,-0.135438596491228,0.5139460766595949,88,0.0159362549800796,40,75,0.0,0.0,0.0,市场情绪强，板块情绪强
2026-07-27,603797.SH,联泰环保,main,3.72,0.0215776820896811,0.0,0.0,-0.0461538461538461,0.8745469679842715,88,0.0159362549800796,40,75,0.0,0.0,0.0,市场情绪强，板块情绪强
2026-07-27,002427.SZ,尤夫股份,main,3.89,0.021569043725555983,0.0,-0.0126903553299492,-0.0465686274509803,0.8990114457560079,88,0.0159362549800796,40,75,0.0,0.0,0.0,市场情绪强，板块情绪强
2026-07-27,002553.SZ,南方精工,main,14.01,0.021552354084525466,0.0,-0.0182200420462508,-0.0357880247763248,0.7580167160804628,88,0.0159362549800796,40,75,0.0,0.0,0.0,市场情绪强，板块情绪强
2026-07-27,002017.SZ,东信和平,main,12.3,0.02155152297746847,0.0,-0.042056074766355,-0.0072639225181597,0.7172478967035013,88,0.0159362549800796,40,75,0.0,0.0,0.0,市场情绪强，板块情绪强
2026-07-27,301446.SZ,福事特,chinext,30.82,0.02154865328769762,0.0,0.034228187919463,0.043331076506432,1.0769397848354396,88,0.0159362549800796,40,10,0.0,0.0,0.0,市场情绪强，板块情绪强
2026-07-27,001324.SZ,长青科技,main,17.82,0.021541643130987387,0.0,0.013651877133106,-0.0127423822714681,0.5546156017881915,88,0.0159362549800796,40,75,0.0,0.0,0.0,市场情绪强，板块情绪强
2026-07-27,002786.SZ,银宝山新,main,7.0,0.02153944739093105,0.0,-0.0450204638472032,-0.0897269180754226,0.5981848545777911,88,0.0159362549800796,40,75,0.0,0.0,0.0,市场情绪强，板块情绪强
2026-07-27,002221.SZ,东华能源,main,5.25,0.021536355592171322,0.0,-0.0094339622641509,-0.0094339622641509,1.012053587252551,88,0.0159362549800796,40,75,0.0,0.0,0.0,市场情绪强，板块情绪强
2026-07-27,300571.SZ,平治信息,chinext,30.28,0.02153434687336258,0.0,-0.0036196117143797,0.0267887419464225,0.6097009187739579,88,0.0159362549800796,40,10,0.0,0.0,0.0,市场情绪强，板块情绪强
2026-07-27,002178.SZ,延华智能,main,4.14,0.021527775657731715,0.0,-0.0095693779904306,-0.0166270783847981,0.7186097080231877,88,0.0159362549800796,40,75,0.0,0.0,0.0,市场情绪强，板块情绪强
2026-07-27,600371.SH,万向德农,main,6.26,0.021523830882697586,0.0,-0.009493670886076,-0.0586466165413535,0.8717024994886811,88,0.0159362549800796,40,75,0.0,0.0,0.0,市场情绪强，板块情绪强
2026-07-27,600657.SH,信达地产,main,2.36,0.021517784685229416,0.0,-0.0042194092827004,-0.0207468879668051,0.8523398966454943,88,0.0159362549800796,40,75,0.0,0.0,0.0,市场情绪强，板块情绪强
2026-07-27,605369.SH,拱东医疗,main,15.18,0.021501477613406324,0.0,-0.0130039011703512,-0.0827794561933535,0.5708629069435688,88,0.0159362549800796,40,75,0.0,0.0,0.0,市场情绪强，板块情绪强
2026-07-27,688068.SH,热景生物,star,109.76,0.021490540650871217,0.0,-0.1655770107951952,-0.1374459724950884,1.176575755668974,88,0.0159362549800796,40,3,0.0,0.0,0.0,市场情绪强
2026-07-27,603968.SH,醋化股份,main,8.98,0.02147957196387801,0.0,0.0112612612612612,-0.0344086021505376,0.7022382192521252,88,0.0159362549800796,40,75,0.0,0.0,0.0,市场情绪强，板块情绪强
2026-07-27,002166.SZ,莱茵生物,main,6.25,0.021476450574761496,0.0,-0.0157480314960629,-0.0713224368499257,0.6506620393597206,88,0.0159362549800796,40,75,0.0,0.0,0.0,市场情绪强，板块情绪强
2026-07-27,600708.SH,光明地产,main,2.91,0.02147558770443667,0.0,-0.0034246575342464,-0.0490196078431371,0.3941803217919373,88,0.0159362549800796,40,75,0.0,0.0,0.0,市场情绪强，板块情绪强
2026-07-27,001299.SZ,美能能源,main,9.19,0.021443387114392053,0.0,0.0032751091703056,-0.0612870275791623,0.4714110116722537,88,0.0159362549800796,40,75,0.0,0.0,0.0,市场情绪强，板块情绪强
2026-07-27,600075.SH,新疆天业,main,4.47,0.02144142789801812,0.0,0.0347222222222221,0.0468384074941452,0.8395284346905718,88,0.0159362549800796,40,75,0.0,0.0,0.0,市场情绪强，板块情绪强
2026-07-27,603393.SH,新天然气,main,25.18,0.021426310588302622,0.0,0.0260798696006521,0.0413564929693961,0.8021975311713826,88,0.0159362549800796,40,75,0.0,0.0,0.0,市场情绪强，板块情绪强
2026-07-27,600748.SH,上实发展,main,3.36,0.021425374446963342,0.0,-0.0175438596491228,-0.0317002881844381,0.8869518565587163,88,0.0159362549800796,40,75,0.0,0.0,0.0,市场情绪强，板块情绪强
2026-07-27,000612.SZ,焦作万方,main,10.41,0.021407592661339268,0.0,-0.0298229263746505,0.011661807580175,0.9519927575350866,88,0.0159362549800796,40,75,0.0,0.0,0.0,市场情绪强，板块情绪强
2026-07-27,002825.SZ,纳尔股份,main,7.52,0.02140557875068277,0.0,-0.0169934640522876,-0.0444726810673443,0.7697647022909102,88,0.0159362549800796,40,75,0.0,0.0,0.0,市场情绪强，板块情绪强
2026-07-27,688500.SH,慧辰股份,star,31.29,0.021399924414089912,0.0,0.0354070152217074,-0.0885522866297698,0.6447979835917552,88,0.0159362549800796,40,3,0.0,0.0,0.0,市场情绪强
2026-07-27,603901.SH,永创智能,main,8.61,0.02138729940619642,0.0,-0.0314960629921261,-0.0751879699248121,0.585643252448748,88,0.0159362549800796,40,75,0.0,0.0,0.0,市场情绪强，板块情绪强
2026-07-27,600725.SH,云维股份,main,3.12,0.02138564359755672,0.0,0.0129870129870131,0.0,0.9911993275237676,88,0.0159362549800796,40,75,0.0,0.0,0.0,市场情绪强，板块情绪强
2026-07-27,002523.SZ,天桥起重,main,3.16,0.021385005374457203,0.0,-0.0216718266253869,-0.0246913580246913,0.9369424369769068,88,0.0159362549800796,40,75,0.0,0.0,0.0,市场情绪强，板块情绪强
2026-07-27,603088.SH,宁波精达,main,8.37,0.021362559986849865,0.0,-0.0176056338028169,-0.041237113402062,0.6315174710739974,88,0.0159362549800796,40,75,0.0,0.0,0.0,市场情绪强，板块情绪强
2026-07-27,000008.SZ,神州高铁,main,2.28,0.021359242652438295,0.0,0.0,-0.0043668122270743,0.6705448687625855,88,0.0159362549800796,40,75,0.0,0.0,0.0,市场情绪强，板块情绪强
2026-07-27,002714.SZ,牧原股份,main,38.68,0.021341998118860464,0.0,-0.0187721968543886,-0.0288727090133065,0.6247693078198469,88,0.0159362549800796,40,75,0.0,0.0,0.0,市场情绪强，板块情绪强
2026-07-27,301071.SZ,力量钻石,chinext,58.5,0.02133107378873349,0.0,-0.0395665736332293,-0.0699523052464228,0.5835071684448139,88,0.0159362549800796,40,10,0.0,0.0,0.0,市场情绪强，板块情绪强
2026-07-27,600395.SH,盘江股份,main,4.67,0.02132966219373736,0.0,0.0064655172413794,0.019650655021834,0.9436507492272992,88,0.0159362549800796,40,75,0.0,0.0,0.0,市场情绪强，板块情绪强
2026-07-27,600048.SH,保利发展,main,4.95,0.021329042324829284,0.0,-0.0119760479041914,0.0185185185185183,0.9490208600670512,88,0.0159362549800796,40,75,0.0,0.0,0.0,市场情绪强，板块情绪强
2026-07-27,002613.SZ,北玻股份,main,3.0,0.021323291868023096,0.0,-0.0163934426229507,-0.0415335463258785,0.7327186071317585,88,0.0159362549800796,40,75,0.0,0.0,0.0,市场情绪强，板块情绪强
2026-07-27,002445.SZ,中南文化,main,2.79,0.02131896555152617,0.0,0.0333333333333332,0.0528301886792452,0.7962027897559041,88,0.0159362549800796,40,75,0.0,0.0,0.0,市场情绪强，板块情绪强
2026-07-27,688017.SH,绿的谐波,star,295.3,0.021313206650811992,0.0,-0.0960019592236576,-0.0944495553511193,0.6669222398123827,88,0.0159362549800796,40,3,0.0,0.0,0.0,市场情绪强
2026-07-27,002973.SZ,侨银股份,main,9.01,0.02130483509442448,0.0,-0.0332618025751073,-0.1043737574552684,0.6156839159812401,88,0.0159362549800796,40,75,0.0,0.0,0.0,市场情绪强，板块情绪强
2026-07-27,001311.SZ,多利科技,main,14.23,0.021283804926789454,0.0,-0.0365605958023018,-0.0699346405228757,0.7192299940015799,88,0.0159362549800796,40,75,0.0,0.0,0.0,市场情绪强，板块情绪强
2026-07-27,603889.SH,新澳股份,main,5.55,0.021281069299621366,0.0,0.0393258426966292,0.0296846011131726,0.949229261056668,88,0.0159362549800796,40,75,0.0,0.0,0.0,市场情绪强，板块情绪强
2026-07-27,002550.SZ,千红制药,main,6.48,0.02127972038210816,0.0,-0.0414201183431951,-0.0255639097744361,0.7204549563077508,88,0.0159362549800796,40,75,0.0,0.0,0.0,市场情绪强，板块情绪强
2026-07-27,000617.SZ,中油资本,main,6.83,0.02127775346774141,0.0,-0.027065527065527,0.0286144578313254,0.8797114338450853,88,0.0159362549800796,40,75,0.0,0.0,0.0,市场情绪强，板块情绪强
2026-07-27,600839.SH,四川长虹,main,6.6,0.02127401342502836,0.0,-0.0557939914163091,-0.0420899854862119,0.9272977963767228,88,0.0159362549800796,40,75,0.0,0.0,0.0,市场情绪强，板块情绪强
2026-07-27,002862.SZ,实丰文化,main,11.79,0.021270714680214853,0.0,-0.0133891213389121,-0.0491935483870968,0.6346396441654586,88,0.0159362549800796,40,75,0.0,0.0,0.0,市场情绪强，板块情绪强
2026-07-27,603096.SH,新经典,main,13.02,0.021262294527604267,0.0,-0.0210526315789474,-0.0659971305595409,0.6516603454808285,88,0.0159362549800796,40,75,0.0,0.0,0.0,市场情绪强，板块情绪强
2026-07-27,002212.SZ,天融信,main,5.34,0.02125206443748706,0.0,-0.036101083032491,0.0132827324478179,0.7933840766363373,88,0.0159362549800796,40,75,0.0,0.0,0.0,市场情绪强，板块情绪强
2026-07-27,002840.SZ,华统股份,main,7.08,0.021249892477635687,0.0,-0.0380434782608696,-0.0757180156657963,0.9699761031636016,88,0.0159362549800796,40,75,0.0,0.0,0.0,市场情绪强，板块情绪强
2026-07-27,002942.SZ,新农股份,main,13.47,0.021248968175578226,0.0,-0.0260303687635574,-0.0652324774462178,0.7549255952395796,88,0.0159362549800796,40,75,0.0,0.0,0.0,市场情绪强，板块情绪强
2026-07-27,603075.SH,热威股份,main,18.45,0.021248918900684477,0.0,-0.1774409273294694,-0.1900790166812994,0.5969047318473573,88,0.0159362549800796,40,75,0.0,0.0,0.0,市场情绪强，板块情绪强
2026-07-27,600288.SH,大恒科技,main,9.62,0.021246143329143374,0.0,-0.0651117589893099,-0.231629392971246,0.7052734686321466,88,0.0159362549800796,40,75,0.0,0.0,0.0,市场情绪强，板块情绪强
2026-07-27,300234.SZ,开尔新材,chinext,6.56,0.021246056553818893,0.0,-0.0574712643678161,-0.2038834951456311,0.4499078901984196,88,0.0159362549800796,40,10,0.0,0.0,0.0,市场情绪强，板块情绪强
2026-07-27,001202.SZ,炬申股份,main,13.79,0.021245678725011482,0.0,0.053475935828877,-0.0007246376811594,0.2332910695314222,88,0.0159362549800796,40,75,0.0,0.0,0.0,短线动量强，市场情绪强，板块情绪强
2026-07-27,688458.SH,美芯晟,star,32.51,0.021243957394589185,0.0,-0.0015356265356266,-0.0286824021511802,0.689709101138989,88,0.0159362549800796,40,3,0.0,0.0,0.0,市场情绪强
2026-07-27,002632.SZ,道明光学,main,7.61,0.021241338087143576,0.0,-0.113053613053613,-0.2813975448536354,0.7167742234398411,88,0.0159362549800796,40,75,0.0,0.0,0.0,市场情绪强，板块情绪强
2026-07-27,301313.SZ,凡拓数创,chinext,31.4,0.021237619186323407,0.0,-0.0344403444034441,-0.0598802395209581,0.7008188934589086,88,0.0159362549800796,40,10,0.0,0.0,0.0,市场情绪强，板块情绪强
2026-07-27,603439.SH,三力制药,main,9.68,0.02122476959067282,0.0,-0.0444225074037513,-0.1159817351598173,0.5745324965571776,88,0.0159362549800796,40,75,0.0,0.0,0.0,市场情绪强，板块情绪强
2026-07-27,601155.SH,新城控股,main,10.98,0.021217349948967474,0.0,0.0082644628099173,-0.0152466367713004,0.5357686122927112,88,0.0159362549800796,40,75,0.0,0.0,0.0,市场情绪强，板块情绪强
2026-07-27,002676.SZ,顺威股份,main,4.52,0.02121086966373901,0.0,-0.027956989247312,-0.0300429184549357,0.7349790496219616,88,0.0159362549800796,40,75,0.0,0.0,0.0,市场情绪强，板块情绪强
2026-07-27,002057.SZ,中钢天源,main,7.61,0.021208950139252232,0.0,-0.0342639593908629,-0.026854219948849,0.7150711485189218,88,0.0159362549800796,40,75,0.0,0.0,0.0,市场情绪强，板块情绪强
2026-07-27,603206.SH,嘉环科技,main,12.58,0.021208092819405545,0.0,-0.011783189316575,-0.029320987654321,0.620341759189822,88,0.0159362549800796,40,75,0.0,0.0,0.0,市场情绪强，板块情绪强
2026-07-27,300731.SZ,科创新源,chinext,34.97,0.021205395493507816,0.0,-0.0694518360830228,-0.0973154362416107,0.5870554652525677,88,0.0159362549800796,40,10,0.0,0.0,0.0,市场情绪强，板块情绪强
2026-07-27,002766.SZ,索菱股份,main,3.44,0.021192459195502365,0.0,-0.0444444444444445,-0.1269035532994924,0.4589575435964008,88,0.0159362549800796,40,75,0.0,0.0,0.0,市场情绪强，板块情绪强
2026-07-27,300515.SZ,三德科技,chinext,15.13,0.021177028347425284,0.0,-0.0369191597708465,0.2221324717285944,0.9259616427375086,88,0.0159362549800796,40,10,1.0,0.0,0.0,市场情绪强，板块情绪强，近5日触板记忆
2026-07-27,601865.SH,福莱特,main,9.4,0.021170616939007587,0.0,0.007502679528403,0.0444444444444445,0.7330148418577542,88,0.0159362549800796,40,75,0.0,0.0,0.0,市场情绪强，板块情绪强
2026-07-27,600740.SH,山西焦化,main,3.45,0.02116865634179559,0.0,-0.0057636887608069,0.0058309037900874,0.9458018039451872,88,0.0159362549800796,40,75,0.0,0.0,0.0,市场情绪强，板块情绪强
2026-07-27,605138.SH,盛泰集团,main,5.2,0.02116370124666297,0.0,0.019607843137255,-0.0280373831775699,0.6974879430631643,88,0.0159362549800796,40,75,0.0,0.0,0.0,市场情绪强，板块情绪强
2026-07-27,600313.SH,农发种业,main,5.42,0.0211505073321122,0.0,0.018796992481203,0.0226415094339622,1.161982502051241,88,0.0159362549800796,40,75,0.0,0.0,0.0,市场情绪强，板块情绪强
2026-07-27,002624.SZ,完美世界,main,9.61,0.021145130877158306,0.0,-0.106046511627907,-0.0890995260663508,1.081661239356529,88,0.0159362549800796,40,75,0.0,0.0,0.0,市场情绪强，板块情绪强
2026-07-27,300863.SZ,卡倍亿,chinext,35.19,0.02114506662617797,0.0,-0.0833550403750977,-0.1343173431734318,0.6419624211337238,88,0.0159362549800796,40,10,0.0,0.0,0.0,市场情绪强，板块情绪强
2026-07-27,688379.SH,华光新材,star,48.33,0.021134142695449405,0.0,-0.0393559928443649,-0.0318509615384615,0.5271147847429071,88,0.0159362549800796,40,3,0.0,0.0,0.0,市场情绪强
2026-07-27,000978.SZ,桂林旅游,main,5.51,0.02113380545327386,0.0,0.0166051660516604,-0.003616636528029,0.9164705416828368,88,0.0159362549800796,40,75,0.0,0.0,0.0,市场情绪强，板块情绪强
2026-07-27,003040.SZ,楚天龙,main,10.08,0.021133445332419308,0.0,-0.0270270270270269,0.0130653266331659,0.8032562186172465,88,0.0159362549800796,40,75,0.0,0.0,0.0,市场情绪强，板块情绪强
2026-07-27,600868.SH,梅雁吉祥,main,2.53,0.0211313085709863,0.0,-0.0155642023346304,0.0,0.8700048085357395,88,0.0159362549800796,40,75,0.0,0.0,0.0,市场情绪强，板块情绪强
2026-07-27,600798.SH,宁波海运,main,3.15,0.02112048164783131,0.0,0.0260586319218241,0.0128617363344052,1.1958886061050642,88,0.0159362549800796,40,75,0.0,0.0,0.0,市场情绪强，板块情绪强
2026-07-27,600803.SH,新奥股份,main,17.21,0.021114870450907063,0.0,0.013545347467609,0.0551808706315144,0.6766010316485299,88,0.0159362549800796,40,75,0.0,0.0,0.0,市场情绪强，板块情绪强
2026-07-27,300651.SZ,金陵体育,chinext,16.06,0.021103327023834006,0.0,0.0496732026143789,0.0229299363057324,1.4877131496615577,88,0.0159362549800796,40,10,0.0,0.0,0.0,市场情绪强，板块情绪强
2026-07-27,603833.SH,欧派家居,main,30.99,0.021099156970996333,0.0,-0.0312597686777117,-0.0554708930204207,0.730667823334261,88,0.0159362549800796,40,75,0.0,0.0,0.0,市场情绪强，板块情绪强
2026-07-27,600058.SH,五矿发展,main,8.35,0.021094497608718565,0.0,0.0158150851581506,0.0270602706027058,0.8070978672864608,88,0.0159362549800796,40,75,0.0,0.0,0.0,市场情绪强，板块情绪强
2026-07-27,605388.SH,均瑶健康,main,4.67,0.02107971475315802,0.0,-0.0331262939958592,-0.0770750988142291,0.7369388882978141,88,0.0159362549800796,40,75,0.0,0.0,0.0,市场情绪强，板块情绪强
2026-07-27,300464.SZ,星徽股份,chinext,5.68,0.021073197633455616,0.0,-0.0087260034904015,-0.0405405405405405,0.6923461139832031,88,0.0159362549800796,40,10,0.0,0.0,0.0,市场情绪强，板块情绪强
2026-07-27,002392.SZ,北京利尔,main,6.74,0.021063968424301763,0.0,-0.0302158273381294,-0.0174927113702624,0.6342936396510875,88,0.0159362549800796,40,75,0.0,0.0,0.0,市场情绪强，板块情绪强
2026-07-27,001368.SZ,通达创智,main,18.96,0.021050568361985,0.0,-0.0341314314824248,-0.0827285921625544,0.6637973019756954,88,0.0159362549800796,40,75,0.0,0.0,0.0,市场情绪强，板块情绪强
2026-07-27,002749.SZ,国光股份,main,8.55,0.021045527386514183,0.0,0.0477941176470588,0.0178571428571427,1.2708910636428987,88,0.0159362549800796,40,75,0.0,0.0,0.0,市场情绪强，板块情绪强
2026-07-27,688170.SH,德龙激光,star,46.08,0.021032883537414736,0.0,-0.0966477161340914,-0.0929133858267716,0.6825237662059636,88,0.0159362549800796,40,3,0.0,0.0,0.0,市场情绪强
2026-07-27,002090.SZ,金智科技,main,8.42,0.021030235012211473,0.0,-0.0197904540162979,-0.0507328072153324,0.7326617777312923,88,0.0159362549800796,40,75,0.0,0.0,0.0,市场情绪强，板块情绪强
2026-07-27,301085.SZ,亚康股份,chinext,51.26,0.021027244998541944,0.0,-0.0507407407407407,-0.0181957479410075,0.4642849013091996,88,0.0159362549800796,40,10,0.0,0.0,0.0,市场情绪强，板块情绪强
2026-07-27,300395.SZ,菲利华,chinext,77.8,0.021007574782082938,0.0,-0.0727056019070322,-0.0807042419945646,0.5903930728834019,88,0.0159362549800796,40,10,0.0,0.0,0.0,市场情绪强，板块情绪强
2026-07-27,605066.SH,天正电气,main,6.14,0.021005692126315676,0.0,0.0049099836333876,-0.0269413629160063,0.7445681065194056,88,0.0159362549800796,40,75,0.0,0.0,0.0,市场情绪强，板块情绪强
2026-07-27,300476.SZ,胜宏科技,chinext,230.01,0.021005026834065046,0.0,-0.0427019602946685,-0.0475776397515528,0.5857135206488551,88,0.0159362549800796,40,10,0.0,0.0,0.0,市场情绪强，板块情绪强
2026-07-27,002615.SZ,哈尔斯,main,6.16,0.020998016613065273,0.0,-0.0206677265500794,-0.075075075075075,0.7688841309348501,88,0.0159362549800796,40,75,0.0,0.0,0.0,市场情绪强，板块情绪强
2026-07-27,002901.SZ,大博医疗,main,43.49,0.02099618183837969,0.0,-0.0189487931423414,-0.027069351230425,0.854411143441364,88,0.0159362549800796,40,75,0.0,0.0,0.0,市场情绪强，板块情绪强
2026-07-27,002094.SZ,青岛金王,main,4.2,0.020992078198020136,0.0,-0.0232558139534883,-0.0300230946882217,1.231881672036869,88,0.0159362549800796,40,75,0.0,0.0,0.0,市场情绪强，板块情绪强
2026-07-27,600979.SH,广安爱众,main,3.79,0.02098410753059052,0.0,-0.0453400503778338,-0.040506329113924,0.7970601836598977,88,0.0159362549800796,40,75,0.0,0.0,0.0,市场情绪强，板块情绪强
2026-07-27,600658.SH,电子城,main,3.61,0.02098398214544076,0.0,-0.0190217391304348,-0.0499999999999999,0.5850262561026204,88,0.0159362549800796,40,75,0.0,0.0,0.0,市场情绪强，板块情绪强
2026-07-27,600189.SH,泉阳泉,main,6.88,0.02098051069572398,0.0,-0.0337078651685394,-0.043115438108484,0.9100698710403972,88,0.0159362549800796,40,75,0.0,0.0,0.0,市场情绪强，板块情绪强
2026-07-27,603101.SH,汇嘉时代,main,6.86,0.02097105494845054,0.0,0.0058651026392961,-0.0185979971387696,0.9988579218162495,88,0.0159362549800796,40,75,0.0,0.0,0.0,市场情绪强，板块情绪强
2026-07-27,688591.SH,泰凌微,star,27.02,0.020969090256422997,0.0,-0.0138686131386861,-0.0624566273421235,0.7874844895673365,88,0.0159362549800796,40,3,0.0,0.0,0.0,市场情绪强
2026-07-27,300663.SZ,科蓝软件,chinext,7.27,0.020951311504477977,0.0,-0.1123321123321123,0.0722713864306783,0.7076870888111308,88,0.0159362549800796,40,10,0.0,0.0,0.0,市场情绪强，板块情绪强
2026-07-27,600566.SH,济川药业,main,26.66,0.020947136428921206,0.0,-0.0194924604634056,0.0156190476190476,0.5056125937731794,88,0.0159362549800796,40,75,0.0,0.0,0.0,市场情绪强，板块情绪强
2026-07-27,600575.SH,淮河能源,main,3.24,0.02094252258982208,0.0,-0.0151975683890577,0.0253164556962024,0.8684190290251702,88,0.0159362549800796,40,75,0.0,0.0,0.0,市场情绪强，板块情绪强
2026-07-27,603376.SH,大明电子,main,23.19,0.020941266062508842,0.0,-0.0301129234629861,-0.0173728813559321,0.9296042764296428,88,0.0159362549800796,40,75,0.0,0.0,0.0,市场情绪强，板块情绪强
2026-07-27,002170.SZ,芭田股份,main,10.9,0.020938744911223058,0.0,-0.0189018901890187,0.0490856592877766,0.7653553855617381,88,0.0159362549800796,40,75,0.0,0.0,0.0,市场情绪强，板块情绪强
2026-07-27,605123.SH,派克新材,main,72.32,0.02092564745927632,0.0,-0.0212478007849507,-0.0191238301912384,0.6921841691331538,88,0.0159362549800796,40,75,0.0,0.0,0.0,市场情绪强，板块情绪强
2026-07-27,002474.SZ,榕基软件,main,5.6,0.020924339608422878,0.0,-0.0070921985815602,0.0071942446043165,0.706017411922314,88,0.0159362549800796,40,75,0.0,0.0,0.0,市场情绪强，板块情绪强
2026-07-27,601121.SH,宝地矿业,main,6.46,0.020905008666521847,0.0,0.0031055900621117,-0.00920245398773,0.7897342011686741,88,0.0159362549800796,40,75,0.0,0.0,0.0,市场情绪强，板块情绪强
2026-07-27,301161.SZ,唯万密封,chinext,24.81,0.02090428481269053,0.0,-0.0205290169759179,-0.1046553590761458,0.6304098731269407,88,0.0159362549800796,40,10,0.0,0.0,0.0,市场情绪强，板块情绪强
2026-07-27,301531.SZ,春光集团,chinext,48.11,0.02090299289886392,0.0,0.0064853556485355,0.0422443674176777,0.7254527339127134,88,0.0159362549800796,40,10,0.0,0.0,0.0,市场情绪强，板块情绪强
2026-07-27,600336.SH,澳柯玛,main,5.54,0.02089228956643767,0.0,-0.0053859964093357,-0.0263620386643234,0.7211790328214839,88,0.0159362549800796,40,75,0.0,0.0,0.0,市场情绪强，板块情绪强
2026-07-27,600697.SH,欧亚集团,main,9.32,0.020883510613436823,0.0,-0.0158394931362196,-0.0642570281124498,0.8714138181910813,88,0.0159362549800796,40,75,0.0,0.0,0.0,市场情绪强，板块情绪强
2026-07-27,000665.SZ,湖北广电,main,3.6,0.020870308173831204,0.0,-0.0348525469168901,-0.0374331550802139,0.7796029181515307,88,0.0159362549800796,40,75,0.0,0.0,0.0,市场情绪强，板块情绪强
2026-07-27,002337.SZ,赛象科技,main,4.14,0.020861670409946974,0.0,-0.0119331742243438,-0.0504587155963304,0.6428573142620719,88,0.0159362549800796,40,75,0.0,0.0,0.0,市场情绪强，板块情绪强
2026-07-27,300745.SZ,欣锐科技,chinext,28.12,0.020859332446911506,0.0,-0.0816459830176354,-0.1575793888556022,0.6283635319944356,88,0.0159362549800796,40,10,0.0,0.0,0.0,市场情绪强，板块情绪强
2026-07-27,002276.SZ,万马股份,main,9.45,0.020855504169079688,0.0,-0.0145985401459854,0.0227272727272727,0.9047025128768448,88,0.0159362549800796,40,75,0.0,0.0,0.0,市场情绪强，板块情绪强
2026-07-27,002510.SZ,天汽模,main,5.34,0.020847453604484537,0.0,0.0190839694656488,0.036893203883495,0.9686837895623184,88,0.0159362549800796,40,75,0.0,0.0,0.0,市场情绪强，板块情绪强
2026-07-27,300700.SZ,岱勒新材,chinext,14.18,0.02084043024530792,0.0,-0.0578073089700997,-0.1131957473420888,0.5989321471008268,88,0.0159362549800796,40,10,0.0,0.0,0.0,市场情绪强，板块情绪强
2026-07-27,600252.SH,中恒集团,main,2.11,0.020838460518267515,0.0,-0.0140186915887852,-0.0186046511627907,0.7933616785836173,88,0.0159362549800796,40,75,0.0,0.0,0.0,市场情绪强，板块情绪强
2026-07-27,002664.SZ,信质集团,main,14.38,0.02082493599013659,0.0,-0.0495703899537343,-0.0631921824104233,0.6892481014845003,88,0.0159362549800796,40,75,0.0,0.0,0.0,市场情绪强，板块情绪强
2026-07-27,002601.SZ,龙佰集团,main,16.36,0.02082339948807038,0.0,-0.0215311004784688,0.0487179487179487,0.7326020221818276,88,0.0159362549800796,40,75,0.0,0.0,0.0,市场情绪强，板块情绪强
2026-07-27,600111.SH,北方稀土,main,39.03,0.02082224779618928,0.0,-0.0083841463414633,0.0421895861148198,0.7392244838379374,88,0.0159362549800796,40,75,0.0,0.0,0.0,市场情绪强，板块情绪强
2026-07-27,003016.SZ,欣贺股份,main,6.16,0.02082037576592667,0.0,-0.0206677265500794,-0.0624048706240487,0.6809684407534384,88,0.0159362549800796,40,75,0.0,0.0,0.0,市场情绪强，板块情绪强
2026-07-27,601156.SH,东航物流,main,16.24,0.0208188601755198,0.0,-0.0073349633251834,0.0350541746335244,0.5346903389423799,88,0.0159362549800796,40,75,0.0,0.0,0.0,市场情绪强，板块情绪强
2026-07-27,600386.SH,北巴传媒,main,3.03,0.020817452403798047,0.0,-0.0225806451612904,-0.0619195046439629,0.6561167696853621,88,0.0159362549800796,40,75,0.0,0.0,0.0,市场情绪强，板块情绪强
2026-07-27,002183.SZ,怡 亚 通,main,4.27,0.02081711872077389,0.0,-0.0511111111111112,-0.0468750000000002,0.7799080416761044,88,0.0159362549800796,40,75,0.0,0.0,0.0,市场情绪强，板块情绪强
2026-07-27,002441.SZ,众业达,main,7.54,0.020805962274220022,0.0,-0.0156657963446474,-0.0143790849673203,0.7762556016492419,88,0.0159362549800796,40,75,0.0,0.0,0.0,市场情绪强，板块情绪强
2026-07-27,002383.SZ,合众思壮,main,6.35,0.02080363434763141,0.0,-0.0170278637770898,-0.0031397174254317,1.0163600860086373,88,0.0159362549800796,40,75,0.0,0.0,0.0,市场情绪强，板块情绪强
2026-07-27,601717.SH,中创智领,main,15.34,0.02080134838401994,0.0,0.0019595035924231,0.0414120841819416,0.6792382664204372,88,0.0159362549800796,40,75,0.0,0.0,0.0,市场情绪强，板块情绪强
2026-07-27,300557.SZ,理工光科,chinext,24.9,0.020796670598433667,0.0,0.0672953279039862,0.0550847457627117,0.9160652264770682,88,0.0159362549800796,40,10,0.0,0.0,0.0,短线动量强，市场情绪强，板块情绪强
2026-07-27,605398.SH,新炬网络,main,18.11,0.020784236685837114,0.0,-0.0299946438136048,-0.0645661157024793,0.7022733471344964,88,0.0159362549800796,40,75,0.0,0.0,0.0,市场情绪强，板块情绪强
2026-07-27,600826.SH,兰生股份,main,7.27,0.020783914600689662,0.0,-0.0582901554404144,-0.098014888337469,0.6941528419745915,88,0.0159362549800796,40,75,0.0,0.0,0.0,市场情绪强，板块情绪强
2026-07-27,600052.SH,东望时代,main,3.42,0.02077515514040209,0.0,-0.0115606936416184,-0.042016806722689,0.7505924637934831,88,0.0159362549800796,40,75,0.0,0.0,0.0,市场情绪强，板块情绪强
2026-07-27,603057.SH,紫燕食品,main,19.35,0.020774954131143268,0.0,-0.0467980295566502,-0.0387481371087927,0.5681376188707318,88,0.0159362549800796,40,75,0.0,0.0,0.0,市场情绪强，板块情绪强
2026-07-27,605567.SH,春雪食品,main,7.67,0.02075901940925756,0.0,-0.0191815856777494,-0.0736714975845409,0.6876576506979843,88,0.0159362549800796,40,75,0.0,0.0,0.0,市场情绪强，板块情绪强
2026-07-27,603585.SH,苏利股份,main,9.24,0.020754920163425304,0.0,0.003257328990228,-0.0107066381156316,0.6993028151941766,88,0.0159362549800796,40,75,0.0,0.0,0.0,市场情绪强，板块情绪强
2026-07-27,000776.SZ,广发证券,main,21.7,0.02075286903882206,0.0,-0.0507436570428696,0.0046296296296295,0.941770356788714,88,0.0159362549800796,40,75,0.0,0.0,0.0,市场情绪强，板块情绪强
2026-07-27,601187.SH,厦门银行,main,7.39,0.020750317623169236,0.0,-0.0120320855614973,0.0292479108635097,0.5523760485026871,88,0.0159362549800796,40,75,0.0,0.0,0.0,市场情绪强，板块情绪强
2026-07-27,603381.SH,永臻股份,main,13.41,0.020747525394564207,0.0,-0.005930318754633,-0.0225947521865889,0.8440770527346361,88,0.0159362549800796,40,75,0.0,0.0,0.0,市场情绪强，板块情绪强
2026-07-27,603416.SH,XD信捷电,main,47.0,0.020747251086864028,0.0,-0.0345110928512736,-0.0581162324649298,0.57929123502894,88,0.0159362549800796,40,75,0.0,0.0,0.0,市场情绪强，板块情绪强
2026-07-27,603329.SH,上海雅仕,main,8.92,0.020732800209383936,0.0,-0.025136612021858,-0.0766045548654245,0.7841367554191175,88,0.0159362549800796,40,75,0.0,0.0,0.0,市场情绪强，板块情绪强
2026-07-27,601096.SH,宏盛华源,main,4.07,0.0207262856005961,0.0,-0.0216346153846153,-0.012135922330097,1.42449776796076,88,0.0159362549800796,40,75,0.0,0.0,0.0,市场情绪强，板块情绪强
2026-07-27,688418.SH,震有科技,star,34.54,0.020716886024190535,0.0,0.0273646638905413,0.0520865062442887,0.9774234486372584,88,0.0159362549800796,40,3,0.0,0.0,0.0,市场情绪强
2026-07-27,001872.SZ,招商港口,main,20.99,0.02070779491626163,0.0,-0.0358291226458429,-0.045909090909091,0.605835983627514,88,0.0159362549800796,40,75,0.0,0.0,0.0,市场情绪强，板块情绪强
2026-07-27,601608.SH,中信重工,main,4.43,0.02069512878450836,0.0,-0.0390455531453363,-0.0155555555555556,0.9079057720495098,88,0.0159362549800796,40,75,0.0,0.0,0.0,市场情绪强，板块情绪强
2026-07-27,605116.SH,奥锐特,main,18.74,0.020684919474854898,0.0,-0.0355120946989192,-0.0355120946989192,0.5892451684411589,88,0.0159362549800796,40,75,0.0,0.0,0.0,市场情绪强，板块情绪强
2026-07-27,002237.SZ,恒邦股份,main,12.51,0.02067364393354633,0.0,-0.0294802172226532,0.0245700245700244,0.7733571363324698,88,0.0159362549800796,40,75,0.0,0.0,0.0,市场情绪强，板块情绪强
2026-07-27,002249.SZ,大洋电机,main,6.79,0.02067129456821749,0.0,-0.0202020202020201,0.0210526315789472,0.7072518522463874,88,0.0159362549800796,40,75,0.0,0.0,0.0,市场情绪强，板块情绪强
2026-07-27,603076.SH,乐惠国际,main,18.1,0.020669785906510404,0.0,-0.0130861504907305,-0.0746421267893658,0.6024350633170036,88,0.0159362549800796,40,75,0.0,0.0,0.0,市场情绪强，板块情绪强
2026-07-27,000543.SZ,皖能电力,main,7.71,0.020669352720163833,0.0,-0.0338345864661654,0.0026007802340701,0.7825222003401067,88,0.0159362549800796,40,75,0.0,0.0,0.0,市场情绪强，板块情绪强
2026-07-27,603948.SH,建业股份,main,18.34,0.020663636849353444,0.0,0.005482456140351,-0.0321899736147757,0.7108378408684369,88,0.0159362549800796,40,75,0.0,0.0,0.0,市场情绪强，板块情绪强
2026-07-27,603332.SH,苏州龙杰,main,9.95,0.020663205246952046,0.0,-0.0128968253968254,-0.0523809523809524,0.63551405195723,88,0.0159362549800796,40,75,0.0,0.0,0.0,市场情绪强，板块情绪强
2026-07-27,300895.SZ,铜牛信息,chinext,49.03,0.020656670547392987,0.0,0.046531483457844,0.0775824175824175,0.9062343128885758,88,0.0159362549800796,40,10,0.0,0.0,0.0,市场情绪强，板块情绪强
2026-07-27,000420.SZ,吉林化纤,main,3.58,0.020655448787165537,0.0,-0.0191780821917807,0.0028011204481792,0.9775424889333346,88,0.0159362549800796,40,75,0.0,0.0,0.0,市场情绪强，板块情绪强
2026-07-27,002835.SZ,同为股份,main,10.92,0.020654325114060283,0.0,-0.0594315245478035,-0.0276046304541407,0.6305381219919145,88,0.0159362549800796,40,75,0.0,0.0,0.0,市场情绪强，板块情绪强
2026-07-27,605169.SH,洪通燃气,main,9.59,0.02065161787577758,0.0,0.034519956850054,0.0126715945089757,0.7284685356543583,88,0.0159362549800796,40,75,0.0,0.0,0.0,市场情绪强，板块情绪强
2026-07-27,600619.SH,海立股份,main,12.03,0.02063952094006063,0.0,-0.0444797458300239,-0.0314009661835749,0.6945401992086329,88,0.0159362549800796,40,75,0.0,0.0,0.0,市场情绪强，板块情绪强
2026-07-27,300584.SZ,海辰药业,chinext,31.31,0.020634674138609782,0.0,0.0353835978835979,-0.0009572431397575,1.0880205480757232,88,0.0159362549800796,40,10,0.0,0.0,0.0,市场情绪强，板块情绪强
2026-07-27,000682.SZ,东方电子,main,11.66,0.020630114646416495,0.0,-0.0160337552742615,0.0183406113537119,1.0800422185187293,88,0.0159362549800796,40,75,0.0,0.0,0.0,市场情绪强，板块情绪强
2026-07-27,002590.SZ,万安科技,main,8.7,0.020621689278771803,0.0,-0.0136054421768708,-0.0290178571428573,0.6106692745963068,88,0.0159362549800796,40,75,0.0,0.0,0.0,市场情绪强，板块情绪强
2026-07-27,002145.SZ,钛能化学,main,4.41,0.020620789497992766,0.0,-0.0067567567567567,0.0303738317757009,0.8938289796790921,88,0.0159362549800796,40,75,0.0,0.0,0.0,市场情绪强，板块情绪强
2026-07-27,000761.SZ,本钢板材,main,2.2,0.020619236331937674,0.0,-0.0222222222222221,-0.0222222222222221,1.087093885070724,88,0.0159362549800796,40,75,0.0,0.0,0.0,市场情绪强，板块情绪强
2026-07-27,600728.SH,佳都科技,main,4.37,0.020614539375651043,0.0,-0.0179775280898876,0.0504807692307691,0.5674993897582105,88,0.0159362549800796,40,75,0.0,0.0,0.0,市场情绪强，板块情绪强
2026-07-27,600880.SH,博瑞传播,main,3.55,0.020606743385737685,0.0,-0.0456989247311828,-0.0405405405405406,0.7699350384363751,88,0.0159362549800796,40,75,0.0,0.0,0.0,市场情绪强，板块情绪强
2026-07-27,002999.SZ,天禾股份,main,5.28,0.02059902062774689,0.0,0.0057142857142857,-0.0486486486486485,0.7246956913895748,88,0.0159362549800796,40,75,0.0,0.0,0.0,市场情绪强，板块情绪强
2026-07-27,300577.SZ,开润股份,chinext,16.18,0.02058720638682094,0.0,-0.1905952976488243,-0.2053045186640472,0.6956184474824034,88,0.0159362549800796,40,10,0.0,0.0,0.0,市场情绪强，板块情绪强
2026-07-27,601888.SH,中国中免,main,53.2,0.02057881903053423,0.0,-0.0162721893491123,0.0056710775047259,0.767910290080929,88,0.0159362549800796,40,75,0.0,0.0,0.0,市场情绪强，板块情绪强
2026-07-27,603351.SH,威尔药业,main,23.27,0.0205754070192663,0.0,0.0183807439824943,-0.0470925470925471,0.5063229786034495,88,0.0159362549800796,40,75,0.0,0.0,0.0,市场情绪强，板块情绪强
2026-07-27,600235.SH,民丰特纸,main,5.01,0.020565004357717392,0.0,0.0245398773006135,-0.0309477756286267,0.6434917449658245,88,0.0159362549800796,40,75,0.0,0.0,0.0,市场情绪强，板块情绪强
2026-07-27,603105.SH,芯能科技,main,6.87,0.020549719465248712,0.0,0.0029197080291971,0.011782032400589,0.954459903703273,88,0.0159362549800796,40,75,0.0,0.0,0.0,市场情绪强，板块情绪强
2026-07-27,002454.SZ,松芝股份,main,4.57,0.020539879444808354,0.0,0.0088300220750552,-0.0150862068965516,0.6312686180809479,88,0.0159362549800796,40,75,0.0,0.0,0.0,市场情绪强，板块情绪强
2026-07-27,000710.SZ,贝瑞基因,main,7.58,0.020539790071320382,0.0,-0.0143042912873863,-0.0331632653061224,0.7388551165146909,88,0.0159362549800796,40,75,0.0,0.0,0.0,市场情绪强，板块情绪强
2026-07-27,002576.SZ,通达动力,main,12.91,0.020538384669880765,0.0,-0.0092095165003837,-0.0293233082706767,0.6494146316369253,88,0.0159362549800796,40,75,0.0,0.0,0.0,市场情绪强，板块情绪强
2026-07-27,000153.SZ,丰原药业,main,5.2,0.02053257685708577,0.0,-0.0225563909774436,-0.0613718411552346,0.7989185838184175,88,0.0159362549800796,40,75,0.0,0.0,0.0,市场情绪强，板块情绪强
2026-07-27,600835.SH,上海机电,main,17.44,0.02051628597961107,0.0,-0.0708577517314863,-0.080168776371308,0.728541801795385,88,0.0159362549800796,40,75,0.0,0.0,0.0,市场情绪强，板块情绪强
2026-07-27,601360.SH,三六零,main,8.43,0.020514928138450295,0.0,-0.0612472160356347,-0.019767441860465,0.791624928275067,88,0.0159362549800796,40,75,0.0,0.0,0.0,市场情绪强，板块情绪强
2026-07-27,603767.SH,中马传动,main,13.05,0.02050513390216151,0.0,-0.0076045627376425,-0.0304606240713224,0.6101882778963744,88,0.0159362549800796,40,75,0.0,0.0,0.0,市场情绪强，板块情绪强
2026-07-27,603109.SH,神驰机电,main,15.65,0.020501358636949497,0.0,-0.0249221183800623,-0.0847953216374269,0.8486423712329185,88,0.0159362549800796,40,75,0.0,0.0,0.0,市场情绪强，板块情绪强
2026-07-27,002160.SZ,常铝股份,main,3.56,0.020497153598617476,0.0,0.0,0.0113636363636364,0.9893814470297314,88,0.0159362549800796,40,75,0.0,0.0,0.0,市场情绪强，板块情绪强
2026-07-27,000568.SZ,泸州老窖,main,83.01,0.020496750257283678,0.0,-0.0259328796057263,0.0066699005578463,0.4999218665994548,88,0.0159362549800796,40,75,0.0,0.0,0.0,市场情绪强，板块情绪强
2026-07-27,603919.SH,金徽酒,main,14.35,0.020493570377916215,0.0,-0.0117079889807162,0.0141342756183744,0.5227595624512871,88,0.0159362549800796,40,75,0.0,0.0,0.0,市场情绪强，板块情绪强
2026-07-27,603181.SH,皇马科技,main,12.04,0.020486545267010582,0.0,-0.0090534979423869,-0.0391061452513966,0.6214589516288725,88,0.0159362549800796,40,75,0.0,0.0,0.0,市场情绪强，板块情绪强
2026-07-27,000932.SZ,华菱钢铁,main,3.72,0.020485829950738978,0.0,0.0054054054054053,0.0276243093922652,0.8475609507207505,88,0.0159362549800796,40,75,0.0,0.0,0.0,市场情绪强，板块情绪强
2026-07-27,002791.SZ,坚朗五金,main,13.39,0.02048269670577642,0.0,-0.0311143270622286,-0.0668989547038326,0.8364707889868953,88,0.0159362549800796,40,75,0.0,0.0,0.0,市场情绪强，板块情绪强
2026-07-27,002363.SZ,隆基机械,main,5.86,0.020478055774435105,0.0,-0.0067796610169491,-0.0393442622950818,0.6588464432997294,88,0.0159362549800796,40,75,0.0,0.0,0.0,市场情绪强，板块情绪强
2026-07-27,002367.SZ,康力电梯,main,5.06,0.020476299834292666,0.0,-0.01364522417154,-0.071559633027523,0.6474663558030204,88,0.0159362549800796,40,75,0.0,0.0,0.0,市场情绪强，板块情绪强
2026-07-27,688010.SH,福光股份,star,24.95,0.02046711640744962,0.0,-0.0759259259259259,-0.0992779783393501,0.6294211970613441,88,0.0159362549800796,40,3,0.0,0.0,0.0,市场情绪强
2026-07-27,603126.SH,中材节能,main,5.54,0.02046462850641379,0.0,-0.0124777183600713,-0.0431778929188255,0.6650859429341771,88,0.0159362549800796,40,75,0.0,0.0,0.0,市场情绪强，板块情绪强
2026-07-27,603444.SH,吉比特,main,347.8,0.02046434078276697,0.0,-0.0230337078651685,0.0207196102600222,0.6438456059149903,88,0.0159362549800796,40,75,0.0,0.0,0.0,市场情绪强，板块情绪强
2026-07-27,603321.SH,梅轮电梯,main,5.63,0.020463975267858866,0.0,0.0125899280575541,-0.0309810671256454,0.6746792627757779,88,0.0159362549800796,40,75,0.0,0.0,0.0,市场情绪强，板块情绪强
2026-07-27,301349.SZ,信德新材,chinext,38.43,0.02046092706778732,0.0,-0.0208917197452229,-0.0557739557739558,0.7270327633435185,88,0.0159362549800796,40,10,0.0,0.0,0.0,市场情绪强，板块情绪强
2026-07-27,002099.SZ,海翔药业,main,5.03,0.02046073626628004,0.0,0.0039920159680639,0.006,0.8204569543529034,88,0.0159362549800796,40,75,0.0,0.0,0.0,市场情绪强，板块情绪强
2026-07-27,002574.SZ,明牌珠宝,main,4.13,0.020457870922688512,0.0,0.0048661800486617,-0.0305164319248826,0.645981529902961,88,0.0159362549800796,40,75,0.0,0.0,0.0,市场情绪强，板块情绪强
2026-07-27,002022.SZ,科华生物,main,4.76,0.02045420273579835,0.0,-0.0305498981670061,-0.0739299610894941,0.8824858154245905,88,0.0159362549800796,40,75,0.0,0.0,0.0,市场情绪强，板块情绪强
2026-07-27,600325.SH,华发股份,main,2.33,0.020442958082482744,0.0,-0.0168776371308017,-0.0210084033613444,0.9647770008295368,88,0.0159362549800796,40,75,0.0,0.0,0.0,市场情绪强，板块情绪强
2026-07-27,688126.SH,沪硅产业,star,25.82,0.020441526980721374,0.0,-0.0671965317919075,-0.0315078769692422,0.6602478902964113,88,0.0159362549800796,40,3,0.0,0.0,0.0,市场情绪强
2026-07-27,002555.SZ,三七互娱,main,18.16,0.020439630362089293,0.0,-0.0590673575129534,0.0022075055187638,0.4323896621899223,88,0.0159362549800796,40,75,0.0,0.0,0.0,市场情绪强，板块情绪强
2026-07-27,300139.SZ,晓程科技,chinext,37.84,0.020438585617570615,0.0,0.0384193194291988,0.133612941881366,0.9232093208066532,88,0.0159362549800796,40,10,0.0,0.0,0.0,市场情绪强，板块情绪强
2026-07-27,601566.SH,九牧王,main,7.69,0.020429360131994357,0.0,0.0078636959370905,-0.0327044025157232,0.7063055695412194,88,0.0159362549800796,40,75,0.0,0.0,0.0,市场情绪强，板块情绪强
2026-07-27,600638.SH,新黄浦,main,4.38,0.020427292829569805,0.0,-0.0068027210884353,-0.033112582781457,0.6722760609131535,88,0.0159362549800796,40,75,0.0,0.0,0.0,市场情绪强，板块情绪强
2026-07-27,000963.SZ,华东医药,main,28.58,0.02042594331948584,0.0,-0.0747814826804792,-0.0504983388704319,1.1328085445260876,88,0.0159362549800796,40,75,0.0,0.0,0.0,市场情绪强，板块情绪强
2026-07-27,600876.SH,凯盛新能,main,6.29,0.020424416073759222,0.0,0.0112540192926045,-0.0248062015503875,0.6303985841463101,88,0.0159362549800796,40,75,0.0,0.0,0.0,市场情绪强，板块情绪强
2026-07-27,600405.SH,动力源,main,3.82,0.02042189990369529,0.0,-0.0103626943005181,-0.0567901234567901,0.5652607521871272,88,0.0159362549800796,40,75,0.0,0.0,0.0,市场情绪强，板块情绪强
2026-07-27,002752.SZ,昇兴股份,main,5.71,0.020406756472257318,0.0,0.0,-0.0189003436426117,0.6454245371113322,88,0.0159362549800796,40,75,0.0,0.0,0.0,市场情绪强，板块情绪强
2026-07-27,002255.SZ,海陆重工,main,7.81,0.020405279362279646,0.0,-0.0050955414012738,-0.0151324085750315,0.7684777322916938,88,0.0159362549800796,40,75,0.0,0.0,0.0,市场情绪强，板块情绪强
2026-07-27,000831.SZ,中国稀土,main,47.6,0.02039741497255207,0.0,-0.0457097032878909,0.0427163198247535,0.6756829120003431,88,0.0159362549800796,40,75,0.0,0.0,0.0,市场情绪强，板块情绪强
2026-07-27,002933.SZ,新兴装备,main,24.12,0.020389590357290866,0.0,0.0016611295681063,-0.0293762575452716,0.688875527035399,88,0.0159362549800796,40,75,0.0,0.0,0.0,市场情绪强，板块情绪强
2026-07-27,002003.SZ,伟星股份,main,10.0,0.02037869114443505,0.0,0.0256410256410255,0.0638297872340425,0.5129888450835525,88,0.0159362549800796,40,75,0.0,0.0,0.0,市场情绪强，板块情绪强
2026-07-27,002799.SZ,环球印务,main,5.88,0.020376148865144533,0.0,-0.0050761421319797,-0.0546623794212218,0.7072579994899528,88,0.0159362549800796,40,75,0.0,0.0,0.0,市场情绪强，板块情绪强
2026-07-27,300265.SZ,通光线缆,chinext,13.39,0.020373923258107374,0.0,0.0167046317388004,0.0371804802478699,1.1592656369860517,88,0.0159362549800796,40,10,0.0,0.0,0.0,市场情绪强，板块情绪强
2026-07-27,300261.SZ,雅本化学,chinext,4.93,0.02036886853639212,0.0,0.0907079646017698,0.0859030837004404,2.816021779518809,88,0.0159362549800796,40,10,0.0,0.0,0.0,成交量放大，短线动量强，市场情绪强，板块情绪强
2026-07-27,300686.SZ,智动力,chinext,11.24,0.020368400677703232,0.0,-0.0079435127978817,-0.1008,0.617214944908229,88,0.0159362549800796,40,10,0.0,0.0,0.0,市场情绪强，板块情绪强
2026-07-27,002533.SZ,金杯电工,main,10.51,0.020355858665533893,0.0,-0.0066162570888469,0.0028625954198473,0.9977472553955848,88,0.0159362549800796,40,75,0.0,0.0,0.0,市场情绪强，板块情绪强
2026-07-27,000560.SZ,我爱我家,main,2.09,0.020355747177633672,0.0,-0.0141509433962265,-0.0141509433962265,0.8511605982649746,88,0.0159362549800796,40,75,0.0,0.0,0.0,市场情绪强，板块情绪强
2026-07-27,688209.SH,英集芯,star,21.84,0.020339778841963908,0.0,-0.0175438596491228,-0.0022841480127913,1.0249636141577152,88,0.0159362549800796,40,3,0.0,0.0,0.0,市场情绪强
2026-07-27,002209.SZ,达 意 隆,main,9.69,0.020318518021074965,0.0,0.0031055900621117,-0.0727272727272727,0.6792436999600104,88,0.0159362549800796,40,75,0.0,0.0,0.0,市场情绪强，板块情绪强
2026-07-27,603069.SH,海汽集团,main,11.93,0.02031581836555295,0.0,-0.0016736401673639,-0.0181069958847737,0.7542904830687437,88,0.0159362549800796,40,75,0.0,0.0,0.0,市场情绪强，板块情绪强
2026-07-27,002026.SZ,山东威达,main,9.35,0.020315023612473025,0.0,-0.0053191489361702,-0.0350877192982456,0.6412697798350171,88,0.0159362549800796,40,75,0.0,0.0,0.0,市场情绪强，板块情绪强
2026-07-27,600963.SH,岳阳林纸,main,3.16,0.020310071869130707,0.0,0.0128205128205127,0.0160771704180064,0.8366726579841409,88,0.0159362549800796,40,75,0.0,0.0,0.0,市场情绪强，板块情绪强
2026-07-27,301633.SZ,港迪技术,chinext,55.42,0.02030019616109359,0.0,0.1555462885738114,0.15386216947741,1.1655265041665055,88,0.0159362549800796,40,10,0.0,0.0,0.0,短线动量强，市场情绪强，板块情绪强
2026-07-27,600031.SH,三一重工,main,19.58,0.020295888154741835,0.0,-0.0055865921787711,0.0498659517426274,0.5901132570779501,88,0.0159362549800796,40,75,0.0,0.0,0.0,市场情绪强，板块情绪强
2026-07-27,002069.SZ,獐子岛,main,2.98,0.020287968308395903,0.0,-0.0099667774086378,-0.0569620253164557,0.7165203935606524,88,0.0159362549800796,40,75,0.0,0.0,0.0,市场情绪强，板块情绪强
2026-07-27,600760.SH,中航沈飞,main,43.3,0.020284959083895597,0.0,0.0280151946818614,0.076846555583188,0.8998387318943664,88,0.0159362549800796,40,75,0.0,0.0,0.0,市场情绪强，板块情绪强
2026-07-27,600838.SH,上海九百,main,6.6,0.020275799672014202,0.0,-0.0236686390532544,-0.0677966101694915,0.7334328641514718,88,0.0159362549800796,40,75,0.0,0.0,0.0,市场情绪强，板块情绪强
2026-07-27,002479.SZ,富春环保,main,5.13,0.02027552247544703,0.0,0.0178571428571427,0.0321931589537223,0.7300940820371519,88,0.0159362549800796,40,75,0.0,0.0,0.0,市场情绪强，板块情绪强
2026-07-27,601908.SH,京运通,main,2.93,0.02026920049670115,0.0,-0.0034013605442175,0.0209059233449477,1.0495874961985632,88,0.0159362549800796,40,75,0.0,0.0,0.0,市场情绪强，板块情绪强
2026-07-27,300909.SZ,汇创达,chinext,40.86,0.020268827974063337,0.0,-0.0660571428571429,-0.0641319285387082,0.5675643804896907,88,0.0159362549800796,40,10,0.0,0.0,0.0,市场情绪强，板块情绪强
2026-07-27,603536.SH,惠发食品,main,7.75,0.020262786982688047,0.0,-0.0239294710327456,-0.0718562874251497,0.6859236236892324,88,0.0159362549800796,40,75,0.0,0.0,0.0,市场情绪强，板块情绪强
2026-07-27,300163.SZ,先锋新材,chinext,4.71,0.020261717222417656,0.0,-0.0187499999999999,-0.1865284974093264,0.6121262114702346,88,0.0159362549800796,40,10,0.0,0.0,0.0,市场情绪强，板块情绪强
2026-07-27,601598.SH,中国外运,main,6.05,0.020258164729000563,0.0,0.0151006711409396,0.0940325497287521,0.7255534044027221,88,0.0159362549800796,40,75,0.0,0.0,0.0,市场情绪强，板块情绪强
2026-07-27,603182.SH,嘉华股份,main,10.85,0.02025650074034066,0.0,-0.0207581227436823,-0.0781648258283772,0.7080421110281584,88,0.0159362549800796,40,75,0.0,0.0,0.0,市场情绪强，板块情绪强
2026-07-27,600399.SH,抚顺特钢,main,3.88,0.02025496885331352,0.0,0.0077922077922076,0.0210526315789474,0.8252222203750974,88,0.0159362549800796,40,75,0.0,0.0,0.0,市场情绪强，板块情绪强
2026-07-27,600406.SH,国电南瑞,main,23.58,0.020251522712044466,0.0,-0.0092436974789916,0.0626408292023432,0.7621201685056886,88,0.0159362549800796,40,75,0.0,0.0,0.0,市场情绪强，板块情绪强
2026-07-27,605166.SH,聚合顺,main,7.68,0.020250414271029627,0.0,-0.0179028132992328,-0.0518518518518518,0.7656716193332903,88,0.0159362549800796,40,75,0.0,0.0,0.0,市场情绪强，板块情绪强
2026-07-27,601113.SH,华鼎股份,main,3.24,0.020250316225871364,0.0,0.0093457943925234,-0.0121951219512194,0.8336456218925952,88,0.0159362549800796,40,75,0.0,0.0,0.0,市场情绪强，板块情绪强
2026-07-27,600359.SH,新农开发,main,5.51,0.020242987728842175,0.0,-0.0125448028673835,-0.0516351118760757,0.7449280675392997,88,0.0159362549800796,40,75,0.0,0.0,0.0,市场情绪强，板块情绪强
2026-07-27,002686.SZ,亿利达,main,5.06,0.020230529833590197,0.0,-0.0361904761904762,-0.0732600732600733,0.5161219266038529,88,0.0159362549800796,40,75,0.0,0.0,0.0,市场情绪强，板块情绪强
2026-07-27,002595.SZ,豪迈科技,main,49.43,0.020213605526418998,0.0,0.0328040117007939,0.0797291393621668,0.6262113981408446,88,0.0159362549800796,40,75,0.0,0.0,0.0,市场情绪强，板块情绪强
2026-07-27,603712.SH,七一二,main,10.89,0.020206546042040974,0.0,-0.0224416517055655,-0.0345744680851062,1.0551009756892828,88,0.0159362549800796,40,75,0.0,0.0,0.0,市场情绪强，板块情绪强
2026-07-27,000837.SZ,秦川机床,main,8.58,0.020197116840460026,0.0,-0.0391937290033593,-0.0391937290033593,0.7879017161995789,88,0.0159362549800796,40,75,0.0,0.0,0.0,市场情绪强，板块情绪强
2026-07-27,000731.SZ,四川美丰,main,5.71,0.020183908038216247,0.0,-0.0546357615894039,-0.0121107266435986,0.53010637471023,88,0.0159362549800796,40,75,0.0,0.0,0.0,市场情绪强，板块情绪强
2026-07-27,001379.SZ,腾达科技,main,14.2,0.020182336089274475,0.0,-0.0138888888888889,-0.0501672240802675,0.7555088890735289,88,0.0159362549800796,40,75,0.0,0.0,0.0,市场情绪强，板块情绪强
2026-07-27,003008.SZ,开普检测,main,16.31,0.020173702405600447,0.0,-0.0103155339805826,-0.0539443155452435,0.5426916385474506,88,0.0159362549800796,40,75,0.0,0.0,0.0,市场情绪强，板块情绪强
2026-07-27,301360.SZ,荣旗科技,chinext,45.63,0.02017295174658947,0.0,-0.0291489361702127,-0.0421914357682619,0.6529610785033931,88,0.0159362549800796,40,10,0.0,0.0,0.0,市场情绪强，板块情绪强
2026-07-27,603758.SH,秦安股份,main,8.62,0.020159415717644968,0.0,-0.0034682080924857,-0.0506607929515419,0.6526186021742659,88,0.0159362549800796,40,75,0.0,0.0,0.0,市场情绪强，板块情绪强
2026-07-27,000514.SZ,渝 开 发,main,3.59,0.020151514357041427,0.0,-0.0055401662049862,-0.0244565217391304,0.682675535025817,88,0.0159362549800796,40,75,0.0,0.0,0.0,市场情绪强，板块情绪强
2026-07-27,603072.SH,天和磁材,main,30.0,0.020151381318624956,0.0,-0.0328820116054158,-0.0569003458032064,0.6358839641189877,88,0.0159362549800796,40,75,0.0,0.0,0.0,市场情绪强，板块情绪强
2026-07-27,688168.SH,安博通,star,36.52,0.02013276840122368,0.0,-0.1097025841053145,-0.1709421112372302,0.5407266272257906,88,0.0159362549800796,40,3,0.0,0.0,0.0,市场情绪强
2026-07-27,000875.SZ,电投绿能,main,5.06,0.02011474713735682,0.0,-0.026923076923077,0.0181086519114688,0.8125994731700815,88,0.0159362549800796,40,75,0.0,0.0,0.0,市场情绪强，板块情绪强
2026-07-27,002398.SZ,垒知集团,main,3.66,0.02010915198786296,0.0,-0.0134770889487869,-0.0317460317460316,0.7475808368538707,88,0.0159362549800796,40,75,0.0,0.0,0.0,市场情绪强，板块情绪强
2026-07-27,601088.SH,中国神华,main,45.7,0.020106702894836764,0.0,0.0133037694013304,0.0398179749715585,0.7290197550128494,88,0.0159362549800796,40,75,0.0,0.0,0.0,市场情绪强，板块情绪强
2026-07-27,601216.SH,君正集团,main,4.64,0.020103991754407285,0.0,0.0086956521739129,0.0403587443946187,0.6479792283591123,88,0.0159362549800796,40,75,0.0,0.0,0.0,市场情绪强，板块情绪强
2026-07-27,603280.SH,南方路机,main,23.42,0.020095995676521282,0.0,-0.0080474375264717,-0.0366104483751541,0.7197075242368631,88,0.0159362549800796,40,75,0.0,0.0,0.0,市场情绪强，板块情绪强
2026-07-27,000729.SZ,燕京啤酒,main,12.42,0.020080773689766115,0.0,0.0016129032258063,0.0402010050251255,0.5441192006388836,88,0.0159362549800796,40,75,0.0,0.0,0.0,市场情绪强，板块情绪强
2026-07-27,000536.SZ,华映科技,main,2.97,0.020076271709801904,0.0,-0.0262295081967212,-0.0262295081967212,0.6427424203377416,88,0.0159362549800796,40,75,0.0,0.0,0.0,市场情绪强，板块情绪强
2026-07-27,000797.SZ,中国武夷,main,2.23,0.02007362774500869,0.0,0.0045045045045044,-0.0088888888888889,0.7312528538731663,88,0.0159362549800796,40,75,0.0,0.0,0.0,市场情绪强，板块情绪强
2026-07-27,601318.SH,中国平安,main,54.02,0.020072459992195226,0.0,0.0213650973719039,0.0654832347140039,0.708076505965137,88,0.0159362549800796,40,75,0.0,0.0,0.0,市场情绪强，板块情绪强
2026-07-27,000736.SZ,中交发展,main,3.83,0.020060273408274393,0.0,-0.0051948051948051,-0.0376884422110552,0.7633112859919657,88,0.0159362549800796,40,75,0.0,0.0,0.0,市场情绪强，板块情绪强
2026-07-27,605136.SH,丽人丽妆,main,7.06,0.020055952285144656,0.0,-0.0248618784530387,-0.0497981157469717,0.7192252319827722,88,0.0159362549800796,40,75,0.0,0.0,0.0,市场情绪强，板块情绪强
2026-07-27,002946.SZ,新乳业,main,15.43,0.020054656979367973,0.0,-0.0264984227129337,-0.0203174603174602,0.6958894818821076,88,0.0159362549800796,40,75,0.0,0.0,0.0,市场情绪强，板块情绪强
2026-07-27,600620.SH,天宸股份,main,3.82,0.02005349884314032,0.0,-0.0205128205128205,-0.0660146699266504,0.6971496160276148,88,0.0159362549800796,40,75,0.0,0.0,0.0,市场情绪强，板块情绪强
2026-07-27,000548.SZ,湖南投资,main,4.05,0.020051545032078694,0.0,-0.004914004914005,-0.0380047505938242,0.6762489658484669,88,0.0159362549800796,40,75,0.0,0.0,0.0,市场情绪强，板块情绪强
2026-07-27,300988.SZ,津荣天宇,chinext,14.18,0.020047274625784768,0.0,0.0395894428152492,0.0253073029645698,0.7795295185959106,88,0.0159362549800796,40,10,0.0,0.0,0.0,市场情绪强，板块情绪强
2026-07-27,002387.SZ,维信诺,main,6.14,0.020031572709021506,0.0,-0.0222929936305733,-0.0238473767885533,0.8162744072897761,88,0.0159362549800796,40,75,0.0,0.0,0.0,市场情绪强，板块情绪强
2026-07-27,603365.SH,水星家纺,main,17.74,0.0200297726842967,0.0,-0.0327153762268266,0.0183696900114809,0.3867782939987755,88,0.0159362549800796,40,75,0.0,0.0,0.0,市场情绪强，板块情绪强
2026-07-27,600592.SH,龙溪股份,main,12.76,0.02002872918490362,0.0,-0.0222222222222222,-0.0318664643399089,0.6790515133831763,88,0.0159362549800796,40,75,0.0,0.0,0.0,市场情绪强，板块情绪强
2026-07-27,600217.SH,中再资环,main,3.04,0.020023468865098447,0.0,0.0,0.0,1.2958778563288975,88,0.0159362549800796,40,75,0.0,0.0,0.0,市场情绪强，板块情绪强
2026-07-27,600483.SH,福能股份,main,10.69,0.0200052867947626,0.0,-0.040394973070018,-0.0009345794392523,0.5540101550611793,88,0.0159362549800796,40,75,0.0,0.0,0.0,市场情绪强，板块情绪强
2026-07-27,601279.SH,英利汽车,main,2.92,0.019996946627025204,0.0,0.0034364261168384,-0.0363036303630363,0.8084312641967462,88,0.0159362549800796,40,75,0.0,0.0,0.0,市场情绪强，板块情绪强
2026-07-27,300174.SZ,元力股份,chinext,18.06,0.019986824209116464,0.0,-0.0305958132045088,-0.047970479704797,0.873338353957943,88,0.0159362549800796,40,10,0.0,0.0,0.0,市场情绪强，板块情绪强
2026-07-27,002148.SZ,北纬科技,main,5.73,0.019980452374394966,0.0,-0.018835616438356,-0.0320945945945945,0.6522449337131178,88,0.0159362549800796,40,75,0.0,0.0,0.0,市场情绪强，板块情绪强
2026-07-27,000705.SZ,浙江震元,main,6.12,0.019966658635265158,0.0,-0.0192307692307692,-0.0555555555555555,0.8194102969947931,88,0.0159362549800796,40,75,0.0,0.0,0.0,市场情绪强，板块情绪强
2026-07-27,600201.SH,生物股份,main,11.19,0.019958754510306265,0.0,-0.0278019113814075,-0.0336787564766839,0.7282836732688709,88,0.0159362549800796,40,75,0.0,0.0,0.0,市场情绪强，板块情绪强
2026-07-27,000530.SZ,冰山冷热,main,4.62,0.01994851317243329,0.0,-0.0064516129032258,-0.0354906054279748,0.5781913084349954,88,0.0159362549800796,40,75,0.0,0.0,0.0,市场情绪强，板块情绪强
2026-07-27,603333.SH,福华尚纬,main,8.27,0.019946357364451606,0.0,0.0209876543209877,0.0376411543287327,1.059409244585637,88,0.0159362549800796,40,75,0.0,0.0,0.0,市场情绪强，板块情绪强
2026-07-27,600665.SH,天地源,main,2.67,0.01993410116263965,0.0,-0.036101083032491,-0.0729166666666666,0.6904491367461609,88,0.0159362549800796,40,75,0.0,0.0,0.0,市场情绪强，板块情绪强
2026-07-27,002905.SZ,金逸影视,main,6.87,0.019921340234035072,0.0,-0.0310296191819463,-0.0703653585926927,0.7490287822517593,88,0.0159362549800796,40,75,0.0,0.0,0.0,市场情绪强，板块情绪强
2026-07-27,688258.SH,卓易信息,star,94.13,0.01991893240064504,0.0,-0.1262415297503017,-0.1192926646706586,0.723852529023831,88,0.0159362549800796,40,3,0.0,0.0,0.0,市场情绪强
2026-07-27,603982.SH,泉峰汽车,main,5.19,0.01991853954653806,0.0,-0.0151802656546488,-0.0580762250453719,0.6031811487918893,88,0.0159362549800796,40,75,0.0,0.0,0.0,市场情绪强，板块情绪强
2026-07-27,603013.SH,亚普股份,main,15.52,0.019912541849507057,0.0,-0.0293933708567855,-0.0146031746031746,0.5744723140554799,88,0.0159362549800796,40,75,0.0,0.0,0.0,市场情绪强，板块情绪强
2026-07-27,603787.SH,新日股份,main,9.26,0.01990965872642545,0.0,0.0043383947939261,-0.0232067510548523,0.574502552189993,88,0.0159362549800796,40,75,0.0,0.0,0.0,市场情绪强，板块情绪强
2026-07-27,300889.SZ,爱克股份,chinext,16.79,0.01990322286792775,0.0,-0.128245067497404,-0.2016167379933429,0.6175195909293777,88,0.0159362549800796,40,10,0.0,0.0,0.0,市场情绪强，板块情绪强
2026-07-27,600072.SH,中船科技,main,8.34,0.019902406461628306,0.0,0.0084643288996373,0.0411985018726592,0.9935385552502164,88,0.0159362549800796,40,75,0.0,0.0,0.0,市场情绪强，板块情绪强
2026-07-27,000096.SZ,广聚能源,main,7.44,0.019892489736809172,0.0,-0.0119521912350597,-0.0558375634517765,0.7588196126930725,88,0.0159362549800796,40,75,0.0,0.0,0.0,市场情绪强，板块情绪强
2026-07-27,688256.SH,寒武纪,star,1225.0,0.019885413916509418,0.0,-0.0926060354661412,0.0289102790236692,0.6500138172874342,88,0.0159362549800796,40,3,0.0,0.0,0.0,市场情绪强
2026-07-27,600231.SH,凌钢股份,main,1.61,0.019885068053616742,0.0,0.0,-0.0122699386503066,0.9311676197473866,88,0.0159362549800796,40,75,0.0,0.0,0.0,市场情绪强，板块情绪强
2026-07-27,002011.SZ,盾安环境,main,10.21,0.01988405919525524,0.0,0.0009803921568629,0.0261306532663319,0.941680293323103,88,0.0159362549800796,40,75,0.0,0.0,0.0,市场情绪强，板块情绪强
2026-07-27,603238.SH,诺邦股份,main,10.75,0.01987754987098268,0.0,-0.0155677655677655,-0.06764960971379,0.7506191363707307,88,0.0159362549800796,40,75,0.0,0.0,0.0,市场情绪强，板块情绪强
2026-07-27,600865.SH,百大集团,main,7.68,0.019858491790449885,0.0,-0.0253807106598985,-0.0656934306569344,0.6607543665024123,88,0.0159362549800796,40,75,0.0,0.0,0.0,市场情绪强，板块情绪强
2026-07-27,603086.SH,先达股份,main,5.04,0.01985511266596793,0.0,-0.0194552529182878,-0.0544090056285178,0.7596694781406887,88,0.0159362549800796,40,75,0.0,0.0,0.0,市场情绪强，板块情绪强
2026-07-27,002626.SZ,金达威,main,13.22,0.019850608526525954,0.0,-0.0468637346791636,-0.1067567567567567,0.5074381594540861,88,0.0159362549800796,40,75,0.0,0.0,0.0,市场情绪强，板块情绪强
2026-07-27,300407.SZ,凯发电气,chinext,10.87,0.01984856099288514,0.0,0.1514830508474576,0.1454162276080084,1.650016994872148,88,0.0159362549800796,40,10,0.0,0.0,0.0,成交量放大，短线动量强，市场情绪强，板块情绪强
2026-07-27,603258.SH,电魂网络,main,10.82,0.019846073746382677,0.0,-0.0407801418439716,-0.0508771929824561,0.7529883219102225,88,0.0159362549800796,40,75,0.0,0.0,0.0,市场情绪强，板块情绪强
2026-07-27,000796.SZ,凯撒旅业,main,3.45,0.019837924538959276,0.0,-0.0114613180515759,-0.0142857142857142,0.917076851303444,88,0.0159362549800796,40,75,0.0,0.0,0.0,市场情绪强，板块情绪强
2026-07-27,603350.SH,安乃达,main,25.94,0.01979581894141222,0.0,-0.086619718309859,-0.0833922261484099,0.4289747124779716,88,0.0159362549800796,40,75,0.0,0.0,0.0,市场情绪强，板块情绪强
2026-07-27,000564.SZ,供销大集,main,1.31,0.019793088712523742,0.0,-0.0296296296296296,-0.0150375939849624,1.2353753570437012,88,0.0159362549800796,40,75,0.0,0.0,0.0,市场情绪强，板块情绪强
2026-07-27,603298.SH,杭叉集团,main,26.37,0.019791278628224183,0.0,0.008413001912046,0.0087987758224943,0.8645151968543793,88,0.0159362549800796,40,75,0.0,0.0,0.0,市场情绪强，板块情绪强
2026-07-27,603528.SH,多伦科技,main,5.43,0.01978616341428187,0.0,-0.0440140845070422,-0.0440140845070422,0.6215772416525791,88,0.0159362549800796,40,75,0.0,0.0,0.0,市场情绪强，板块情绪强
2026-07-27,002722.SZ,物产金轮,main,11.61,0.019771912988665385,0.0,-0.0076923076923076,-0.0276381909547738,0.7528946338397471,88,0.0159362549800796,40,75,0.0,0.0,0.0,市场情绪强，板块情绪强
2026-07-27,600653.SH,申华控股,main,1.57,0.019769626400164518,0.0,0.0064102564102563,-0.01875,0.8067059177045702,88,0.0159362549800796,40,75,0.0,0.0,0.0,市场情绪强，板块情绪强
2026-07-27,601890.SH,亚星锚链,main,8.26,0.019764412106966115,0.0,0.0110159118727048,0.0416141235813367,1.2735417150721489,88,0.0159362549800796,40,75,0.0,0.0,0.0,市场情绪强，板块情绪强
2026-07-27,600150.SH,XD中国船,main,33.06,0.019763267805330442,0.0,0.0030339805825243,0.0222634508348793,0.814567718753369,88,0.0159362549800796,40,75,0.0,0.0,0.0,市场情绪强，板块情绪强
2026-07-27,600480.SH,凌云股份,main,8.24,0.019750614536721167,0.0,-0.0096153846153845,0.0198019801980198,0.6969078042501448,88,0.0159362549800796,40,75,0.0,0.0,0.0,市场情绪强，板块情绪强
2026-07-27,688585.SH,上纬新材,star,113.4,0.019748544246265386,0.0,-0.1261462587655082,-0.0976366674624015,0.8330253999797478,88,0.0159362549800796,40,3,0.0,0.0,0.0,市场情绪强
2026-07-27,002051.SZ,中工国际,main,8.23,0.019746879847702473,0.0,-0.0294811320754716,-0.0178997613365156,0.8571071679130764,88,0.0159362549800796,40,75,0.0,0.0,0.0,市场情绪强，板块情绪强
2026-07-27,603882.SH,金域医学,main,25.97,0.01974634029478807,0.0,-0.0277049794084612,-0.0151687523701176,0.6538003218233412,88,0.0159362549800796,40,75,0.0,0.0,0.0,市场情绪强，板块情绪强
2026-07-27,000419.SZ,通程控股,main,4.54,0.019739318907298083,0.0,-0.0108932461873637,-0.0462184873949579,0.8501450413589552,88,0.0159362549800796,40,75,0.0,0.0,0.0,市场情绪强，板块情绪强
2026-07-27,000983.SZ,山西焦煤,main,6.29,0.019736937043656772,0.0,0.0063999999999999,0.0396694214876034,0.7432176603441869,88,0.0159362549800796,40,75,0.0,0.0,0.0,市场情绪强，板块情绪强
2026-07-27,002599.SZ,盛通股份,main,5.87,0.019730585690868704,0.0,-0.0151006711409396,-0.0017006802721087,0.4237532055971804,88,0.0159362549800796,40,75,0.0,0.0,0.0,市场情绪强，板块情绪强
2026-07-27,002184.SZ,海得控制,main,8.93,0.01972565462762807,0.0,-0.0143487858719647,-0.0197585071350164,0.6516457193899144,88,0.0159362549800796,40,75,0.0,0.0,0.0,市场情绪强，板块情绪强
2026-07-27,600251.SH,冠农股份,main,9.14,0.019715896002014427,0.0,0.0166852057842046,0.0481651376146787,0.8849673742591111,88,0.0159362549800796,40,75,0.0,0.0,0.0,市场情绪强，板块情绪强
2026-07-27,600754.SH,锦江酒店,main,17.63,0.01971386433844839,0.0,-0.0465116279069767,-0.0078784468204839,0.8260086238577267,88,0.0159362549800796,40,75,0.0,0.0,0.0,市场情绪强，板块情绪强
2026-07-27,601089.SH,福元医药,main,16.37,0.019713409123488117,0.0,-0.028486646884273,-0.045481049562682,0.6473732020854794,88,0.0159362549800796,40,75,0.0,0.0,0.0,市场情绪强，板块情绪强
2026-07-27,000570.SZ,苏常柴Ａ,main,4.74,0.019705099021302488,0.0,-0.0042016806722687,-0.0062893081761005,0.6288399567878274,88,0.0159362549800796,40,75,0.0,0.0,0.0,市场情绪强，板块情绪强
2026-07-27,600966.SH,博汇纸业,main,4.49,0.01969416103459849,0.0,0.0135440180586907,-0.0239130434782607,0.7596912688157562,88,0.0159362549800796,40,75,0.0,0.0,0.0,市场情绪强，板块情绪强
2026-07-27,000719.SZ,中原传媒,main,12.27,0.01969223590191056,0.0,0.0073891625615762,0.0224999999999999,0.870214463730794,88,0.0159362549800796,40,75,0.0,0.0,0.0,市场情绪强，板块情绪强
2026-07-27,002562.SZ,兄弟科技,main,4.17,0.01969028643010721,0.0,-0.0324825986078886,-0.0234192037470725,0.9903462060279132,88,0.0159362549800796,40,75,0.0,0.0,0.0,市场情绪强，板块情绪强
2026-07-27,002097.SZ,山河智能,main,6.8,0.019678510096073597,0.0,-0.0029325513196482,0.0014727540500736,0.7435740138570832,88,0.0159362549800796,40,75,0.0,0.0,0.0,市场情绪强，板块情绪强
2026-07-27,300390.SZ,天华新能,chinext,56.7,0.019669505523879454,0.0,0.0157649587961303,-0.0056120659417747,0.8648031900479146,88,0.0159362549800796,40,10,0.0,0.0,0.0,市场情绪强，板块情绪强
2026-07-27,600825.SH,新华传媒,main,4.58,0.019663205117273243,0.0,-0.0556701030927834,-0.0633946830265848,0.4994216534854084,88,0.0159362549800796,40,75,0.0,0.0,0.0,市场情绪强，板块情绪强
2026-07-27,600212.SH,绿能慧充,main,4.88,0.01966305212342533,0.0,-0.0061099796334013,-0.0161290322580645,0.7409900279882656,88,0.0159362549800796,40,75,0.0,0.0,0.0,市场情绪强，板块情绪强
2026-07-27,603486.SH,科沃斯,main,53.3,0.019661167417943964,0.0,-0.0541259982253772,-0.0016857089342574,0.4866595564279074,88,0.0159362549800796,40,75,0.0,0.0,0.0,市场情绪强，板块情绪强
2026-07-27,000813.SZ,德展健康,main,3.19,0.019657610877102338,0.0,-0.0214723926380367,-0.0244648318042813,0.7321998408770869,88,0.0159362549800796,40,75,0.0,0.0,0.0,市场情绪强，板块情绪强
2026-07-27,600776.SH,东方通信,main,11.53,0.019657235049804406,0.0,-0.022052586938083,0.0026086956521738,0.781348643165207,88,0.0159362549800796,40,75,0.0,0.0,0.0,市场情绪强，板块情绪强
2026-07-27,000528.SZ,柳 工,main,8.49,0.019657017822158562,0.0,0.0192076830732292,0.053349875930521,0.7095501759802707,88,0.0159362549800796,40,75,0.0,0.0,0.0,市场情绪强，板块情绪强
2026-07-27,000552.SZ,甘肃能化,main,2.55,0.019656625073145088,0.0,0.0159362549800796,0.0323886639676112,0.9548339178285632,88,0.0159362549800796,40,75,0.0,0.0,0.0,市场情绪强，板块情绪强
2026-07-27,600682.SH,南京新百,main,5.27,0.019655905461422873,0.0,-0.0294659300184162,-0.0276752767527675,1.0099490528234374,88,0.0159362549800796,40,75,0.0,0.0,0.0,市场情绪强，板块情绪强
2026-07-27,688678.SH,福立旺,star,15.94,0.01965233153480224,0.0,-0.0595870206489675,-0.1070028011204482,0.5397664869112626,88,0.0159362549800796,40,3,0.0,0.0,0.0,市场情绪强
2026-07-27,300966.SZ,共同药业,chinext,22.82,0.019643557221882404,0.0,0.0079505300353357,-0.1243284727551803,0.6940694208856638,88,0.0159362549800796,40,10,0.0,0.0,0.0,市场情绪强，板块情绪强
2026-07-27,603860.SH,中公高科,main,22.68,0.019643456810716657,0.0,-0.0056992547128451,-0.0561797752808989,0.665067611158756,88,0.0159362549800796,40,75,0.0,0.0,0.0,市场情绪强，板块情绪强
2026-07-27,002321.SZ,华英农业,main,1.81,0.019643052030100683,0.0,-0.0054945054945054,-0.0268817204301075,0.8735391250127932,88,0.0159362549800796,40,75,0.0,0.0,0.0,市场情绪强，板块情绪强
2026-07-27,600997.SH,开滦股份,main,5.21,0.019635972374116746,0.0,-0.0076190476190476,-0.0019157088122604,0.6981429649985386,88,0.0159362549800796,40,75,0.0,0.0,0.0,市场情绪强，板块情绪强
2026-07-27,002086.SZ,东方海洋,main,1.7,0.01962584282253698,0.0,0.0059171597633136,-0.0173410404624277,0.8702968231223734,88,0.0159362549800796,40,75,0.0,0.0,0.0,市场情绪强，板块情绪强
2026-07-27,601677.SH,明泰铝业,main,15.69,0.019623329794635495,0.0,-0.0063331222292589,0.0109536082474226,0.9155939279596036,88,0.0159362549800796,40,75,0.0,0.0,0.0,市场情绪强，板块情绪强
2026-07-27,600976.SH,健民集团,main,27.43,0.01962128289620674,0.0,-0.0395658263305321,-0.0676410605030591,0.7212113558222925,88,0.0159362549800796,40,75,0.0,0.0,0.0,市场情绪强，板块情绪强
2026-07-27,600570.SH,恒生电子,main,20.78,0.0196140792040756,0.0,-0.0325884543761638,0.0358923230309073,0.6709988471650468,88,0.0159362549800796,40,75,0.0,0.0,0.0,市场情绪强，板块情绪强
2026-07-27,601956.SH,东贝集团,main,4.45,0.01961154087949924,0.0,0.0022522522522521,-0.0198237885462554,0.7436585095477554,88,0.0159362549800796,40,75,0.0,0.0,0.0,市场情绪强，板块情绪强
2026-07-27,002395.SZ,双象股份,main,11.32,0.01960907369150789,0.0,-0.0113537117903929,-0.0495382031905961,0.7646457261656039,88,0.0159362549800796,40,75,0.0,0.0,0.0,市场情绪强，板块情绪强
2026-07-27,002243.SZ,力合科创,main,6.48,0.019603299753264074,0.0,-0.0553935860058308,-0.0255639097744361,0.6926257406210174,88,0.0159362549800796,40,75,0.0,0.0,0.0,市场情绪强，板块情绪强
2026-07-27,000599.SZ,青岛双星,main,4.32,0.019598704096631708,0.0,-0.0159453302961274,-0.0292134831460674,0.6532847750867546,88,0.0159362549800796,40,75,0.0,0.0,0.0,市场情绪强，板块情绪强
2026-07-27,002400.SZ,省广集团,main,5.8,0.019597221515583782,0.0,-0.0381426202321725,0.0017271157167528,0.9037291843671412,88,0.0159362549800796,40,75,0.0,0.0,0.0,市场情绪强，板块情绪强
2026-07-27,300656.SZ,民德电子,chinext,23.08,0.019594667478931068,0.0,-0.0174542358450404,-0.0458867300537413,0.6572867482544025,88,0.0159362549800796,40,10,0.0,0.0,0.0,市场情绪强，板块情绪强
2026-07-27,688282.SH,理工导航,star,49.6,0.019591987778025944,0.0,0.0324729392173188,0.0030333670374114,1.1986518085666968,88,0.0159362549800796,40,3,0.0,0.0,0.0,市场情绪强
2026-07-27,603039.SH,泛微网络,main,28.45,0.019590726472976557,0.0,-0.0472203616878768,-0.0196416264645072,0.8341308398052615,88,0.0159362549800796,40,75,0.0,0.0,0.0,市场情绪强，板块情绪强
2026-07-27,300623.SZ,捷捷微电,chinext,26.02,0.019590467079845224,0.0,-0.0479326747164288,-0.0458379171250458,0.5754658956789955,88,0.0159362549800796,40,10,0.0,0.0,0.0,市场情绪强，板块情绪强
2026-07-27,002544.SZ,普天科技,main,14.86,0.019584909266286653,0.0,-0.03129074315515,-0.03129074315515,0.6300157238203345,88,0.0159362549800796,40,75,0.0,0.0,0.0,市场情绪强，板块情绪强
2026-07-27,000421.SZ,南京公用,main,5.16,0.01958030921699281,0.0,-0.0057803468208093,-0.04089219330855,0.7851521742849465,88,0.0159362549800796,40,75,0.0,0.0,0.0,市场情绪强，板块情绪强
2026-07-27,000882.SZ,华联股份,main,1.34,0.019576280456312163,0.0,0.0,-0.0074074074074074,0.8612829847053914,88,0.0159362549800796,40,75,0.0,0.0,0.0,市场情绪强，板块情绪强
2026-07-27,000561.SZ,烽火电子,main,6.96,0.019573885650183653,0.0,-0.0155586987270156,-0.0042918454935623,1.0322074193578796,88,0.0159362549800796,40,75,0.0,0.0,0.0,市场情绪强，板块情绪强
2026-07-27,600383.SH,金地集团,main,2.15,0.019569889858158378,0.0,-0.0182648401826484,-0.0182648401826484,0.8824165894032141,88,0.0159362549800796,40,75,0.0,0.0,0.0,市场情绪强，板块情绪强
2026-07-27,603113.SH,金能科技,main,4.21,0.019566860407310926,0.0,0.0095923261390886,-0.0070754716981132,0.7950372862370565,88,0.0159362549800796,40,75,0.0,0.0,0.0,市场情绪强，板块情绪强
2026-07-27,002054.SZ,德美化工,main,6.44,0.01956564280238663,0.0,-0.031578947368421,-0.0515463917525772,0.9208175907082072,88,0.0159362549800796,40,75,0.0,0.0,0.0,市场情绪强，板块情绪强
2026-07-27,002985.SZ,北摩高科,main,23.88,0.019561320202134313,0.0,-0.0136307311028501,-0.0074812967581047,0.8802156560225959,88,0.0159362549800796,40,75,0.0,0.0,0.0,市场情绪强，板块情绪强
2026-07-27,603089.SH,正裕工业,main,7.87,0.01956054171529271,0.0,-0.0113065326633166,-0.0414129110840439,0.4987724364284694,88,0.0159362549800796,40,75,0.0,0.0,0.0,市场情绪强，板块情绪强
2026-07-27,603197.SH,保隆科技,main,27.75,0.019553313070345447,0.0,-0.0480274442538593,-0.0615488670950287,0.6016066532929917,88,0.0159362549800796,40,75,0.0,0.0,0.0,市场情绪强，板块情绪强
2026-07-27,002597.SZ,金禾实业,main,18.54,0.01953874287966693,0.0,-0.0711422845691384,-0.058405281868969,1.0261291008712892,88,0.0159362549800796,40,75,0.0,0.0,0.0,市场情绪强，板块情绪强
2026-07-27,600862.SH,中航高科,main,17.84,0.019530331992043747,0.0,-0.049040511727079,-0.0387931034482758,0.9148819760753752,88,0.0159362549800796,40,75,0.0,0.0,0.0,市场情绪强，板块情绪强
2026-07-27,000407.SZ,胜利股份,main,3.78,0.019526164732234615,0.0,-0.0026385224274406,-0.0130548302872063,0.7938943204542102,88,0.0159362549800796,40,75,0.0,0.0,0.0,市场情绪强，板块情绪强
2026-07-27,601068.SH,中铝国际,main,4.26,0.019525414045579708,0.0,-0.0116009280742459,0.0118764845605701,1.0464549173374431,88,0.0159362549800796,40,75,0.0,0.0,0.0,市场情绪强，板块情绪强
2026-07-27,603273.SH,天元智能,main,12.59,0.019522336912157715,0.0,-0.01640625,-0.045489006823351,0.6015131014046048,88,0.0159362549800796,40,75,0.0,0.0,0.0,市场情绪强，板块情绪强
2026-07-27,600375.SH,汉马科技,main,3.76,0.01952080994448791,0.0,0.0,-0.007915567282322,0.8602918992960471,88,0.0159362549800796,40,75,0.0,0.0,0.0,市场情绪强，板块情绪强
2026-07-27,603638.SH,艾迪精密,main,18.72,0.0194983977915336,0.0,-0.0473282442748091,-0.0270270270270269,0.6802878347918477,88,0.0159362549800796,40,75,0.0,0.0,0.0,市场情绪强，板块情绪强
2026-07-27,601226.SH,华电科工,main,5.64,0.019498133026655432,0.0,-0.0105263157894737,-0.0122591943957969,0.8139244384361791,88,0.0159362549800796,40,75,0.0,0.0,0.0,市场情绪强，板块情绪强
2026-07-27,600630.SH,龙头股份,main,6.02,0.019491744733430707,0.0,-0.0211382113821139,-0.0579029733959312,0.7140085382585211,88,0.0159362549800796,40,75,0.0,0.0,0.0,市场情绪强，板块情绪强
2026-07-27,603477.SH,巨星农牧,main,14.52,0.019488628540767286,0.0,-0.0122448979591837,-0.040317250495704,0.6219198033124352,88,0.0159362549800796,40,75,0.0,0.0,0.0,市场情绪强，板块情绪强
2026-07-27,603266.SH,天龙股份,main,14.55,0.019471169211465543,0.0,-0.0241448692152916,-0.0624999999999998,0.6421445386226633,88,0.0159362549800796,40,75,0.0,0.0,0.0,市场情绪强，板块情绪强
2026-07-27,688206.SH,概伦电子,star,34.18,0.019459151257596778,0.0,-0.0787061994609165,-0.1110533159947985,0.6330001598844955,88,0.0159362549800796,40,3,0.0,0.0,0.0,市场情绪强
2026-07-27,601162.SH,天风证券,main,3.57,0.019447932326913386,0.0,-0.0403225806451613,-0.0555555555555555,0.6505361541427425,88,0.0159362549800796,40,75,0.0,0.0,0.0,市场情绪强，板块情绪强
2026-07-27,600051.SH,宁波联合,main,5.56,0.019447699288861066,0.0,-0.0124333925399645,-0.0639730639730641,0.9089562658315,88,0.0159362549800796,40,75,0.0,0.0,0.0,市场情绪强，板块情绪强
2026-07-27,600272.SH,开开实业,main,10.03,0.019442109120976308,0.0,-0.0411089866156789,-0.0980215827338129,0.8695419253245398,88,0.0159362549800796,40,75,0.0,0.0,0.0,市场情绪强，板块情绪强
2026-07-27,603369.SH,今世缘,main,25.52,0.019434391106173315,0.0,-0.0329670329670329,-0.0042918454935622,0.6986889026577673,88,0.0159362549800796,40,75,0.0,0.0,0.0,市场情绪强，板块情绪强
2026-07-27,601933.SH,永辉超市,main,2.99,0.01943154683184586,0.0,-0.0416666666666666,-0.026058631921824,1.0828574901546288,88,0.0159362549800796,40,75,0.0,0.0,0.0,市场情绪强，板块情绪强
2026-07-27,002098.SZ,浔兴股份,main,6.18,0.019422582965546085,0.0,-0.0112,-0.0564885496183206,0.6467105869845403,88,0.0159362549800796,40,75,0.0,0.0,0.0,市场情绪强，板块情绪强
2026-07-27,001277.SZ,速达股份,main,25.4,0.019416310637362544,0.0,-0.0128254955305091,-0.0578635014836795,0.5879342452460602,88,0.0159362549800796,40,75,0.0,0.0,0.0,市场情绪强，板块情绪强
2026-07-27,600718.SH,东软集团,main,8.02,0.019414781547248874,0.0,0.0024999999999999,0.0511140235910878,0.8560894297800975,88,0.0159362549800796,40,75,0.0,0.0,0.0,市场情绪强，板块情绪强
2026-07-27,002607.SZ,中公教育,main,1.74,0.0194078159814781,0.0,-0.0169491525423729,-0.0279329608938547,0.7976232568211462,88,0.0159362549800796,40,75,0.0,0.0,0.0,市场情绪强，板块情绪强
2026-07-27,002110.SZ,三钢闽光,main,2.98,0.019407386432125893,0.0,0.0033670033670032,-0.0033444816053512,0.9653102039632112,88,0.0159362549800796,40,75,0.0,0.0,0.0,市场情绪强，板块情绪强
2026-07-27,301468.SZ,博盈特焊,chinext,28.14,0.019406169102394403,0.0,-0.0126315789473684,-0.0541176470588234,0.8277774802814345,88,0.0159362549800796,40,10,0.0,0.0,0.0,市场情绪强，板块情绪强
2026-07-27,605080.SH,浙江自然,main,19.37,0.019399852872343228,0.0,-0.0207280080889787,-0.0036008230452675,0.4926835670071524,88,0.0159362549800796,40,75,0.0,0.0,0.0,市场情绪强，板块情绪强
2026-07-27,603808.SH,歌力思,main,7.1,0.019393908000034512,0.0,-0.0138888888888889,-0.0418353576248313,0.5639269805674033,88,0.0159362549800796,40,75,0.0,0.0,0.0,市场情绪强，板块情绪强
2026-07-27,002334.SZ,英威腾,main,6.1,0.019393636363445155,0.0,-0.0129449838187701,-0.0629800307219662,0.6166659225974704,88,0.0159362549800796,40,75,0.0,0.0,0.0,市场情绪强，板块情绪强
2026-07-27,000558.SZ,天府文旅,main,3.14,0.019372373033027822,0.0,0.0031948881789138,-0.0156739811912225,0.8748075755121004,88,0.0159362549800796,40,75,0.0,0.0,0.0,市场情绪强，板块情绪强
2026-07-27,000055.SZ,方大集团,main,3.21,0.01936562731328194,0.0,-0.0031055900621118,-0.018348623853211,0.6566410530617129,88,0.0159362549800796,40,75,0.0,0.0,0.0,市场情绪强，板块情绪强
2026-07-27,002146.SZ,荣盛发展,main,1.07,0.019364311340751558,0.0,-0.0092592592592593,-0.0092592592592593,0.8614052816946993,88,0.0159362549800796,40,75,0.0,0.0,0.0,市场情绪强，板块情绪强
2026-07-27,003005.SZ,竞业达,main,11.39,0.019361628121675436,0.0,-0.0508333333333332,-0.0836685438455349,0.6978416640811392,88,0.0159362549800796,40,75,0.0,0.0,0.0,市场情绪强，板块情绪强
2026-07-27,002662.SZ,峰璟股份,main,3.03,0.019360399754822278,0.0,-0.0162337662337662,-0.0619195046439629,0.6602602023662011,88,0.0159362549800796,40,75,0.0,0.0,0.0,市场情绪强，板块情绪强
2026-07-27,600388.SH,龙净环保,main,16.13,0.0193488504278007,0.0,-0.029482551143201,0.0157430730478589,0.8199671775090502,88,0.0159362549800796,40,75,0.0,0.0,0.0,市场情绪强，板块情绪强
2026-07-27,688719.SH,爱科赛博,star,47.26,0.019344136733398933,0.0,-0.0129490392648288,-0.0263700041203132,0.5494992382674013,88,0.0159362549800796,40,3,0.0,0.0,0.0,市场情绪强
2026-07-27,301005.SZ,超捷股份,chinext,62.6,0.01933814324796638,0.0,-0.070527097253155,-0.089057043073341,0.5721287757610272,88,0.0159362549800796,40,10,0.0,0.0,0.0,市场情绪强，板块情绪强
2026-07-27,600955.SH,维远股份,main,11.77,0.019328244514508097,0.0,0.0008503401360544,-0.0288778877887788,0.6082452733010753,88,0.0159362549800796,40,75,0.0,0.0,0.0,市场情绪强，板块情绪强
2026-07-27,600262.SH,北方股份,main,13.31,0.019325201365619177,0.0,0.012167300380228,0.0270061728395061,0.6802450443187781,88,0.0159362549800796,40,75,0.0,0.0,0.0,市场情绪强，板块情绪强
2026-07-27,603997.SH,继峰股份,main,11.38,0.019323719312341805,0.0,-0.0508757297748122,-0.0469011725293131,0.5400184205475098,88,0.0159362549800796,40,75,0.0,0.0,0.0,市场情绪强，板块情绪强
2026-07-27,301209.SZ,联合化学,chinext,42.6,0.019322762109592922,0.0,-0.079913606911447,-0.0370705244122965,0.6762794438722035,88,0.0159362549800796,40,10,0.0,0.0,0.0,市场情绪强，板块情绪强
2026-07-27,300540.SZ,蜀道装备,chinext,30.2,0.019316787527942518,0.0,-0.0286265680283049,-0.0933653557490243,1.028708874933549,88,0.0159362549800796,40,10,0.0,0.0,0.0,市场情绪强，板块情绪强
2026-07-27,601789.SH,宁波建工,main,4.01,0.019311041471481136,0.0,-0.0049627791563277,0.0126262626262625,1.0738468613458578,88,0.0159362549800796,40,75,0.0,0.0,0.0,市场情绪强，板块情绪强
2026-07-27,300576.SZ,容大感光,chinext,26.83,0.019310986312113372,0.0,-0.04925584691708,-0.0786401098901099,0.664695088370505,88,0.0159362549800796,40,10,0.0,0.0,0.0,市场情绪强，板块情绪强
2026-07-27,688802.SH,沐曦股份,star,821.61,0.019305793364885238,0.0,-0.0830245535714285,0.0533866687180275,0.7248851121102562,88,0.0159362549800796,40,3,0.0,0.0,0.0,市场情绪强
2026-07-27,300586.SZ,美联新材,chinext,7.52,0.019304501575160872,0.0,-0.0669975186104219,-0.1245634458672876,0.5607754196923693,88,0.0159362549800796,40,10,0.0,0.0,0.0,市场情绪强，板块情绪强
2026-07-27,688578.SH,艾力斯,star,119.24,0.019304243034589066,0.0,-0.1034586466165413,0.0395815170008717,0.7210685146612811,88,0.0159362549800796,40,3,0.0,0.0,0.0,市场情绪强
2026-07-27,001313.SZ,粤海饲料,main,6.95,0.019301662463567494,0.0,-0.0141843971631204,-0.0400552486187845,0.6407353250318416,88,0.0159362549800796,40,75,0.0,0.0,0.0,市场情绪强，板块情绪强
2026-07-27,000707.SZ,双环科技,main,4.14,0.019290783640545567,0.0,-0.0095693779904306,-0.0327102803738319,0.7350222252506877,88,0.0159362549800796,40,75,0.0,0.0,0.0,市场情绪强，板块情绪强
2026-07-27,600527.SH,江南高纤,main,2.03,0.019281678005396458,0.0,-0.0097560975609756,-0.0097560975609756,0.8993778900755549,88,0.0159362549800796,40,75,0.0,0.0,0.0,市场情绪强，板块情绪强
2026-07-27,002765.SZ,蓝黛科技,main,6.16,0.019274870498537332,0.0,-0.0159744408945686,-0.0374999999999999,0.7011922677465792,88,0.0159362549800796,40,75,0.0,0.0,0.0,市场情绪强，板块情绪强
2026-07-27,603106.SH,恒银科技,main,6.22,0.01927165628449893,0.0,-0.0311526479750778,-0.0371517027863776,0.7603295711076407,88,0.0159362549800796,40,75,0.0,0.0,0.0,市场情绪强，板块情绪强
2026-07-27,002152.SZ,广电运通,main,9.56,0.01926857389862583,0.0,-0.0781099324975891,-0.0304259634888437,0.8971789741725519,88,0.0159362549800796,40,75,0.0,0.0,0.0,市场情绪强，板块情绪强
2026-07-27,603214.SH,爱婴室,main,11.71,0.019260577859083496,0.0,-0.029021558872305,-0.0880062305295948,0.6217386427675604,88,0.0159362549800796,40,75,0.0,0.0,0.0,市场情绪强，板块情绪强
2026-07-27,300655.SZ,晶瑞电材,chinext,12.01,0.019253318327672287,0.0,-0.0345659163987137,-0.0915279878971255,0.7984074153785,88,0.0159362549800796,40,10,0.0,0.0,0.0,市场情绪强，板块情绪强
2026-07-27,600576.SH,祥源文旅,main,5.37,0.0192505911730635,0.0,-0.0376344086021505,-0.0324324324324324,0.7997480673807005,88,0.0159362549800796,40,75,0.0,0.0,0.0,市场情绪强，板块情绪强
2026-07-27,601519.SH,大智慧,main,7.6,0.019246829045973794,0.0,-0.05,-0.0268886043533931,0.7148808575556889,88,0.0159362549800796,40,75,0.0,0.0,0.0,市场情绪强，板块情绪强
2026-07-27,002530.SZ,金财互联,main,6.54,0.019245992278350478,0.0,-0.0209580838323353,-0.0015267175572518,0.8840281596418489,88,0.0159362549800796,40,75,0.0,0.0,0.0,市场情绪强，板块情绪强
2026-07-27,601336.SH,新华保险,main,63.12,0.019235440546503974,0.0,-0.0235148514851485,0.0050955414012738,0.9325120272755492,88,0.0159362549800796,40,75,0.0,0.0,0.0,市场情绪强，板块情绪强
2026-07-27,600796.SH,钱江生化,main,4.68,0.019232617610572704,0.0,-0.0147368421052632,-0.040983606557377,0.8783116912167711,88,0.0159362549800796,40,75,0.0,0.0,0.0,市场情绪强，板块情绪强
2026-07-27,000045.SZ,深纺织Ａ,main,8.74,0.019229731163204818,0.0,-0.0101925254813136,-0.0212765957446807,0.5911027923383015,88,0.0159362549800796,40,75,0.0,0.0,0.0,市场情绪强，板块情绪强
2026-07-27,301169.SZ,零点有数,chinext,46.7,0.0192164987297564,0.0,-0.0236253397449298,-0.0741475019825533,0.82855408775882,88,0.0159362549800796,40,10,0.0,0.0,0.0,市场情绪强，板块情绪强
2026-07-27,600816.SH,建元信托,main,2.41,0.019214968606876253,0.0,-0.0359999999999999,0.0168776371308017,0.770817910029318,88,0.0159362549800796,40,75,0.0,0.0,0.0,市场情绪强，板块情绪强
2026-07-27,600598.SH,北大荒,main,11.91,0.019213900937720567,0.0,0.0320623916811093,0.0484154929577465,0.84607562270423,88,0.0159362549800796,40,75,0.0,0.0,0.0,市场情绪强，板块情绪强
2026-07-27,001286.SZ,陕西能源,main,10.43,0.01920552423958198,0.0,-0.0197368421052632,0.0347222222222221,0.5943564130684895,88,0.0159362549800796,40,75,0.0,0.0,0.0,市场情绪强，板块情绪强
2026-07-27,002044.SZ,美年健康,main,4.32,0.019204267377281314,0.0,-0.0463576158940397,-0.0463576158940397,0.9248683279254776,88,0.0159362549800796,40,75,0.0,0.0,0.0,市场情绪强，板块情绪强
2026-07-27,600733.SH,北汽蓝谷,main,4.73,0.01920384697806321,0.0,0.0150214592274677,0.0238095238095239,0.8484636557265671,88,0.0159362549800796,40,75,0.0,0.0,0.0,市场情绪强，板块情绪强
2026-07-27,002982.SZ,湘佳股份,main,11.17,0.01918571642978177,0.0,-0.019315188762072,-0.0644891122278056,0.8259186809315355,88,0.0159362549800796,40,75,0.0,0.0,0.0,市场情绪强，板块情绪强
2026-07-27,688733.SH,壹石通,star,25.22,0.019184838374925003,0.0,-0.046142208774584,-0.046142208774584,0.5140839787817527,88,0.0159362549800796,40,3,0.0,0.0,0.0,市场情绪强
2026-07-27,002724.SZ,海洋王,main,4.87,0.019180741282422847,0.0,0.0103734439834024,-0.0121703853955374,0.7186569455698124,88,0.0159362549800796,40,75,0.0,0.0,0.0,市场情绪强，板块情绪强
2026-07-27,600981.SH,苏豪汇鸿,main,2.17,0.019177568436447842,0.0,-0.0136363636363637,-0.0312500000000001,0.8946848250852331,88,0.0159362549800796,40,75,0.0,0.0,0.0,市场情绪强，板块情绪强
2026-07-27,688758.SH,赛分科技,star,24.83,0.019173252883067638,0.0,-0.0255102040816327,0.0539049235993209,0.8739370321011978,88,0.0159362549800796,40,3,0.0,0.0,0.0,市场情绪强
2026-07-27,688800.SH,瑞可达,star,59.2,0.019170946781030887,0.0,-0.0133333333333333,-0.0359876241654453,0.6205181145125569,88,0.0159362549800796,40,3,0.0,0.0,0.0,市场情绪强
2026-07-27,300321.SZ,同大股份,chinext,30.8,0.01917053087423237,0.0,-0.0849673202614378,-0.1444444444444443,0.5488204566077889,88,0.0159362549800796,40,10,0.0,0.0,0.0,市场情绪强，板块情绪强
2026-07-27,002340.SZ,格林美,main,6.48,0.01916819097218603,0.0,-0.0046082949308754,0.0285714285714286,0.7516980110543849,88,0.0159362549800796,40,75,0.0,0.0,0.0,市场情绪强，板块情绪强
2026-07-27,603706.SH,东方环宇,main,18.16,0.019163968229733135,0.0,-0.0114316820903648,-0.0462184873949579,0.3466138109734101,88,0.0159362549800796,40,75,0.0,0.0,0.0,市场情绪强，板块情绪强
2026-07-27,002526.SZ,山东矿机,main,2.5,0.01916301166208261,0.0,-0.0039840637450198,-0.0039840637450198,0.7908234823671579,88,0.0159362549800796,40,75,0.0,0.0,0.0,市场情绪强，板块情绪强
2026-07-27,603312.SH,西典新能,main,30.02,0.01915552572943076,0.0,-0.0259571706683972,-0.0624609618988133,0.6707068902422384,88,0.0159362549800796,40,75,0.0,0.0,0.0,市场情绪强，板块情绪强
2026-07-27,603305.SH,旭升集团,main,10.44,0.019137263686180662,0.0,-0.0465753424657534,-0.0261194029850747,0.8458288395695522,88,0.0159362549800796,40,75,0.0,0.0,0.0,市场情绪强，板块情绪强
2026-07-27,603569.SH,长久物流,main,5.46,0.019135845133775906,0.0,-0.0267379679144386,-0.0537261698440207,0.6190022550751908,88,0.0159362549800796,40,75,0.0,0.0,0.0,市场情绪强，板块情绪强
2026-07-27,002219.SZ,新里程,main,1.97,0.019128245868750133,0.0,-0.005050505050505,-0.005050505050505,0.7110226850233463,88,0.0159362549800796,40,75,0.0,0.0,0.0,市场情绪强，板块情绪强
2026-07-27,001367.SZ,海森药业,main,16.96,0.019125910912389157,0.0,-0.0280802292263609,-0.0930481283422459,0.6464710922564041,88,0.0159362549800796,40,75,0.0,0.0,0.0,市场情绪强，板块情绪强
2026-07-27,000049.SZ,德赛电池,main,23.63,0.01911830396441888,0.0,-0.0243600330305532,0.0076759061833688,0.767113052519522,88,0.0159362549800796,40,75,0.0,0.0,0.0,市场情绪强，板块情绪强
2026-07-27,603628.SH,清源股份,main,8.88,0.019117433725108778,0.0,0.0011273957158963,-0.0176991150442475,0.6590648516852076,88,0.0159362549800796,40,75,0.0,0.0,0.0,市场情绪强，板块情绪强
2026-07-27,002489.SZ,浙江永强,main,2.58,0.01910817691879454,0.0,-0.0152671755725191,-0.0300751879699248,0.8000081757526769,88,0.0159362549800796,40,75,0.0,0.0,0.0,市场情绪强，板块情绪强
2026-07-27,002568.SZ,百润股份,main,17.61,0.019107738973853074,0.0,-0.0403269754768393,-0.0377049180327869,0.73863181742432,88,0.0159362549800796,40,75,0.0,0.0,0.0,市场情绪强，板块情绪强
2026-07-27,600738.SH,丽尚国潮,main,3.61,0.019105337706455068,0.0,-0.0243243243243244,-0.0598958333333333,0.8474195385602228,88,0.0159362549800796,40,75,0.0,0.0,0.0,市场情绪强，板块情绪强
2026-07-27,600250.SH,南京商旅,main,7.58,0.019104388151188062,0.0,-0.0091503267973857,-0.0319284802043422,0.938466962923336,88,0.0159362549800796,40,75,0.0,0.0,0.0,市场情绪强，板块情绪强
2026-07-27,002732.SZ,燕塘乳业,main,12.12,0.019099834989425135,0.0,-0.0186234817813765,-0.0676923076923077,0.716621749930467,88,0.0159362549800796,40,75,0.0,0.0,0.0,市场情绪强，板块情绪强
2026-07-27,603613.SH,国联股份,main,17.49,0.01909656905500698,0.0,-0.0384826827927434,0.025806451612903,0.5833625852229396,88,0.0159362549800796,40,75,0.0,0.0,0.0,市场情绪强，板块情绪强
2026-07-27,600622.SH,光大嘉宝,main,1.99,0.019075449039359527,0.0,0.0050505050505049,-0.0148514851485148,0.8635979547548644,88,0.0159362549800796,40,75,0.0,0.0,0.0,市场情绪强，板块情绪强
2026-07-27,601211.SH,国泰海通,main,19.22,0.019073434405678238,0.0,0.0212539851222104,0.0502732240437158,0.9220929116502784,88,0.0159362549800796,40,75,0.0,0.0,0.0,市场情绪强，板块情绪强
2026-07-27,601319.SH,中国人保,main,7.45,0.01907220651518119,0.0,0.0053981106612686,0.0275862068965517,0.6378342946317556,88,0.0159362549800796,40,75,0.0,0.0,0.0,市场情绪强，板块情绪强
2026-07-27,002878.SZ,元隆雅图,main,10.9,0.01906497903763731,0.0,-0.0267857142857141,-0.0388007054673721,0.7324979895540288,88,0.0159362549800796,40,75,0.0,0.0,0.0,市场情绪强，板块情绪强
2026-07-27,002006.SZ,精工科技,main,12.67,0.019050184330313764,0.0,-0.057992565055762,-0.0394238059135708,0.7394406740149929,88,0.0159362549800796,40,75,0.0,0.0,0.0,市场情绪强，板块情绪强
2026-07-27,601877.SH,正泰电器,main,24.45,0.01904586962317539,0.0,0.0045193097781428,0.0399829859634197,0.9105209560639068,88,0.0159362549800796,40,75,0.0,0.0,0.0,市场情绪强，板块情绪强
2026-07-27,301419.SZ,阿莱德,chinext,27.78,0.019039339424693484,0.0,-0.04437564499484,-0.0583050847457626,0.5740327377337154,88,0.0159362549800796,40,10,0.0,0.0,0.0,市场情绪强，板块情绪强
2026-07-27,600292.SH,电投水电,main,12.0,0.019037580716006065,0.0,-0.0330378726833199,-0.0392313851080864,0.9442883375334084,88,0.0159362549800796,40,75,0.0,0.0,0.0,市场情绪强，板块情绪强
2026-07-27,688107.SH,安路科技,star,29.06,0.019030238187612403,0.0,-0.0487725040916531,-0.0528031290743155,0.6205793606832106,88,0.0159362549800796,40,3,0.0,0.0,0.0,市场情绪强
2026-07-27,600651.SH,飞乐音响,main,5.04,0.01902809218162441,0.0,-0.04,-0.0194552529182878,0.7017676118474102,88,0.0159362549800796,40,75,0.0,0.0,0.0,市场情绪强，板块情绪强
2026-07-27,600477.SH,杭萧钢构,main,2.27,0.01901300100744436,0.0,-0.0257510729613734,-0.0173160173160172,0.9522221364780502,88,0.0159362549800796,40,75,0.0,0.0,0.0,市场情绪强，板块情绪强
2026-07-27,002286.SZ,保龄宝,main,7.21,0.01901262758366762,0.0,-0.0412234042553191,-0.0803571428571428,0.6629219986019014,88,0.0159362549800796,40,75,0.0,0.0,0.0,市场情绪强，板块情绪强
2026-07-27,603366.SH,日出东方,main,6.37,0.019010623658657543,0.0,-0.0139318885448915,-0.0139318885448915,0.6928298973215531,88,0.0159362549800796,40,75,0.0,0.0,0.0,市场情绪强，板块情绪强
2026-07-27,600006.SH,东风股份,main,5.33,0.01900797155994952,0.0,0.0018796992481202,0.0171755725190838,1.057548688549787,88,0.0159362549800796,40,75,0.0,0.0,0.0,市场情绪强，板块情绪强
2026-07-27,002627.SZ,三峡旅游,main,5.62,0.01900532398711888,0.0,-0.00354609929078,-0.0105633802816901,0.9605267978687044,88,0.0159362549800796,40,75,0.0,0.0,0.0,市场情绪强，板块情绪强
2026-07-27,603801.SH,志邦家居,main,5.18,0.018999151470561644,0.0,-0.0317757009345793,-0.0815602836879432,0.7296667427582939,88,0.0159362549800796,40,75,0.0,0.0,0.0,市场情绪强，板块情绪强
2026-07-27,600854.SH,春兰股份,main,4.06,0.01899563284460657,0.0,0.0049504950495049,-0.0333333333333334,0.6674992949942056,88,0.0159362549800796,40,75,0.0,0.0,0.0,市场情绪强，板块情绪强
2026-07-27,000681.SZ,视觉中国,main,15.5,0.018988217726693166,0.0,-0.0690690690690689,-0.0443896424167693,0.9979812367054016,88,0.0159362549800796,40,75,0.0,0.0,0.0,市场情绪强，板块情绪强
2026-07-27,000756.SZ,新华制药,main,12.9,0.01898614488149599,0.0,-0.0423162583518931,-0.0577063550036522,0.7408077402425409,88,0.0159362549800796,40,75,0.0,0.0,0.0,市场情绪强，板块情绪强
2026-07-27,605296.SH,神农集团,main,30.1,0.018979894466239735,0.0,-0.0127910790423088,-0.0255746196179993,0.6308730127670825,88,0.0159362549800796,40,75,0.0,0.0,0.0,市场情绪强，板块情绪强
2026-07-27,003025.SZ,思进智能,main,10.96,0.018979405428364248,0.0,-0.0117222723174029,-0.0326566637246248,0.626697975014369,88,0.0159362549800796,40,75,0.0,0.0,0.0,市场情绪强，板块情绪强
2026-07-27,603409.SH,汇通控股,main,16.01,0.018977348942501644,0.0,-0.0195958358848742,-0.0609970674486802,0.8123443266359595,88,0.0159362549800796,40,75,0.0,0.0,0.0,市场情绪强，板块情绪强
2026-07-27,000031.SZ,大悦城,main,2.06,0.018976727385374027,0.0,-0.004830917874396,-0.0096153846153845,0.7773992906544059,88,0.0159362549800796,40,75,0.0,0.0,0.0,市场情绪强，板块情绪强
2026-07-27,603062.SH,麦加芯彩,main,34.49,0.018966619897556478,0.0,0.0040756914119359,-0.0103299856527976,0.5286237758319574,88,0.0159362549800796,40,75,0.0,0.0,0.0,市场情绪强，板块情绪强
2026-07-27,688981.SH,中芯国际,star,143.73,0.018963041583543092,0.0,-0.1016875,0.0275235916499856,0.5815936822998119,88,0.0159362549800796,40,3,0.0,0.0,0.0,市场情绪强
2026-07-27,600761.SH,安徽合力,main,16.91,0.018962607622304863,0.0,-0.0145687645687645,0.0348837209302326,0.7661214485051779,88,0.0159362549800796,40,75,0.0,0.0,0.0,市场情绪强，板块情绪强
2026-07-27,002945.SZ,华林证券,main,12.89,0.018960131574168867,0.0,-0.0604956268221574,0.0038940809968848,0.7326083230651497,88,0.0159362549800796,40,75,0.0,0.0,0.0,市场情绪强，板块情绪强
2026-07-27,603739.SH,蔚蓝生物,main,10.81,0.01895902790123643,0.0,-0.0348214285714284,-0.0854483925549914,0.6654206095280603,88,0.0159362549800796,40,75,0.0,0.0,0.0,市场情绪强，板块情绪强
2026-07-27,603382.SH,海阳科技,main,15.91,0.018948987021508986,0.0,-0.0203201970443348,-0.0613569321533923,0.7156415062594935,88,0.0159362549800796,40,75,0.0,0.0,0.0,市场情绪强，板块情绪强
2026-07-27,603180.SH,金牌家居,main,13.56,0.018948749733250447,0.0,-0.0138181818181817,-0.0576789437109103,0.652873848146615,88,0.0159362549800796,40,75,0.0,0.0,0.0,市场情绪强，板块情绪强
2026-07-27,600097.SH,开创国际,main,7.49,0.018947329440752555,0.0,-0.0144736842105261,-0.0718711276332094,0.6617757347091285,88,0.0159362549800796,40,75,0.0,0.0,0.0,市场情绪强，板块情绪强
2026-07-27,000059.SZ,华锦股份,main,4.5,0.01894265414877337,0.0,0.0250569476082005,0.0204081632653061,0.7740802549548192,88,0.0159362549800796,40,75,0.0,0.0,0.0,市场情绪强，板块情绪强
2026-07-27,000629.SZ,钒钛股份,main,3.02,0.018941250718530506,0.0,-0.0098360655737704,0.0,0.9055639296054392,88,0.0159362549800796,40,75,0.0,0.0,0.0,市场情绪强，板块情绪强
2026-07-27,002228.SZ,合兴包装,main,2.9,0.018940169280568412,0.0,0.0,-0.0460526315789474,0.5324712722337065,88,0.0159362549800796,40,75,0.0,0.0,0.0,市场情绪强，板块情绪强
2026-07-27,000517.SZ,荣安地产,main,1.65,0.01893852459294851,0.0,0.0,-0.0119760479041916,0.720550075891784,88,0.0159362549800796,40,75,0.0,0.0,0.0,市场情绪强，板块情绪强
2026-07-27,000607.SZ,华媒控股,main,3.19,0.018937336491450494,0.0,-0.0123839009287926,-0.0274390243902438,0.7031721963631423,88,0.0159362549800796,40,75,0.0,0.0,0.0,市场情绪强，板块情绪强
2026-07-27,688112.SH,鼎阳科技,star,48.8,0.018930802258569256,0.0,-0.0799396681749623,-0.1211957500450208,0.5675100125390277,88,0.0159362549800796,40,3,0.0,0.0,0.0,市场情绪强
2026-07-27,000410.SZ,沈阳机床,main,4.6,0.018926710615450495,0.0,-0.0149892933618844,0.0154525386313464,0.7666806758892882,88,0.0159362549800796,40,75,0.0,0.0,0.0,市场情绪强，板块情绪强
2026-07-27,002124.SZ,天邦食品,main,2.13,0.01891659609065832,0.0,-0.0138888888888889,-0.0405405405405406,1.0268289142285874,88,0.0159362549800796,40,75,0.0,0.0,0.0,市场情绪强，板块情绪强
2026-07-27,002906.SZ,华阳集团,main,23.45,0.0189119202992172,0.0,-0.0188284518828452,0.0103403705299438,0.5801770370543382,88,0.0159362549800796,40,75,0.0,0.0,0.0,市场情绪强，板块情绪强
2026-07-27,603586.SH,金麒麟,main,11.95,0.018899154364149556,0.0,-0.0244897959183674,-0.0545886075949367,0.546398163206735,88,0.0159362549800796,40,75,0.0,0.0,0.0,市场情绪强，板块情绪强
2026-07-27,603066.SH,音飞储存,main,8.4,0.01889407168904389,0.0,-0.0255220417633409,-0.0789473684210525,0.5381027207299135,88,0.0159362549800796,40,75,0.0,0.0,0.0,市场情绪强，板块情绪强
2026-07-27,301322.SZ,绿通科技,chinext,31.94,0.01888907597897321,0.0,-0.0117574257425742,-0.0848137535816617,0.581185196596905,88,0.0159362549800796,40,10,0.0,0.0,0.0,市场情绪强，板块情绪强
2026-07-27,601963.SH,重庆银行,main,10.92,0.01888495581611332,0.0,-0.000914913083257,0.0360531309297913,0.6754380753810681,88,0.0159362549800796,40,75,0.0,0.0,0.0,市场情绪强，板块情绪强
2026-07-27,002108.SZ,沧州明珠,main,4.14,0.018876758823837252,0.0,-0.0166270783847981,-0.0460829493087557,0.7007411425849919,88,0.0159362549800796,40,75,0.0,0.0,0.0,市场情绪强，板块情绪强
2026-07-27,601611.SH,中国核建,main,10.01,0.0188756494999518,0.0,-0.0079286422200198,0.031958762886598,0.8702061009848239,88,0.0159362549800796,40,75,0.0,0.0,0.0,市场情绪强，板块情绪强
2026-07-27,600198.SH,大唐电信,main,6.65,0.018873193100958422,0.0,-0.0553977272727271,-0.0277777777777776,0.7356832333041158,88,0.0159362549800796,40,75,0.0,0.0,0.0,市场情绪强，板块情绪强
2026-07-27,003038.SZ,鑫铂股份,main,9.58,0.018872912668772137,0.0,-0.0072538860103626,-0.0400801603206413,0.7590789931790948,88,0.0159362549800796,40,75,0.0,0.0,0.0,市场情绪强，板块情绪强
2026-07-27,002330.SZ,得利斯,main,3.55,0.018870746064226323,0.0,-0.0166204986149585,-0.0633245382585752,0.7899344890310989,88,0.0159362549800796,40,75,0.0,0.0,0.0,市场情绪强，板块情绪强
2026-07-27,600128.SH,苏豪弘业,main,7.26,0.018850404025556388,0.0,-0.0175913396481731,-0.0571428571428571,0.6626718442867875,88,0.0159362549800796,40,75,0.0,0.0,0.0,市场情绪强，板块情绪强
2026-07-27,300846.SZ,首都在线,chinext,18.11,0.01884279896787077,0.0,-0.0660134089736977,-0.0216099405726635,0.6088156616799749,88,0.0159362549800796,40,10,0.0,0.0,0.0,市场情绪强，板块情绪强
2026-07-27,301008.SZ,宏昌科技,chinext,29.58,0.018839481010642322,0.0,0.0732946298984034,0.0112820512820512,0.6823690760927734,88,0.0159362549800796,40,10,0.0,0.0,0.0,短线动量强，市场情绪强，板块情绪强
2026-07-27,000009.SZ,中国宝安,main,6.08,0.01882092975031486,0.0,-0.0161812297734627,0.0049586776859504,0.8380936777991173,88,0.0159362549800796,40,75,0.0,0.0,0.0,市场情绪强，板块情绪强
2026-07-27,600642.SH,申能股份,main,8.53,0.0188167635054383,0.0,-0.0206659012629163,0.0277108433734938,0.8983069992223017,88,0.0159362549800796,40,75,0.0,0.0,0.0,市场情绪强，板块情绪强
2026-07-27,603093.SH,南华期货,main,16.39,0.018811494178428548,0.0,-0.0249851279000593,-0.0114595898673098,0.861045342039265,88,0.0159362549800796,40,75,0.0,0.0,0.0,市场情绪强，板块情绪强
2026-07-27,600971.SH,恒源煤电,main,7.62,0.018809530218524544,0.0,-0.0091027308192458,-0.0026178010471203,0.6884354704690038,88,0.0159362549800796,40,75,0.0,0.0,0.0,市场情绪强，板块情绪强
2026-07-27,002589.SZ,瑞康医药,main,2.61,0.018808961345998066,0.0,-0.0297397769516728,-0.043956043956044,0.7080096787832976,88,0.0159362549800796,40,75,0.0,0.0,0.0,市场情绪强，板块情绪强
2026-07-27,603099.SH,长白山,main,35.83,0.018804879641380657,0.0,-0.0088520055325034,-0.0153888430887607,0.7829259158224717,88,0.0159362549800796,40,75,0.0,0.0,0.0,市场情绪强，板块情绪强
2026-07-27,002391.SZ,长青股份,main,5.03,0.018792962780238263,0.0,0.0,-0.0098425196850393,0.6719813533213691,88,0.0159362549800796,40,75,0.0,0.0,0.0,市场情绪强，板块情绪强
2026-07-27,601003.SH,柳钢股份,main,3.43,0.018787542045294217,0.0,-0.0086705202312138,-0.0255681818181817,0.9688531428677912,88,0.0159362549800796,40,75,0.0,0.0,0.0,市场情绪强，板块情绪强
2026-07-27,001238.SZ,浙江正特,main,22.81,0.018785497081069004,0.0,-0.048790658882402,-0.0937624155740962,0.5113821226783564,88,0.0159362549800796,40,75,0.0,0.0,0.0,市场情绪强，板块情绪强
2026-07-27,002864.SZ,盘龙药业,main,20.18,0.018783971671598808,0.0,-0.2876809036357218,-0.3159322033898305,0.9707921520363354,88,0.0159362549800796,40,75,0.0,0.0,0.0,市场情绪强，板块情绪强
2026-07-27,300049.SZ,福瑞医科,chinext,42.23,0.018782303746457087,0.0,0.0325183374083128,0.0499751367478866,1.0416298934124784,88,0.0159362549800796,40,10,0.0,0.0,0.0,市场情绪强，板块情绪强
2026-07-27,688221.SH,前沿生物,star,19.86,0.018779833245784985,0.0,-0.0255152109911678,-0.0520286396181384,0.7246310437486067,88,0.0159362549800796,40,3,0.0,0.0,0.0,市场情绪强
2026-07-27,002368.SZ,太极股份,main,13.05,0.01877719552220053,0.0,-0.0591204037490986,-0.0210052513128281,0.8915926255280361,88,0.0159362549800796,40,75,0.0,0.0,0.0,市场情绪强，板块情绪强
2026-07-27,301075.SZ,多瑞医药,chinext,50.22,0.018769870883387545,0.0,-0.0133595284872298,-0.0614838347972341,0.4483033460266826,88,0.0159362549800796,40,10,0.0,0.0,0.0,市场情绪强，板块情绪强
2026-07-27,688153.SH,唯捷创芯,star,24.9,0.018765149046381175,0.0,-0.004,-0.0307512650836903,1.1053305062974608,88,0.0159362549800796,40,3,0.0,0.0,0.0,市场情绪强
2026-07-27,600573.SH,惠泉啤酒,main,9.23,0.018754883451866877,0.0,0.0278396436525611,0.012061403508772,0.8673698278959456,88,0.0159362549800796,40,75,0.0,0.0,0.0,市场情绪强，板块情绪强
2026-07-27,300854.SZ,中兰环保,chinext,14.34,0.01874969886910963,0.0,0.0242857142857142,0.0063157894736842,0.6537009641696973,88,0.0159362549800796,40,10,0.0,0.0,0.0,市场情绪强，板块情绪强
2026-07-27,002194.SZ,武汉凡谷,main,8.11,0.01874669519523636,0.0,-0.016969696969697,-0.0061274509803922,0.7618633989719477,88,0.0159362549800796,40,75,0.0,0.0,0.0,市场情绪强，板块情绪强
2026-07-27,002262.SZ,恩华药业,main,20.89,0.018743564709145757,0.0,-0.0076009501187648,0.0091787439613526,0.7225765335788875,88,0.0159362549800796,40,75,0.0,0.0,0.0,市场情绪强，板块情绪强
2026-07-27,603817.SH,海峡环保,main,5.39,0.0187383293482006,0.0,0.0093632958801497,-0.0128205128205128,0.7165458510040216,88,0.0159362549800796,40,75,0.0,0.0,0.0,市场情绪强，板块情绪强
2026-07-27,600556.SH,天下秀,main,4.11,0.018727356288384567,0.0,-0.0352112676056336,0.0,0.8281726088501885,88,0.0159362549800796,40,75,0.0,0.0,0.0,市场情绪强，板块情绪强
2026-07-27,002670.SZ,国盛证券,main,11.2,0.018720247665563787,0.0,-0.0689941812136325,-0.0643274853801171,0.9464242457565538,88,0.0159362549800796,40,75,0.0,0.0,0.0,市场情绪强，板块情绪强
2026-07-27,600307.SH,酒钢宏兴,main,1.41,0.01871896290834994,0.0,0.0071428571428571,0.0071428571428571,0.902149322231294,88,0.0159362549800796,40,75,0.0,0.0,0.0,市场情绪强，板块情绪强
2026-07-27,000917.SZ,电广传媒,main,6.26,0.018712674040835812,0.0,-0.0500758725341426,-0.0203442879499217,0.8738550064488685,88,0.0159362549800796,40,75,0.0,0.0,0.0,市场情绪强，板块情绪强
2026-07-27,600845.SH,宝信软件,main,17.46,0.018711890688944972,0.0,-0.0820189274447948,-0.0638069705093832,0.6209472927990048,88,0.0159362549800796,40,75,0.0,0.0,0.0,市场情绪强，板块情绪强
2026-07-27,300802.SZ,矩子科技,chinext,18.93,0.018709434063266032,0.0,0.1294749403341286,0.1794392523364485,1.35397658622216,88,0.0159362549800796,40,10,0.0,0.0,0.0,短线动量强，市场情绪强，板块情绪强
2026-07-27,688337.SH,普源精电,star,40.34,0.01870863575816011,0.0,-0.0438492533775775,-0.0277175222945287,0.6196017393957257,88,0.0159362549800796,40,3,0.0,0.0,0.0,市场情绪强
2026-07-27,300753.SZ,爱朋医疗,chinext,18.26,0.018704859956135057,0.0,-0.0182795698924731,-0.0635897435897435,1.1680361329184712,88,0.0159362549800796,40,10,0.0,0.0,0.0,市场情绪强，板块情绪强
2026-07-27,600333.SH,长春燃气,main,5.58,0.018690543033916797,0.0,0.0391061452513965,0.0314232902033271,1.0338848992483534,88,0.0159362549800796,40,75,0.0,0.0,0.0,市场情绪强，板块情绪强
2026-07-27,002410.SZ,广联达,main,8.51,0.01868914833971565,0.0,-0.0512820512820513,0.0,0.6116418918099416,88,0.0159362549800796,40,75,0.0,0.0,0.0,市场情绪强，板块情绪强
2026-07-27,000801.SZ,四川九洲,main,10.67,0.018685905794750667,0.0,-0.0439068100358422,-0.0138632162661738,0.6816485390655995,88,0.0159362549800796,40,75,0.0,0.0,0.0,市场情绪强，板块情绪强
2026-07-27,601000.SH,唐山港,main,4.65,0.018677638491125224,0.0,0.0219780219780221,0.040268456375839,0.8568694435735011,88,0.0159362549800796,40,75,0.0,0.0,0.0,市场情绪强，板块情绪强
2026-07-27,600968.SH,海油发展,main,3.79,0.018676271342626123,0.0,0.0079787234042554,0.0271002710027099,0.9271316732562328,88,0.0159362549800796,40,75,0.0,0.0,0.0,市场情绪强，板块情绪强
2026-07-27,300521.SZ,爱司凯,chinext,20.13,0.01867403384090726,0.0,0.0473465140478668,-0.0322115384615385,0.8850524606452296,88,0.0159362549800796,40,10,0.0,0.0,0.0,市场情绪强，板块情绪强
2026-07-27,600749.SH,西藏旅游,main,13.1,0.018669351471289734,0.0,-0.0238450074515648,-0.0636168691922802,0.8578757266481991,88,0.0159362549800796,40,75,0.0,0.0,0.0,市场情绪强，板块情绪强
2026-07-27,300740.SZ,水羊股份,chinext,17.01,0.018661565202277474,0.0,0.042279411764706,0.0035398230088496,1.0069417015138655,88,0.0159362549800796,40,10,0.0,0.0,0.0,市场情绪强，板块情绪强
2026-07-27,603239.SH,浙江仙通,main,12.79,0.018654588531614977,0.0,-0.0100619195046439,-0.0310606060606061,0.6225684164397952,88,0.0159362549800796,40,75,0.0,0.0,0.0,市场情绪强，板块情绪强
2026-07-27,600699.SH,均胜电子,main,19.19,0.018653464820410234,0.0,-0.0593137254901959,-0.0404999999999999,0.8098488731488721,88,0.0159362549800796,40,75,0.0,0.0,0.0,市场情绪强，板块情绪强
2026-07-27,600779.SH,水井坊,main,26.84,0.01864637146023503,0.0,-0.0114180478821361,0.0041152263374484,0.711148464904876,88,0.0159362549800796,40,75,0.0,0.0,0.0,市场情绪强，板块情绪强
2026-07-27,688607.SH,康众医疗,star,34.87,0.018642257117658243,0.0,-0.051156462585034,-0.0818852027382832,0.688744086438149,88,0.0159362549800796,40,3,0.0,0.0,0.0,市场情绪强
2026-07-27,601288.SH,农业银行,main,6.66,0.018640897191826076,0.0,0.0357698289269052,0.0422535211267607,0.8486693776061365,88,0.0159362549800796,40,75,0.0,0.0,0.0,市场情绪强，板块情绪强
2026-07-27,688130.SH,晶华微,star,17.59,0.018638261748721078,0.0,-0.0466124661246611,-0.0862337662337662,0.6026347515829248,88,0.0159362549800796,40,3,0.0,0.0,0.0,市场情绪强
2026-07-27,600765.SH,中航重机,main,13.2,0.01863312642385623,0.0,0.0038022813688212,0.0320562939796715,0.9776241185156102,88,0.0159362549800796,40,75,0.0,0.0,0.0,市场情绪强，板块情绪强
2026-07-27,301198.SZ,喜悦智行,chinext,10.36,0.01863012513396377,0.0,0.0475227502527804,-0.0180094786729858,1.1598709130596947,88,0.0159362549800796,40,10,0.0,0.0,0.0,市场情绪强，板块情绪强
2026-07-27,301609.SZ,山大电力,chinext,34.12,0.018628773708834156,0.0,-0.0220693608483807,-0.027920227920228,0.8645936425917354,88,0.0159362549800796,40,10,0.0,0.0,0.0,市场情绪强，板块情绪强
2026-07-27,600356.SH,恒丰纸业,main,7.41,0.018627683444094798,0.0,-0.0067024128686327,-0.0426356589147286,0.6442294633249407,88,0.0159362549800796,40,75,0.0,0.0,0.0,市场情绪强，板块情绪强
2026-07-27,001325.SZ,元创股份,main,33.52,0.018625099917801924,0.0,-0.0038632986627041,-0.0103336285798639,0.6079542185550157,88,0.0159362549800796,40,75,0.0,0.0,0.0,市场情绪强，板块情绪强
2026-07-27,601588.SH,北辰实业,main,1.62,0.018621582663491527,0.0,0.0124999999999999,0.0062111801242235,0.7526578232828236,88,0.0159362549800796,40,75,0.0,0.0,0.0,市场情绪强，板块情绪强
2026-07-27,300717.SZ,华信新材,chinext,16.65,0.018620570137273935,0.0,-0.0381282495667244,-0.1461538461538462,0.7398538568887815,88,0.0159362549800796,40,10,0.0,0.0,0.0,市场情绪强，板块情绪强
2026-07-27,603998.SH,方盛制药,main,8.96,0.01862021035030543,0.0,-0.0617801047120418,-0.0885045778229908,0.8409928193383703,88,0.0159362549800796,40,75,0.0,0.0,0.0,市场情绪强，板块情绪强
2026-07-27,002540.SZ,亚太科技,main,4.53,0.018594513421256207,0.0,-0.0299785867237686,-0.0402542372881354,0.9310060185971336,88,0.0159362549800796,40,75,0.0,0.0,0.0,市场情绪强，板块情绪强
2026-07-27,603215.SH,比依股份,main,12.85,0.018587992371896882,0.0,-0.0360090022505626,-0.0854092526690392,0.6819128055671206,88,0.0159362549800796,40,75,0.0,0.0,0.0,市场情绪强，板块情绪强
2026-07-27,002434.SZ,万里扬,main,5.21,0.0185822362171915,0.0,-0.033395176252319,-0.0510018214936248,0.6009940317611945,88,0.0159362549800796,40,75,0.0,0.0,0.0,市场情绪强，板块情绪强
2026-07-27,601728.SH,中国电信,main,6.16,0.018580558001181444,0.0,0.0098360655737705,0.0249584026622295,0.7463697879052055,88,0.0159362549800796,40,75,0.0,0.0,0.0,市场情绪强，板块情绪强
2026-07-27,601177.SH,杭齿前进,main,11.92,0.018565509845449173,0.0,-0.026938775510204,-0.0379338175948346,0.5398607369428805,88,0.0159362549800796,40,75,0.0,0.0,0.0,市场情绪强，板块情绪强
2026-07-27,002215.SZ,诺 普 信,main,8.46,0.018561417243813844,0.0,0.00355871886121,-0.0253456221198155,0.5050268666815171,88,0.0159362549800796,40,75,0.0,0.0,0.0,市场情绪强，板块情绪强
2026-07-27,688018.SH,乐鑫科技,star,105.16,0.018557516317000835,0.0,-0.0079245283018868,0.0123219098960338,0.7980263629439184,88,0.0159362549800796,40,3,0.0,0.0,0.0,市场情绪强
2026-07-27,688559.SH,海目星,star,41.8,0.018540896627299852,0.0,-0.0368663594470046,-0.060251798561151,0.6277210853919681,88,0.0159362549800796,40,3,0.0,0.0,0.0,市场情绪强
2026-07-27,600569.SH,安阳钢铁,main,1.68,0.018533472607647154,0.0,-0.0059171597633136,-0.0175438596491228,1.0527339934592386,88,0.0159362549800796,40,75,0.0,0.0,0.0,市场情绪强，板块情绪强
2026-07-27,603171.SH,税友股份,main,34.9,0.0185303870116719,0.0,-0.0608180839612486,-0.0337763012181616,0.697463549438721,88,0.0159362549800796,40,75,0.0,0.0,0.0,市场情绪强，板块情绪强
2026-07-27,600819.SH,耀皮玻璃,main,4.87,0.0185238378752905,0.0,-0.0101626016260162,-0.0161616161616161,0.6674828655944892,88,0.0159362549800796,40,75,0.0,0.0,0.0,市场情绪强，板块情绪强
2026-07-27,600295.SH,鄂尔多斯,main,12.44,0.018514200862661735,0.0,-0.0189274447949526,0.0056588520614389,0.5892371921226877,88,0.0159362549800796,40,75,0.0,0.0,0.0,市场情绪强，板块情绪强
2026-07-27,603676.SH,卫信康,main,8.38,0.01851150723413424,0.0,-0.02784222737819,-0.0678531701890989,0.9475349596815352,88,0.0159362549800796,40,75,0.0,0.0,0.0,市场情绪强，板块情绪强
2026-07-27,002644.SZ,佛慈制药,main,7.46,0.018509188655075188,0.0,-0.0248366013071895,-0.0448143405889884,0.6342703726785844,88,0.0159362549800796,40,75,0.0,0.0,0.0,市场情绪强，板块情绪强
2026-07-27,002482.SZ,广田集团,main,1.2,0.0185088559579189,0.0,0.0,-0.0082644628099173,0.8535702303573167,88,0.0159362549800796,40,75,0.0,0.0,0.0,市场情绪强，板块情绪强
2026-07-27,601388.SH,怡球资源,main,2.99,0.01850798391800132,0.0,0.0033557046979866,0.0170068027210885,0.9690368704225906,88,0.0159362549800796,40,75,0.0,0.0,0.0,市场情绪强，板块情绪强
2026-07-27,600688.SH,上海石化,main,2.75,0.018506221822749042,0.0,-0.003623188405797,0.0073260073260073,1.1454813901482903,88,0.0159362549800796,40,75,0.0,0.0,0.0,市场情绪强，板块情绪强
2026-07-27,000902.SZ,新洋丰,main,13.23,0.018496449315169104,0.0,-0.0236162361623616,0.0007564296520423,0.5461915621692163,88,0.0159362549800796,40,75,0.0,0.0,0.0,市场情绪强，板块情绪强
2026-07-27,603918.SH,金桥信息,main,9.14,0.01849333546455151,0.0,-0.0518672199170124,-0.0266240681576145,0.6785734808509694,88,0.0159362549800796,40,75,0.0,0.0,0.0,市场情绪强，板块情绪强
2026-07-27,002187.SZ,广百股份,main,4.72,0.018492539071158894,0.0,-0.0146137787056368,-0.0425963488843813,0.7823127471200589,88,0.0159362549800796,40,75,0.0,0.0,0.0,市场情绪强，板块情绪强
2026-07-27,603999.SH,读者传媒,main,5.19,0.018491854932479707,0.0,0.001930501930502,-0.0133079847908743,0.7990145110980517,88,0.0159362549800796,40,75,0.0,0.0,0.0,市场情绪强，板块情绪强
2026-07-27,688319.SH,欧林生物,star,25.63,0.018489945847886675,0.0,-0.0447260529258293,-0.157185136468267,0.7143706522337645,88,0.0159362549800796,40,3,0.0,0.0,0.0,市场情绪强
2026-07-27,603387.SH,基蛋生物,main,8.34,0.01848781680953221,0.0,-0.0324825986078886,-0.0511945392491466,0.7525083522022218,88,0.0159362549800796,40,75,0.0,0.0,0.0,市场情绪强，板块情绪强
2026-07-27,000897.SZ,津滨发展,main,1.68,0.018484346897489602,0.0,0.0120481927710842,-0.0117647058823529,0.776962012564614,88,0.0159362549800796,40,75,0.0,0.0,0.0,市场情绪强，板块情绪强
2026-07-27,003029.SZ,吉大正元,main,14.98,0.018483385737148045,0.0,-0.0322997416020671,-0.0228310502283104,0.7176624499807557,88,0.0159362549800796,40,75,0.0,0.0,0.0,市场情绪强，板块情绪强
2026-07-27,000012.SZ,南 玻Ａ,main,3.74,0.018482866161790887,0.0,-0.0360824742268039,-0.0183727034120734,0.6305182446301464,88,0.0159362549800796,40,75,0.0,0.0,0.0,市场情绪强，板块情绪强
2026-07-27,002226.SZ,江南化工,main,4.63,0.018481601853686778,0.0,0.002164502164502,0.0153508771929824,0.9366780825566356,88,0.0159362549800796,40,75,0.0,0.0,0.0,市场情绪强，板块情绪强
2026-07-27,600518.SH,康美药业,main,1.33,0.018476840899126545,0.0,-0.0074626865671642,-0.0148148148148148,1.014105573972749,88,0.0159362549800796,40,75,0.0,0.0,0.0,市场情绪强，板块情绪强
2026-07-27,601799.SH,星宇股份,main,89.5,0.01847301999297189,0.0,-0.0061077179344808,0.0279085793040083,0.5267525927353894,88,0.0159362549800796,40,75,0.0,0.0,0.0,市场情绪强，板块情绪强
2026-07-27,002608.SZ,江苏国信,main,6.99,0.018471494555762365,0.0,-0.037190082644628,-0.0113154172560113,0.7130564517143478,88,0.0159362549800796,40,75,0.0,0.0,0.0,市场情绪强，板块情绪强
2026-07-27,000652.SZ,泰达股份,main,3.45,0.018463036064962687,0.0,0.0058309037900874,-0.0086206896551723,0.78223846905258,88,0.0159362549800796,40,75,0.0,0.0,0.0,市场情绪强，板块情绪强
2026-07-27,603565.SH,中谷物流,main,10.43,0.018460925337703906,0.0,-0.0066666666666667,0.0398803589232303,0.7383627311829039,88,0.0159362549800796,40,75,0.0,0.0,0.0,市场情绪强，板块情绪强
2026-07-27,002234.SZ,民和股份,main,6.73,0.018434772479524332,0.0,-0.0175182481751823,-0.0639777468706537,0.7746558514050698,88,0.0159362549800796,40,75,0.0,0.0,0.0,市场情绪强，板块情绪强
2026-07-27,600867.SH,通化东宝,main,7.79,0.018434577705181844,0.0,-0.0465116279069767,-0.027465667915106,0.8739261635469657,88,0.0159362549800796,40,75,0.0,0.0,0.0,市场情绪强，板块情绪强
2026-07-27,002572.SZ,索菲亚,main,7.82,0.01841997145942627,0.0,-0.0321782178217822,-0.0273631840796018,0.682155142037037,88,0.0159362549800796,40,75,0.0,0.0,0.0,市场情绪强，板块情绪强
2026-07-27,600266.SH,城建发展,main,3.9,0.018415029206758186,0.0,-0.0201005025125627,0.0077519379844961,0.9244690111965532,88,0.0159362549800796,40,75,0.0,0.0,0.0,市场情绪强，板块情绪强
2026-07-27,600635.SH,大众公用,main,4.41,0.018412640803314333,0.0,-0.0089887640449438,0.0184757505773671,0.9210049182431714,88,0.0159362549800796,40,75,0.0,0.0,0.0,市场情绪强，板块情绪强
2026-07-27,601633.SH,长城汽车,main,16.12,0.018409253077627138,0.0,0.0018645121193288,0.0293742017879949,0.5478494785330691,88,0.0159362549800796,40,75,0.0,0.0,0.0,市场情绪强，板块情绪强
2026-07-27,688222.SH,成都先导,star,27.63,0.01840467737617547,0.0,-0.0446058091286307,-0.0696969696969697,0.9291019631221288,88,0.0159362549800796,40,3,0.0,0.0,0.0,市场情绪强
2026-07-27,002483.SZ,润邦股份,main,4.89,0.018402313640564303,0.0,-0.0121212121212122,-0.022,0.9923974568089216,88,0.0159362549800796,40,75,0.0,0.0,0.0,市场情绪强，板块情绪强
2026-07-27,002100.SZ,天康生物,main,6.98,0.018397003361136848,0.0,0.0,-0.0182841068917017,0.7163116233863135,88,0.0159362549800796,40,75,0.0,0.0,0.0,市场情绪强，板块情绪强
2026-07-27,300334.SZ,津膜科技,chinext,7.46,0.0183944672782698,0.0,0.0191256830601092,-0.058080808080808,0.6611292015980786,88,0.0159362549800796,40,10,0.0,0.0,0.0,市场情绪强，板块情绪强
2026-07-27,002065.SZ,东华软件,main,6.63,0.01839331958799349,0.0,-0.0487804878048779,-0.0148588410104012,0.948596622723656,88,0.0159362549800796,40,75,0.0,0.0,0.0,市场情绪强，板块情绪强
2026-07-27,002042.SZ,华孚时尚,main,3.49,0.01837786538394166,0.0,-0.043835616438356,-0.05420054200542,0.9184552332784068,88,0.0159362549800796,40,75,0.0,0.0,0.0,市场情绪强，板块情绪强
2026-07-27,688583.SH,思看科技,star,71.06,0.01836643040331178,0.0,-0.0129184608973467,0.0155781049021008,0.9275415676321792,88,0.0159362549800796,40,3,0.0,0.0,0.0,市场情绪强
2026-07-27,002996.SZ,顺博合金,main,5.92,0.01836128505023975,0.0,-0.0100334448160536,-0.0295081967213114,1.1034720254168373,88,0.0159362549800796,40,75,0.0,0.0,0.0,市场情绪强，板块情绪强
2026-07-27,000069.SZ,华侨城Ａ,main,1.64,0.01834847793503414,0.0,-0.0120481927710843,-0.0060606060606061,1.1177135221088987,88,0.0159362549800796,40,75,0.0,0.0,0.0,市场情绪强，板块情绪强
2026-07-27,688322.SH,奥比中光,star,87.57,0.018345407899435895,0.0,-0.103225806451613,-0.1256115826260609,0.7128400100576049,88,0.0159362549800796,40,3,0.0,0.0,0.0,市场情绪强
2026-07-27,002093.SZ,国脉科技,main,6.24,0.01833998737160523,0.0,-0.031055900621118,0.0016051364365969,0.8537514187740767,88,0.0159362549800796,40,75,0.0,0.0,0.0,市场情绪强，板块情绪强
2026-07-27,600503.SH,华丽家族,main,1.91,0.01831377386095198,0.0,-0.0205128205128205,-0.0497512437810944,0.7231534397726186,88,0.0159362549800796,40,75,0.0,0.0,0.0,市场情绪强，板块情绪强
2026-07-27,000926.SZ,福星股份,main,1.96,0.018309015357768257,0.0,0.0103092783505154,-0.02,0.6633753733392351,88,0.0159362549800796,40,75,0.0,0.0,0.0,市场情绪强，板块情绪强
2026-07-27,002269.SZ,美邦服饰,main,1.31,0.018307163633788103,0.0,-0.0075757575757575,-0.0296296296296296,0.6963626997377376,88,0.0159362549800796,40,75,0.0,0.0,0.0,市场情绪强，板块情绪强
2026-07-27,002381.SZ,双箭股份,main,4.91,0.01830249813483086,0.0,-0.0219123505976094,-0.0683111954459202,0.6791642827273815,88,0.0159362549800796,40,75,0.0,0.0,0.0,市场情绪强，板块情绪强
2026-07-27,002005.SZ,德豪润达,main,2.27,0.018302118026526384,0.0,0.004424778761062,-0.0215517241379309,0.7911988744183367,88,0.0159362549800796,40,75,0.0,0.0,0.0,市场情绪强，板块情绪强
2026-07-27,002142.SZ,宁波银行,main,32.01,0.018300375380384707,0.0,0.0204016576346828,0.011694058154235,0.8052926552265962,88,0.0159362549800796,40,75,0.0,0.0,0.0,市场情绪强，板块情绪强
2026-07-27,600326.SH,西藏天路,main,6.1,0.018295875608827648,0.0,-0.0208667736757626,-0.0255591054313099,1.223285743508428,88,0.0159362549800796,40,75,0.0,0.0,0.0,市场情绪强，板块情绪强
2026-07-27,600039.SH,四川路桥,main,8.81,0.0182909235028676,0.0,-0.0056433408577877,0.0401416765053128,0.6977784365975048,88,0.0159362549800796,40,75,0.0,0.0,0.0,市场情绪强，板块情绪强
2026-07-27,605500.SH,森林包装,main,6.13,0.018290439358429438,0.0,-0.0096930533117932,-0.0207667731629392,0.8272980316386018,88,0.0159362549800796,40,75,0.0,0.0,0.0,市场情绪强，板块情绪强
2026-07-27,002588.SZ,史丹利,main,8.49,0.018289106624504108,0.0,-0.0093348891481913,0.0216606498194944,0.6692509827110072,88,0.0159362549800796,40,75,0.0,0.0,0.0,市场情绪强，板块情绪强
2026-07-27,600882.SH,妙可蓝多,main,20.43,0.018275285064524072,0.0,-0.046218487394958,-0.0546043498380379,0.5974478903058816,88,0.0159362549800796,40,75,0.0,0.0,0.0,市场情绪强，板块情绪强
2026-07-27,002449.SZ,国星光电,main,5.9,0.018271935153670867,0.0,-0.0359477124183006,-0.0375203915171288,0.6933348906168911,88,0.0159362549800796,40,75,0.0,0.0,0.0,市场情绪强，板块情绪强
2026-07-27,603193.SH,润本股份,main,18.74,0.01825817096604431,0.0,-0.0300207039337475,-0.0089899524061344,0.7958969928336014,88,0.0159362549800796,40,75,0.0,0.0,0.0,市场情绪强，板块情绪强
2026-07-27,603668.SH,天马科技,main,10.46,0.018250264141108277,0.0,-0.0287836583101206,-0.039485766758494,0.657904966908234,88,0.0159362549800796,40,75,0.0,0.0,0.0,市场情绪强，板块情绪强
2026-07-27,603000.SH,人民网,main,15.16,0.01824494690508227,0.0,-0.0435331230283911,-0.0059016393442622,0.7143399874725351,88,0.0159362549800796,40,75,0.0,0.0,0.0,市场情绪强，板块情绪强
2026-07-27,002967.SZ,广电计量,main,15.96,0.01823669053695317,0.0,-0.0522565320665082,-0.0280146163215591,0.8270733264888367,88,0.0159362549800796,40,75,0.0,0.0,0.0,市场情绪强，板块情绪强
2026-07-27,000812.SZ,陕西金叶,main,3.2,0.018234128742605736,0.0,-0.0031152647975076,-0.0273556231003039,0.7519924883960681,88,0.0159362549800796,40,75,0.0,0.0,0.0,市场情绪强，板块情绪强
2026-07-27,301366.SZ,一博科技,chinext,37.56,0.018223880370307397,0.0,-0.0304594734124935,-0.0619380619380618,0.5116532838696661,88,0.0159362549800796,40,10,0.0,0.0,0.0,市场情绪强，板块情绪强
2026-07-27,000798.SZ,中水渔业,main,7.42,0.018218597716233388,0.0,-0.0066934404283801,-0.0535714285714286,0.7041265661693065,88,0.0159362549800796,40,75,0.0,0.0,0.0,市场情绪强，板块情绪强
2026-07-27,003028.SZ,振邦智能,main,20.34,0.01821520303243738,0.0,-0.0102189781021898,-0.0513059701492537,0.7673007471127128,88,0.0159362549800796,40,75,0.0,0.0,0.0,市场情绪强，板块情绪强
2026-07-27,000898.SZ,鞍钢股份,main,1.98,0.018213929535091992,0.0,0.0102040816326529,0.0206185567010308,0.9272136473502142,88,0.0159362549800796,40,75,0.0,0.0,0.0,市场情绪强，板块情绪强
2026-07-27,601066.SH,中信建投,main,26.07,0.018213056899231073,0.0,-0.021763602251407,-0.0162264150943396,0.8297621267116284,88,0.0159362549800796,40,75,0.0,0.0,0.0,市场情绪强，板块情绪强
2026-07-27,601901.SH,方正证券,main,7.14,0.018197344814701165,0.0,0.0127659574468084,0.024390243902439,1.700344086899429,88,0.0159362549800796,40,75,0.0,0.0,0.0,成交量放大，市场情绪强，板块情绪强
2026-07-27,002117.SZ,东港股份,main,7.43,0.018188738595518682,0.0,-0.0375647668393782,-0.0375647668393782,0.8596521021551828,88,0.0159362549800796,40,75,0.0,0.0,0.0,市场情绪强，板块情绪强
2026-07-27,002236.SZ,大华股份,main,16.43,0.01818288446603884,0.0,-0.0048455481526348,0.0255930087390761,0.8408157002910616,88,0.0159362549800796,40,75,0.0,0.0,0.0,市场情绪强，板块情绪强
2026-07-27,605377.SH,华旺科技,main,9.04,0.01817980689107528,0.0,-0.0195227765726683,-0.0382978723404257,0.6311697220146535,88,0.0159362549800796,40,75,0.0,0.0,0.0,市场情绪强，板块情绪强
2026-07-27,000768.SZ,中航西飞,main,20.31,0.018169149396916565,0.0,-0.003923491907798,0.0273141122913505,1.0589262141512994,88,0.0159362549800796,40,75,0.0,0.0,0.0,市场情绪强，板块情绪强
2026-07-27,002917.SZ,金奥博,main,9.63,0.01816530450979054,0.0,-0.0031055900621117,-0.018348623853211,0.82862768918863,88,0.0159362549800796,40,75,0.0,0.0,0.0,市场情绪强，板块情绪强
2026-07-27,603600.SH,永艺股份,main,8.91,0.018156798550082863,0.0,-0.0230263157894735,-0.0419354838709677,0.6434288419595926,88,0.0159362549800796,40,75,0.0,0.0,0.0,市场情绪强，板块情绪强
2026-07-27,003037.SZ,三和管桩,main,5.23,0.018152929709029885,0.0,-0.0187617260787992,-0.0593525179856113,0.6442823690116108,88,0.0159362549800796,40,75,0.0,0.0,0.0,市场情绪强，板块情绪强
2026-07-27,300537.SZ,广信材料,chinext,17.29,0.01815250209188135,0.0,-0.0654054054054054,-0.09,0.5490058965226682,88,0.0159362549800796,40,10,0.0,0.0,0.0,市场情绪强，板块情绪强
2026-07-27,603275.SH,众辰科技,main,33.14,0.018152332969377658,0.0,-0.0324087591240875,-0.0536836093660766,0.4765977849006972,88,0.0159362549800796,40,75,0.0,0.0,0.0,市场情绪强，板块情绪强
2026-07-27,000936.SZ,华西股份,main,4.7,0.018148885869557894,0.0,-0.0309278350515462,-0.0408163265306122,0.8853932083561754,88,0.0159362549800796,40,75,0.0,0.0,0.0,市场情绪强，板块情绪强
2026-07-27,000404.SZ,长虹华意,main,7.23,0.018141480910229973,0.0,-0.059817945383615,-0.0109439124487003,0.8576389629406743,88,0.0159362549800796,40,75,0.0,0.0,0.0,市场情绪强，板块情绪强
2026-07-27,002819.SZ,东方中科,main,19.03,0.01813871659402035,0.0,-0.0005252100840335,-0.0020975353959097,0.7008398746507787,88,0.0159362549800796,40,75,0.0,0.0,0.0,市场情绪强，板块情绪强
2026-07-27,002204.SZ,大连重工,main,5.13,0.018130253593638773,0.0,-0.0115606936416186,0.0138339920948618,0.7766621660224052,88,0.0159362549800796,40,75,0.0,0.0,0.0,市场情绪强，板块情绪强
2026-07-27,600284.SH,浦东建设,main,4.83,0.01812578415282021,0.0,-0.0122699386503066,-0.0359281437125748,0.7681257216189098,88,0.0159362549800796,40,75,0.0,0.0,0.0,市场情绪强，板块情绪强
2026-07-27,000785.SZ,居然智家,main,2.09,0.01811952748744138,0.0,-0.027906976744186,-0.027906976744186,0.841157549901176,88,0.0159362549800796,40,75,0.0,0.0,0.0,市场情绪强，板块情绪强
2026-07-27,688387.SH,信科移动,star,12.33,0.01811945173222144,0.0,-0.0743243243243243,-0.0637813211845101,0.6518828542978597,88,0.0159362549800796,40,3,0.0,0.0,0.0,市场情绪强
2026-07-27,600557.SH,康缘药业,main,12.37,0.018111268222068908,0.0,-0.0298039215686275,-0.0373540856031129,0.7064220115346331,88,0.0159362549800796,40,75,0.0,0.0,0.0,市场情绪强，板块情绪强
2026-07-27,002721.SZ,金一文化,main,2.22,0.01810854098446111,0.0,-0.0220264317180616,0.0045248868778282,0.8499972659438517,88,0.0159362549800796,40,75,0.0,0.0,0.0,市场情绪强，板块情绪强
2026-07-27,002375.SZ,亚厦股份,main,3.37,0.018098114959399017,0.0,0.0029761904761904,-0.0174927113702624,0.6069973269349724,88,0.0159362549800796,40,75,0.0,0.0,0.0,市场情绪强，板块情绪强
2026-07-27,002291.SZ,遥望科技,main,4.6,0.01809108976311453,0.0,-0.0631364562118127,-0.065040650406504,0.7751695556629017,88,0.0159362549800796,40,75,0.0,0.0,0.0,市场情绪强，板块情绪强
2026-07-27,603776.SH,永安行,main,18.35,0.018085123144503418,0.0,-0.019764957264957,-0.0270413573700953,0.5243149372291371,88,0.0159362549800796,40,75,0.0,0.0,0.0,市场情绪强，板块情绪强
2026-07-27,300747.SZ,锐科激光,chinext,33.19,0.018084791208072395,0.0,-0.0343322665114925,0.0586921850079744,0.6098319660848027,88,0.0159362549800796,40,10,0.0,0.0,0.0,市场情绪强，板块情绪强
2026-07-27,003006.SZ,百亚股份,main,13.32,0.018083476485656398,0.0,-0.0037397157816004,0.0,0.8116131302227241,88,0.0159362549800796,40,75,0.0,0.0,0.0,市场情绪强，板块情绪强
2026-07-27,300821.SZ,东岳硅材,chinext,15.5,0.01808302109694047,0.0,-0.0951546993578517,-0.135527049637479,0.6128843535952102,88,0.0159362549800796,40,10,0.0,0.0,0.0,市场情绪强，板块情绪强
2026-07-27,002438.SZ,江苏神通,main,12.03,0.018081755658317936,0.0,-0.017156862745098,-0.0090609555189457,0.5873584821503423,88,0.0159362549800796,40,75,0.0,0.0,0.0,市场情绪强，板块情绪强
2026-07-27,603719.SH,良品铺子,main,8.19,0.01807911202880847,0.0,-0.0319148936170213,-0.0930232558139534,0.7364119181500256,88,0.0159362549800796,40,75,0.0,0.0,0.0,市场情绪强，板块情绪强
2026-07-27,600771.SH,广誉远,main,13.94,0.01807908399070097,0.0,-0.057471264367816,-0.0731382978723403,0.8203955359786766,88,0.0159362549800796,40,75,0.0,0.0,0.0,市场情绪强，板块情绪强
2026-07-27,600858.SH,银座股份,main,4.44,0.018078621655992364,0.0,-0.0155210643015519,-0.057324840764331,0.665372337143112,88,0.0159362549800796,40,75,0.0,0.0,0.0,市场情绪强，板块情绪强
2026-07-27,002027.SZ,分众传媒,main,5.07,0.018073198135728726,0.0,-0.0078277886497064,0.014,0.5966940263597863,88,0.0159362549800796,40,75,0.0,0.0,0.0,市场情绪强，板块情绪强
2026-07-27,603293.SH,埃泰克,main,34.53,0.01806905581794567,0.0,-0.0103181427343077,-0.0327731092436974,0.7078348100303413,88,0.0159362549800796,40,75,0.0,0.0,0.0,市场情绪强，板块情绪强
2026-07-27,600519.SH,贵州茅台,main,1297.41,0.018067983582879515,0.0,-0.0080963302752292,0.0354429369513169,0.5611328574573166,88,0.0159362549800796,40,75,0.0,0.0,0.0,市场情绪强，板块情绪强
2026-07-27,002960.SZ,青鸟智控,main,7.39,0.01806692612481114,0.0,-0.0887792848335388,-0.0842627013630732,0.7136267927844421,88,0.0159362549800796,40,75,0.0,0.0,0.0,市场情绪强，板块情绪强
2026-07-27,601696.SH,中银证券,main,11.31,0.018066240136032842,0.0,-0.0300171526586621,-0.0061511423550087,0.8815812748539247,88,0.0159362549800796,40,75,0.0,0.0,0.0,市场情绪强，板块情绪强
2026-07-27,600681.SH,百川能源,main,3.31,0.018054920538299598,0.0,-0.0119402985074626,-0.0321637426900583,0.946251224040937,88,0.0159362549800796,40,75,0.0,0.0,0.0,市场情绪强，板块情绪强
2026-07-27,300581.SZ,晨曦航空,chinext,9.56,0.01805317483565489,0.0,0.0717488789237668,0.0814479638009051,1.7799697945270232,88,0.0159362549800796,40,10,0.0,0.0,0.0,成交量放大，短线动量强，市场情绪强，板块情绪强
2026-07-27,000708.SZ,中信特钢,main,14.26,0.018050161290713792,0.0,0.034833091436865,0.0649738610903658,0.7315229463862681,88,0.0159362549800796,40,75,0.0,0.0,0.0,市场情绪强，板块情绪强
2026-07-27,601995.SH,中金公司,main,35.61,0.01804689739227506,0.0,-0.0033585222502098,0.0065008479366872,0.7010325406344943,88,0.0159362549800796,40,75,0.0,0.0,0.0,市场情绪强，板块情绪强
2026-07-27,300661.SZ,圣邦股份,chinext,100.41,0.01803793476362174,0.0,-0.0875965470240799,-0.0058415841584158,0.6544357003044893,88,0.0159362549800796,40,10,0.0,0.0,0.0,市场情绪强，板块情绪强
2026-07-27,300077.SZ,国民技术,chinext,17.27,0.018028677067506254,0.0,-0.0744908896034298,-0.1023908523908523,0.657748788902362,88,0.0159362549800796,40,10,0.0,0.0,0.0,市场情绪强，板块情绪强
2026-07-27,002034.SZ,旺能环境,main,13.76,0.018021971594912305,0.0,-0.0021754894851341,-0.0036205648081101,0.8693455428257516,88,0.0159362549800796,40,75,0.0,0.0,0.0,市场情绪强，板块情绪强
2026-07-27,000858.SZ,五 粮 液,main,73.57,0.01801941999492855,0.0,-0.0108900242000538,0.011132490379329,0.6567074025476574,88,0.0159362549800796,40,75,0.0,0.0,0.0,市场情绪强，板块情绪强
2026-07-27,002019.SZ,亿帆医药,main,9.8,0.018005312307246314,0.0,-0.0354330708661416,-0.0401567091087169,0.8397126716116647,88,0.0159362549800796,40,75,0.0,0.0,0.0,市场情绪强，板块情绪强
2026-07-27,000553.SZ,安道麦A,main,5.09,0.017998052696062753,0.0,0.0019685039370078,-0.0116504854368932,0.743738066103785,88,0.0159362549800796,40,75,0.0,0.0,0.0,市场情绪强，板块情绪强
2026-07-27,000061.SZ,农 产 品,main,5.54,0.0179934361631983,0.0,-0.0314685314685314,-0.0124777183600713,0.741215736245066,88,0.0159362549800796,40,75,0.0,0.0,0.0,市场情绪强，板块情绪强
2026-07-27,002264.SZ,新 华 都,main,5.89,0.017972739898530755,0.0,-0.0312500000000001,-0.0264462809917355,0.7856063691241137,88,0.0159362549800796,40,75,0.0,0.0,0.0,市场情绪强，板块情绪强
2026-07-27,603102.SH,百合股份,main,30.7,0.017972170093596387,0.0,-0.0147625160462131,-0.0691328077622801,0.8020173002840733,88,0.0159362549800796,40,75,0.0,0.0,0.0,市场情绪强，板块情绪强
2026-07-27,300069.SZ,金利华电,chinext,29.13,0.017972041647818578,0.0,-0.0939346811819595,-0.115127582017011,0.8224570201211215,88,0.0159362549800796,40,10,0.0,0.0,0.0,市场情绪强，板块情绪强
2026-07-27,300467.SZ,迅游科技,chinext,31.92,0.01796753258021221,0.0,0.0682730923694781,0.0367002273465411,1.1267939606110997,88,0.0159362549800796,40,10,0.0,0.0,0.0,短线动量强，市场情绪强，板块情绪强
2026-07-27,601058.SH,赛轮轮胎,main,13.21,0.01796548025269321,0.0,-0.0149142431021624,-0.0243722304283603,0.5618598418260821,88,0.0159362549800796,40,75,0.0,0.0,0.0,市场情绪强，板块情绪强
2026-07-27,002216.SZ,三全食品,main,12.72,0.017957091305426217,0.0,0.0007867820613689,0.0047393364928909,0.6794103864945816,88,0.0159362549800796,40,75,0.0,0.0,0.0,市场情绪强，板块情绪强
2026-07-27,002311.SZ,海大集团,main,48.26,0.017952884594919786,0.0,-0.0098481739844071,0.0068850406843312,0.66617866377329,88,0.0159362549800796,40,75,0.0,0.0,0.0,市场情绪强，板块情绪强
2026-07-27,600675.SH,中华企业,main,2.12,0.017943242943763534,0.0,-0.0139534883720929,-0.0185185185185184,0.8635650633177641,88,0.0159362549800796,40,75,0.0,0.0,0.0,市场情绪强，板块情绪强
2026-07-27,600710.SH,苏美达,main,10.52,0.017941619207075144,0.0,-0.0186567164179105,0.02734375,0.8291845729663323,88,0.0159362549800796,40,75,0.0,0.0,0.0,市场情绪强，板块情绪强
2026-07-27,600157.SH,永泰能源,main,1.56,0.01793663117054154,0.0,-0.0126582278481012,0.0196078431372548,0.9225915854560568,88,0.0159362549800796,40,75,0.0,0.0,0.0,市场情绪强，板块情绪强
2026-07-27,600833.SH,第一医药,main,9.23,0.017934575208479308,0.0,-0.0263713080168775,-0.074222668004012,0.7071695649704802,88,0.0159362549800796,40,75,0.0,0.0,0.0,市场情绪强，板块情绪强
2026-07-27,000523.SZ,红棉股份,main,2.65,0.017914549082939147,0.0,-0.022140221402214,-0.039855072463768,0.9487115077911452,88,0.0159362549800796,40,75,0.0,0.0,0.0,市场情绪强，板块情绪强
2026-07-27,600185.SH,珠免集团,main,4.46,0.017912009531954445,0.0,-0.0088888888888889,0.0045045045045044,0.7870809859943702,88,0.0159362549800796,40,75,0.0,0.0,0.0,市场情绪强，板块情绪强
2026-07-27,000715.SZ,中兴商业,main,4.45,0.017906891593071857,0.0,-0.0154867256637166,-0.0591966173361522,0.6526113781001104,88,0.0159362549800796,40,75,0.0,0.0,0.0,市场情绪强，板块情绪强
2026-07-27,600320.SH,振华重工,main,4.12,0.017899800846563445,0.0,-0.0024213075060531,0.0377833753148615,0.8187007069938914,88,0.0159362549800796,40,75,0.0,0.0,0.0,市场情绪强，板块情绪强
2026-07-27,603291.SH,联合水务,main,7.72,0.01789514167920982,0.0,-0.0127877237851663,-0.0313676286072772,0.8665107864437701,88,0.0159362549800796,40,75,0.0,0.0,0.0,市场情绪强，板块情绪强
2026-07-27,000727.SZ,冠捷科技,main,2.14,0.017892565310597602,0.0,-0.0316742081447962,-0.0272727272727273,0.7275815007777636,88,0.0159362549800796,40,75,0.0,0.0,0.0,市场情绪强，板块情绪强
2026-07-27,001222.SZ,源飞宠物,main,12.82,0.017891971326255734,0.0,-0.0309901738473167,-0.0770338372930166,0.7023151042618652,88,0.0159362549800796,40,75,0.0,0.0,0.0,市场情绪强，板块情绪强
2026-07-27,600661.SH,昂立教育,main,7.51,0.01788540786385523,0.0,-0.0157273918741809,-0.0408684546615581,0.6869221152769684,88,0.0159362549800796,40,75,0.0,0.0,0.0,市场情绪强，板块情绪强
2026-07-27,603589.SH,口子窖,main,18.83,0.017877707165394278,0.0,-0.0431910569105691,-0.0278781621063501,0.630216005710545,88,0.0159362549800796,40,75,0.0,0.0,0.0,市场情绪强，板块情绪强
2026-07-27,600120.SH,浙江东方,main,4.85,0.017877597696526373,0.0,-0.0433925049309665,-0.0041067761806982,0.5833320304827128,88,0.0159362549800796,40,75,0.0,0.0,0.0,市场情绪强，板块情绪强
2026-07-27,601998.SH,中信银行,main,7.61,0.01787474570337275,0.0,0.0173796791443849,0.038199181446112,0.8750302482303688,88,0.0159362549800796,40,75,0.0,0.0,0.0,市场情绪强，板块情绪强
2026-07-27,603207.SH,小方制药,main,21.5,0.017861076901856777,0.0,-0.0275893260967887,-0.0712742980561554,0.7571115140581764,88,0.0159362549800796,40,75,0.0,0.0,0.0,市场情绪强，板块情绪强
2026-07-27,002233.SZ,塔牌集团,main,7.2,0.017852984175233004,0.0,-0.0283400809716599,0.0,0.5558532375488047,88,0.0159362549800796,40,75,0.0,0.0,0.0,市场情绪强，板块情绪强
2026-07-27,600372.SH,中航机载,main,11.23,0.01784021770837656,0.0,-0.0044326241134751,0.0274473924977127,1.300823867379128,88,0.0159362549800796,40,75,0.0,0.0,0.0,市场情绪强，板块情绪强
2026-07-27,300935.SZ,盈建科,chinext,21.26,0.017838052942325964,0.0,-0.0148285449490267,-0.0331969076853113,0.5960703727399284,88,0.0159362549800796,40,10,0.0,0.0,0.0,市场情绪强，板块情绪强
2026-07-27,600535.SH,天士力,main,15.76,0.017837626868476043,0.0,-0.012531328320802,0.024707412223667,0.7095615499945784,88,0.0159362549800796,40,75,0.0,0.0,0.0,市场情绪强，板块情绪强
2026-07-27,002594.SZ,比亚迪,main,91.89,0.017833909355318176,0.0,-0.0255567338282077,-0.0169038194072964,0.5292362105958384,88,0.0159362549800796,40,75,0.0,0.0,0.0,市场情绪强，板块情绪强
2026-07-27,002753.SZ,永东股份,main,5.8,0.01783139734254005,0.0,-0.0034364261168385,-0.0301003344481606,0.8131530040483163,88,0.0159362549800796,40,75,0.0,0.0,0.0,市场情绪强，板块情绪强
2026-07-27,605077.SH,华康股份,main,10.04,0.017827669444276648,0.0,-0.0069238377843718,-0.0308880308880309,0.6766505533218408,88,0.0159362549800796,40,75,0.0,0.0,0.0,市场情绪强，板块情绪强
2026-07-27,600116.SH,三峡水利,main,6.37,0.017826149859427636,0.0,0.0031496062992126,0.012718600953895,0.7529895230992996,88,0.0159362549800796,40,75,0.0,0.0,0.0,市场情绪强，板块情绪强
2026-07-27,600106.SH,重庆路桥,main,4.02,0.0178242471399716,0.0,-0.04739336492891,-0.0694444444444446,0.9487993217371068,88,0.0159362549800796,40,75,0.0,0.0,0.0,市场情绪强，板块情绪强
2026-07-27,000685.SZ,中山公用,main,10.92,0.017810365898486724,0.0,0.0,0.0311614730878186,0.921970518709672,88,0.0159362549800796,40,75,0.0,0.0,0.0,市场情绪强，板块情绪强
2026-07-27,600218.SH,全柴动力,main,7.07,0.017805452451509857,0.0,-0.0098039215686274,-0.0248275862068965,0.5064329473447087,88,0.0159362549800796,40,75,0.0,0.0,0.0,市场情绪强，板块情绪强
2026-07-27,002847.SZ,盐津铺子,main,45.69,0.017797926834598635,0.0,-0.0475297060662914,-0.0598765432098765,0.7318025230181461,88,0.0159362549800796,40,75,0.0,0.0,0.0,市场情绪强，板块情绪强
2026-07-27,600335.SH,国机汽车,main,4.89,0.017792758844531763,0.0,-0.033596837944664,-0.0374015748031496,0.7562503508930039,88,0.0159362549800796,40,75,0.0,0.0,0.0,市场情绪强，板块情绪强
2026-07-27,002224.SZ,三 力 士,main,3.28,0.01778901784730189,0.0,-0.0060606060606061,-0.0208955223880598,0.6794712097214457,88,0.0159362549800796,40,75,0.0,0.0,0.0,市场情绪强，板块情绪强
2026-07-27,002053.SZ,云南能投,main,9.11,0.017774205501834884,0.0,-0.0430672268907563,-0.035978835978836,0.7512686294658916,88,0.0159362549800796,40,75,0.0,0.0,0.0,市场情绪强，板块情绪强
2026-07-27,600956.SH,新天绿能,main,7.15,0.01776965000232808,0.0,-0.0205479452054794,0.015625,0.7862124133467691,88,0.0159362549800796,40,75,0.0,0.0,0.0,市场情绪强，板块情绪强
2026-07-27,002315.SZ,焦点科技,main,23.57,0.017767887729200828,0.0,-0.0654242664551942,-0.0252274607113316,0.57340502066532,88,0.0159362549800796,40,75,0.0,0.0,0.0,市场情绪强，板块情绪强
2026-07-27,000403.SZ,派林生物,main,9.44,0.01775401837566992,0.0,-0.0115183246073299,-0.0298047276464543,0.7388630570847861,88,0.0159362549800796,40,75,0.0,0.0,0.0,市场情绪强，板块情绪强
2026-07-27,600446.SH,金证股份,main,9.85,0.017743886151083414,0.0,-0.0473887814313346,-0.0060544904137235,0.8193047844230184,88,0.0159362549800796,40,75,0.0,0.0,0.0,市场情绪强，板块情绪强
2026-07-27,600088.SH,中视传媒,main,10.67,0.01774260123119188,0.0,-0.0246800731261425,-0.041329739442947,0.7566164773494617,88,0.0159362549800796,40,75,0.0,0.0,0.0,市场情绪强，板块情绪强
2026-07-27,000716.SZ,黑芝麻,main,4.28,0.017739041238130818,0.0,-0.0160919540229883,-0.0488888888888888,0.748341358467665,88,0.0159362549800796,40,75,0.0,0.0,0.0,市场情绪强，板块情绪强
2026-07-27,300763.SZ,锦浪科技,chinext,63.69,0.01773686935882744,0.0,0.1045785639958376,0.1019031141868511,1.3904407974119932,88,0.0159362549800796,40,10,0.0,0.0,0.0,短线动量强，市场情绪强，板块情绪强
2026-07-27,301626.SZ,苏州天脉,chinext,212.4,0.017720566578373672,0.0,-0.1014468229122599,-0.1312528119759499,0.616298737804964,88,0.0159362549800796,40,10,0.0,0.0,0.0,市场情绪强，板块情绪强
2026-07-27,002041.SZ,登海种业,main,8.31,0.017715346571445773,0.0,-0.0024009603841536,-0.001201923076923,0.925630617484678,88,0.0159362549800796,40,75,0.0,0.0,0.0,市场情绪强，板块情绪强
2026-07-27,000868.SZ,安凯客车,main,3.34,0.017711618038769743,0.0,-0.0089020771513353,-0.0118343195266272,0.7790504957644893,88,0.0159362549800796,40,75,0.0,0.0,0.0,市场情绪强，板块情绪强
2026-07-27,603080.SH,新疆火炬,main,17.7,0.017708592378723097,0.0,-0.0111731843575418,-0.0494092373791622,0.6162135240984312,88,0.0159362549800796,40,75,0.0,0.0,0.0,市场情绪强，板块情绪强
2026-07-27,603535.SH,嘉诚国际,main,5.79,0.017706795511615584,0.0,-0.0219594594594594,-0.0461285008237232,0.8992753370415293,88,0.0159362549800796,40,75,0.0,0.0,0.0,市场情绪强，板块情绪强
2026-07-27,300263.SZ,隆华科技,chinext,8.75,0.01769488537610449,0.0,-0.0499457111834963,-0.0740740740740739,0.5598162550981876,88,0.0159362549800796,40,10,0.0,0.0,0.0,市场情绪强，板块情绪强
2026-07-27,600850.SH,电科数字,main,13.62,0.017684159901843636,0.0,-0.0683994528043775,-0.0435393258426967,0.8815924295459433,88,0.0159362549800796,40,75,0.0,0.0,0.0,市场情绪强，板块情绪强
2026-07-27,300709.SZ,精研科技,chinext,34.46,0.017684088772955374,0.0,-0.0374301675977652,-0.0847277556440903,0.6891562240290046,88,0.0159362549800796,40,10,0.0,0.0,0.0,市场情绪强，板块情绪强
2026-07-27,603227.SH,雪峰科技,main,6.96,0.0176778921443577,0.0,-0.0238429172510519,-0.0210970464135021,0.6933717490733713,88,0.0159362549800796,40,75,0.0,0.0,0.0,市场情绪强，板块情绪强
2026-07-27,600900.SH,长江电力,main,28.9,0.017667228704153305,0.0,0.0059171597633136,0.0325116112897463,0.5920582414176432,88,0.0159362549800796,40,75,0.0,0.0,0.0,市场情绪强，板块情绪强
2026-07-27,000050.SZ,深天马Ａ,main,6.15,0.017639047194809035,0.0,-0.029968454258675,-0.0064620355411955,0.716283401929361,88,0.0159362549800796,40,75,0.0,0.0,0.0,市场情绪强，板块情绪强
2026-07-27,600571.SH,信雅达,main,9.39,0.017635460658473337,0.0,-0.0515151515151515,-0.0084477296726505,0.7045400995846237,88,0.0159362549800796,40,75,0.0,0.0,0.0,市场情绪强，板块情绪强
2026-07-27,301252.SZ,同星科技,chinext,27.67,0.01762479223020657,0.0,0.0131819846210181,-0.043222683264177,0.7249436765040118,88,0.0159362549800796,40,10,0.0,0.0,0.0,市场情绪强，板块情绪强
2026-07-27,000778.SZ,新兴铸管,main,3.74,0.017591461048120767,0.0,-0.0105820105820104,0.0274725274725275,0.8161246414103278,88,0.0159362549800796,40,75,0.0,0.0,0.0,市场情绪强，板块情绪强
2026-07-27,002801.SZ,微光股份,main,26.02,0.017574537463518676,0.0,-0.0110224249334853,-0.0023006134969324,0.7319805462974412,88,0.0159362549800796,40,75,0.0,0.0,0.0,市场情绪强，板块情绪强
2026-07-27,600739.SH,辽宁成大,main,10.5,0.01757431421795686,0.0,-0.0445859872611464,-0.0037950664136621,0.7266306206559137,88,0.0159362549800796,40,75,0.0,0.0,0.0,市场情绪强，板块情绪强
2026-07-27,603231.SH,索宝蛋白,main,13.76,0.017564195544432948,0.0,-0.0122038765254846,-0.0620313565098841,0.5416134259770733,88,0.0159362549800796,40,75,0.0,0.0,0.0,市场情绪强，板块情绪强
2026-07-27,603915.SH,国茂股份,main,12.05,0.01756213912915314,0.0,-0.0481832543443917,-0.0444091990483742,0.95239422975914,88,0.0159362549800796,40,75,0.0,0.0,0.0,市场情绪强，板块情绪强
2026-07-27,000409.SZ,云鼎科技,main,8.29,0.01755599399749346,0.0,0.0048484848484846,0.0122100122100121,1.1420507499005843,88,0.0159362549800796,40,75,0.0,0.0,0.0,市场情绪强，板块情绪强
2026-07-27,301197.SZ,工大科雅,chinext,20.02,0.017552671250159066,0.0,0.0004997501249375,-0.0416467209191,0.8535759263235588,88,0.0159362549800796,40,10,0.0,0.0,0.0,市场情绪强，板块情绪强
2026-07-27,600780.SH,通宝能源,main,6.1,0.017550734216741644,0.0,-0.0129449838187701,0.0183639398998329,0.7602529426994995,88,0.0159362549800796,40,75,0.0,0.0,0.0,市场情绪强，板块情绪强
2026-07-27,688056.SH,莱伯泰科,star,38.45,0.01753922406676722,0.0,-0.0146078933880061,-0.0779376498800958,0.6509507484738002,88,0.0159362549800796,40,3,0.0,0.0,0.0,市场情绪强
2026-07-27,600715.SH,文投控股,main,1.45,0.017535523485959603,0.0,-0.0136054421768707,-0.0268456375838926,0.7085034125958318,88,0.0159362549800796,40,75,0.0,0.0,0.0,市场情绪强，板块情绪强
2026-07-27,002928.SZ,华夏航空,main,6.08,0.017531712948735543,0.0,-0.0016420361247947,0.0116472545757071,0.9080108060913348,88,0.0159362549800796,40,75,0.0,0.0,0.0,市场情绪强，板块情绪强
2026-07-27,000735.SZ,罗 牛 山,main,4.85,0.01753009172167463,0.0,-0.0081799591002045,-0.0202020202020203,0.9904009386942252,88,0.0159362549800796,40,75,0.0,0.0,0.0,市场情绪强，板块情绪强
2026-07-27,601398.SH,工商银行,main,7.75,0.017519423163956573,0.0,0.0251322751322751,0.0237780713342139,0.7976483351470275,88,0.0159362549800796,40,75,0.0,0.0,0.0,市场情绪强，板块情绪强
2026-07-27,002758.SZ,浙农股份,main,7.61,0.017513778850261646,0.0,-0.0129701686121919,-0.0367088607594936,0.6310386381972835,88,0.0159362549800796,40,75,0.0,0.0,0.0,市场情绪强，板块情绪强
2026-07-27,601328.SH,交通银行,main,7.04,0.01751336658637371,0.0,0.0337738619676946,0.0307467057101025,0.9429012149245476,88,0.0159362549800796,40,75,0.0,0.0,0.0,市场情绪强，板块情绪强
2026-07-27,002239.SZ,奥特佳,main,2.43,0.017502263950751315,0.0,-0.0121951219512194,0.0,0.8294914201655167,88,0.0159362549800796,40,75,0.0,0.0,0.0,市场情绪强，板块情绪强
2026-07-27,002238.SZ,天威视讯,main,5.46,0.017500281538185985,0.0,-0.0179856115107912,-0.0301953818827708,0.8164174264699146,88,0.0159362549800796,40,75,0.0,0.0,0.0,市场情绪强，板块情绪强
2026-07-27,002950.SZ,奥美医疗,main,8.52,0.017498098239432602,0.0,-0.0351075877689694,-0.0543840177580466,0.9516204407554502,88,0.0159362549800796,40,75,0.0,0.0,0.0,市场情绪强，板块情绪强
2026-07-27,002763.SZ,汇洁股份,main,6.61,0.017494211896816242,0.0,-0.0104790419161675,-0.0392441860465115,0.6019463639997318,88,0.0159362549800796,40,75,0.0,0.0,0.0,市场情绪强，板块情绪强
2026-07-27,601127.SH,赛力斯,main,54.33,0.017488191946106485,0.0,-0.0212574310934966,0.0005524861878454,0.8022168165242367,88,0.0159362549800796,40,75,0.0,0.0,0.0,市场情绪强，板块情绪强
2026-07-27,000531.SZ,穗恒运Ａ,main,5.72,0.017486704144083223,0.0,-0.037037037037037,-0.0137931034482758,0.9177992464876026,88,0.0159362549800796,40,75,0.0,0.0,0.0,市场情绪强，板块情绪强
2026-07-27,002920.SZ,德赛西威,main,81.02,0.01748503618570617,0.0,-0.0415237193895658,-0.0136352568785002,0.7021476338515095,88,0.0159362549800796,40,75,0.0,0.0,0.0,市场情绪强，板块情绪强
2026-07-27,002162.SZ,悦心健康,main,3.67,0.01748473740033573,0.0,-0.0342105263157894,-0.0442708333333333,0.6860491599640729,88,0.0159362549800796,40,75,0.0,0.0,0.0,市场情绪强，板块情绪强
2026-07-27,688768.SH,容知日新,star,40.79,0.01747615561119967,0.0,0.0469712525667351,0.0022113022113021,0.8173156796789032,88,0.0159362549800796,40,3,0.0,0.0,0.0,市场情绪强
2026-07-27,600515.SH,海南机场,main,2.73,0.017468636832007854,0.0,-0.0108695652173912,0.0036764705882352,0.9566294315673716,88,0.0159362549800796,40,75,0.0,0.0,0.0,市场情绪强，板块情绪强
2026-07-27,603071.SH,物产环能,main,11.72,0.01746592586838445,0.0,-0.0034013605442175,-0.0034013605442175,0.7222097717548326,88,0.0159362549800796,40,75,0.0,0.0,0.0,市场情绪强，板块情绪强
2026-07-27,002314.SZ,南山控股,main,1.99,0.017463974908162858,0.0,-0.005,-0.005,0.7532072827085973,88,0.0159362549800796,40,75,0.0,0.0,0.0,市场情绪强，板块情绪强
2026-07-27,002040.SZ,南 京 港,main,7.99,0.0174590932081382,0.0,0.0204342273307791,0.0075662042875157,1.132776802608293,88,0.0159362549800796,40,75,0.0,0.0,0.0,市场情绪强，板块情绪强
2026-07-27,002563.SZ,森马服饰,main,5.53,0.017457801007216382,0.0,0.0054545454545456,0.0128205128205127,0.877249594917492,88,0.0159362549800796,40,75,0.0,0.0,0.0,市场情绪强，板块情绪强
2026-07-27,600249.SH,两面针,main,4.72,0.01745430992717116,0.0,-0.0084033613445377,-0.040650406504065,0.7443967687579072,88,0.0159362549800796,40,75,0.0,0.0,0.0,市场情绪强，板块情绪强
2026-07-27,600327.SH,大东方,main,3.4,0.01745425239404583,0.0,-0.0087463556851312,-0.0607734806629834,0.6559167678977859,88,0.0159362549800796,40,75,0.0,0.0,0.0,市场情绪强，板块情绪强
2026-07-27,600023.SH,浙能电力,main,5.36,0.017452940183202877,0.0,0.0075187969924812,0.0367504835589942,0.8405195392990946,88,0.0159362549800796,40,75,0.0,0.0,0.0,市场情绪强，板块情绪强
2026-07-27,603697.SH,有友食品,main,8.98,0.017444625569444698,0.0,-0.0426439232409382,-0.0992978936810431,0.612420194153719,88,0.0159362549800796,40,75,0.0,0.0,0.0,市场情绪强，板块情绪强
2026-07-27,601399.SH,国机重装,main,3.1,0.017439900581293365,0.0,-0.0064102564102563,0.0163934426229508,0.8440736478069766,88,0.0159362549800796,40,75,0.0,0.0,0.0,市场情绪强，板块情绪强
2026-07-27,002893.SZ,京能热力,main,9.27,0.017439000237490405,0.0,-0.0211193241816263,-0.0010775862068965,0.6470148811742908,88,0.0159362549800796,40,75,0.0,0.0,0.0,市场情绪强，板块情绪强
2026-07-27,600028.SH,中国石化,main,5.19,0.017438607096792028,0.0,0.013671875,0.0318091451292246,0.7551650905352146,88,0.0159362549800796,40,75,0.0,0.0,0.0,市场情绪强，板块情绪强
2026-07-27,301189.SZ,奥尼电子,chinext,42.21,0.017437771652537994,0.0,-0.0535874439461883,-0.0114754098360656,0.546957991432524,88,0.0159362549800796,40,10,0.0,0.0,0.0,市场情绪强，板块情绪强
2026-07-27,601112.SH,振石股份,main,14.73,0.01743702140794022,0.0,-0.0040567951318457,-0.0283641160949867,0.6558999977383936,88,0.0159362549800796,40,75,0.0,0.0,0.0,市场情绪强，板块情绪强
2026-07-27,002961.SZ,瑞达期货,main,18.05,0.017432525646163082,0.0,-0.0449735449735448,-0.0259039395574743,0.8438104601758678,88,0.0159362549800796,40,75,0.0,0.0,0.0,市场情绪强，板块情绪强
2026-07-27,000919.SZ,金陵药业,main,6.01,0.017429862271879485,0.0,-0.0115131578947368,-0.0414673046251993,0.7647596985475296,88,0.0159362549800796,40,75,0.0,0.0,0.0,市场情绪强，板块情绪强
2026-07-27,600467.SH,好当家,main,2.09,0.01742757104794843,0.0,-0.0047619047619048,-0.0324074074074075,0.8676338101933674,88,0.0159362549800796,40,75,0.0,0.0,0.0,市场情绪强，板块情绪强
2026-07-27,605338.SH,巴比食品,main,17.9,0.017426821006289672,0.0,-0.0094078583287217,-0.0564048497627833,0.7559529466811911,88,0.0159362549800796,40,75,0.0,0.0,0.0,市场情绪强，板块情绪强
2026-07-27,002032.SZ,苏 泊 尔,main,42.93,0.017425922946520945,0.0,-0.0389523169912693,-0.0209806157354618,0.8113414473031849,88,0.0159362549800796,40,75,0.0,0.0,0.0,市场情绪强，板块情绪强
2026-07-27,603759.SH,海天股份,main,6.74,0.017419358064359937,0.0,-0.0160583941605838,-0.0302158273381294,0.623562154701611,88,0.0159362549800796,40,75,0.0,0.0,0.0,市场情绪强，板块情绪强
2026-07-27,000428.SZ,华天酒店,main,3.04,0.01741893375198483,0.0,0.0033003300330034,-0.0193548387096774,0.6881563545133936,88,0.0159362549800796,40,75,0.0,0.0,0.0,市场情绪强，板块情绪强
2026-07-27,600795.SH,国电电力,main,4.93,0.01741078761466107,0.0,0.0164948453608246,0.0378947368421052,0.7657153533444031,88,0.0159362549800796,40,75,0.0,0.0,0.0,市场情绪强，板块情绪强
2026-07-27,600071.SH,凤凰光学,main,14.19,0.017405518118678184,0.0,-0.0300751879699249,-0.0346938775510203,0.5712336759443472,88,0.0159362549800796,40,75,0.0,0.0,0.0,市场情绪强，板块情绪强
2026-07-27,000931.SZ,中 关 村,main,4.05,0.017403698162921734,0.0,-0.0240963855421687,-0.0402843601895734,0.7939123513014237,88,0.0159362549800796,40,75,0.0,0.0,0.0,市场情绪强，板块情绪强
2026-07-27,605507.SH,国邦医药,main,15.53,0.017402263117453576,0.0,-0.0401730531520395,-0.029375,0.4932353403029734,88,0.0159362549800796,40,75,0.0,0.0,0.0,市场情绪强，板块情绪强
2026-07-27,002690.SZ,美亚光电,main,14.71,0.01739970595986776,0.0,-0.0094276094276093,0.0165860400829302,0.8089038256485692,88,0.0159362549800796,40,75,0.0,0.0,0.0,市场情绪强，板块情绪强
2026-07-27,600495.SH,晋西车轴,main,3.78,0.01738720670317734,0.0,0.0188679245283018,0.0106951871657752,0.6794422578406234,88,0.0159362549800796,40,75,0.0,0.0,0.0,市场情绪强，板块情绪强
2026-07-27,601238.SH,广汽集团,main,5.1,0.01737885502638322,0.0,0.0,0.0119047619047618,0.6979232187152562,88,0.0159362549800796,40,75,0.0,0.0,0.0,市场情绪强，板块情绪强
2026-07-27,301281.SZ,科源制药,chinext,34.0,0.017376695514568857,0.0,-0.0672153635116599,-0.1416309012875536,0.7556984565001512,88,0.0159362549800796,40,10,0.0,0.0,0.0,市场情绪强，板块情绪强
2026-07-27,002232.SZ,启明信息,main,13.15,0.01737176152438759,0.0,-0.039444850255661,-0.029520295202952,0.8148264136163853,88,0.0159362549800796,40,75,0.0,0.0,0.0,市场情绪强，板块情绪强
2026-07-27,000825.SZ,太钢不锈,main,3.49,0.017370092438877598,0.0,-0.0085227272727271,0.0086705202312138,0.8402075217708884,88,0.0159362549800796,40,75,0.0,0.0,0.0,市场情绪强，板块情绪强
2026-07-27,603194.SH,中力股份,main,33.02,0.01736854983556364,0.0,-0.0265330188679244,0.0122624156958923,0.5294176395464398,88,0.0159362549800796,40,75,0.0,0.0,0.0,市场情绪强，板块情绪强
2026-07-27,600273.SH,嘉化能源,main,6.66,0.01736224168366045,0.0,-0.0059701492537312,0.0183486238532111,0.8717236028376807,88,0.0159362549800796,40,75,0.0,0.0,0.0,市场情绪强，板块情绪强
2026-07-27,601766.SH,中国中车,main,5.94,0.017344718439909874,0.0,-0.0083472454090149,0.0513274336283184,0.4154636646407809,88,0.0159362549800796,40,75,0.0,0.0,0.0,市场情绪强，板块情绪强
2026-07-27,002307.SZ,北新路桥,main,2.86,0.017344606983808387,0.0,0.0,0.0035087719298245,0.760846021309738,88,0.0159362549800796,40,75,0.0,0.0,0.0,市场情绪强，板块情绪强
2026-07-27,000655.SZ,金岭矿业,main,6.38,0.01733941335823347,0.0,-0.0108527131782946,-0.0184615384615385,0.8656354785914027,88,0.0159362549800796,40,75,0.0,0.0,0.0,市场情绪强，板块情绪强
2026-07-27,603885.SH,吉祥航空,main,10.49,0.017335625367576643,0.0,0.0028680688336519,0.0184466019417475,0.7503885641292596,88,0.0159362549800796,40,75,0.0,0.0,0.0,市场情绪强，板块情绪强
2026-07-27,601139.SH,深圳燃气,main,6.43,0.017329210106404314,0.0,0.0078369905956112,0.0354267310789049,0.7929676701169798,88,0.0159362549800796,40,75,0.0,0.0,0.0,市场情绪强，板块情绪强
2026-07-27,002312.SZ,川发龙蟒,main,8.03,0.017324230145330424,0.0,-0.0086419753086419,0.0138888888888888,0.975423059043384,88,0.0159362549800796,40,75,0.0,0.0,0.0,市场情绪强，板块情绪强
2026-07-27,300639.SZ,凯普生物,chinext,5.39,0.017318813514984325,0.0,0.0631163708086783,0.0286259541984732,1.912492749107284,88,0.0159362549800796,40,10,0.0,0.0,0.0,成交量放大，短线动量强，市场情绪强，板块情绪强
2026-07-27,603233.SH,大参林,main,18.4,0.01730994283966359,0.0,-0.026969857218403,-0.0091545503500269,0.5735643412602779,88,0.0159362549800796,40,75,0.0,0.0,0.0,市场情绪强，板块情绪强
2026-07-27,001236.SZ,弘业期货,main,6.95,0.017309564808690458,0.0,-0.027972027972028,-0.016973125884017,0.8239013836920834,88,0.0159362549800796,40,75,0.0,0.0,0.0,市场情绪强，板块情绪强
2026-07-27,605108.SH,同庆楼,main,11.1,0.017304571907964243,0.0,-0.0339425587467363,-0.0757701915070774,0.9568164699974894,88,0.0159362549800796,40,75,0.0,0.0,0.0,市场情绪强，板块情绪强
2026-07-27,600233.SH,圆通速递,main,17.26,0.017304228660032124,0.0,-0.0303370786516853,0.0087668030391585,0.7014043673792376,88,0.0159362549800796,40,75,0.0,0.0,0.0,市场情绪强，板块情绪强
2026-07-27,600361.SH,创新新材,main,3.6,0.01730343614742951,0.0,0.0084033613445377,0.0344827586206897,0.9088643302599804,88,0.0159362549800796,40,75,0.0,0.0,0.0,市场情绪强，板块情绪强
2026-07-27,002852.SZ,道道全,main,7.14,0.0173030457963045,0.0,-0.0192307692307692,-0.061760840998686,0.6366108575722585,88,0.0159362549800796,40,75,0.0,0.0,0.0,市场情绪强，板块情绪强
2026-07-27,301500.SZ,飞南资源,chinext,20.51,0.017300492029634237,0.0,-0.0153624579932787,0.003915810083211,0.8940330240253861,88,0.0159362549800796,40,10,0.0,0.0,0.0,市场情绪强，板块情绪强
2026-07-27,002386.SZ,天原股份,main,5.55,0.017298783798977882,0.0,-0.0246045694200351,-0.0414507772020725,0.8289687734185114,88,0.0159362549800796,40,75,0.0,0.0,0.0,市场情绪强，板块情绪强
2026-07-27,002085.SZ,万丰奥威,main,9.98,0.017298013217513546,0.0,-0.0234833659491193,0.0131979695431472,0.7728048465914796,88,0.0159362549800796,40,75,0.0,0.0,0.0,市场情绪强，板块情绪强
2026-07-27,600010.SH,包钢股份,main,2.16,0.01729539211656376,0.0,-0.0046082949308754,0.0188679245283018,0.902977604052358,88,0.0159362549800796,40,75,0.0,0.0,0.0,市场情绪强，板块情绪强
2026-07-27,600830.SH,香溢融通,main,7.66,0.01728011369045919,0.0,-0.0266836086404066,-0.0424999999999999,0.8103798800951266,88,0.0159362549800796,40,75,0.0,0.0,0.0,市场情绪强，板块情绪强
2026-07-27,002320.SZ,海峡股份,main,6.22,0.017274601132167448,0.0,-0.0111287758346582,0.011382113821138,0.7535628284081496,88,0.0159362549800796,40,75,0.0,0.0,0.0,市场情绪强，板块情绪强
2026-07-27,605266.SH,健之佳,main,15.68,0.017274289530417097,0.0,-0.0125944584382872,-0.055421686746988,0.7522800403510899,88,0.0159362549800796,40,75,0.0,0.0,0.0,市场情绪强，板块情绪强
2026-07-27,600508.SH,上海能源,main,8.33,0.017271702236582295,0.0,-0.0142011834319525,0.0084745762711864,0.7011510850202562,88,0.0159362549800796,40,75,0.0,0.0,0.0,市场情绪强，板块情绪强
2026-07-27,600456.SH,宝钛股份,main,26.75,0.01726883149660171,0.0,-0.052090715804394,-0.0219378427787935,0.7788941697967069,88,0.0159362549800796,40,75,0.0,0.0,0.0,市场情绪强，板块情绪强
2026-07-27,002516.SZ,旷达科技,main,4.99,0.017263723955718707,0.0,-0.0495238095238095,-0.034816247582205,0.6921300877691725,88,0.0159362549800796,40,75,0.0,0.0,0.0,市场情绪强，板块情绪强
2026-07-27,003816.SZ,中国广核,main,4.06,0.01726024950515863,0.0,0.0,0.030456852791878,0.7511520989144042,88,0.0159362549800796,40,75,0.0,0.0,0.0,市场情绪强，板块情绪强
2026-07-27,603711.SH,香飘飘,main,9.93,0.017253293542219102,0.0,-0.0158572844400396,-0.0719626168224298,0.5471678251055634,88,0.0159362549800796,40,75,0.0,0.0,0.0,市场情绪强，板块情绪强
2026-07-27,601366.SH,利群股份,main,3.31,0.017246221740316904,0.0,-0.0178041543026706,-0.0515759312320917,0.8141741206234312,88,0.0159362549800796,40,75,0.0,0.0,0.0,市场情绪强，板块情绪强
2026-07-27,601166.SH,兴业银行,main,18.33,0.017242506733550645,0.0,0.0245947456679707,0.0326760563380281,0.8412973099268961,88,0.0159362549800796,40,75,0.0,0.0,0.0,市场情绪强，板块情绪强
2026-07-27,300648.SZ,星云股份,chinext,31.18,0.017237975203745922,0.0,0.0192873488067994,-0.0864342220920012,0.6565494579773358,88,0.0159362549800796,40,10,0.0,0.0,0.0,市场情绪强，板块情绪强
2026-07-27,300196.SZ,长海股份,chinext,15.86,0.017233921082085622,0.0,-0.0757575757575758,-0.072514619883041,0.6007222955078225,88,0.0159362549800796,40,10,0.0,0.0,0.0,市场情绪强，板块情绪强
2026-07-27,000758.SZ,中色股份,main,5.62,0.017232419253655654,0.0,-0.0174825174825173,0.02367941712204,0.7999733273778713,88,0.0159362549800796,40,75,0.0,0.0,0.0,市场情绪强，板块情绪强
2026-07-27,600196.SH,复星医药,main,22.67,0.017228452646449746,0.0,-0.0430561418319965,-0.031196581196581,0.9915391383625068,88,0.0159362549800796,40,75,0.0,0.0,0.0,市场情绪强，板块情绪强
2026-07-27,000910.SZ,大亚圣象,main,4.82,0.017209582911749163,0.0,-0.0242914979757085,-0.0801526717557251,0.7947407774457681,88,0.0159362549800796,40,75,0.0,0.0,0.0,市场情绪强，板块情绪强
2026-07-27,000625.SZ,长安汽车,main,7.2,0.01720378183216619,0.0,0.0,0.0126582278481013,0.7020267297197064,88,0.0159362549800796,40,75,0.0,0.0,0.0,市场情绪强，板块情绪强
2026-07-27,002746.SZ,仙坛股份,main,5.91,0.017198909970976173,0.0,-0.0067226890756302,-0.0452342487883683,0.5820515990905941,88,0.0159362549800796,40,75,0.0,0.0,0.0,市场情绪强，板块情绪强
2026-07-27,000429.SZ,粤高速Ａ,main,14.38,0.017196934235104436,0.0,0.00629811056683,0.0034891835310537,0.7413714076026833,88,0.0159362549800796,40,75,0.0,0.0,0.0,市场情绪强，板块情绪强
2026-07-27,600216.SH,浙江医药,main,11.63,0.017194916891119995,0.0,-0.0513866231647633,-0.0380479735318444,1.072726086263291,88,0.0159362549800796,40,75,0.0,0.0,0.0,市场情绪强，板块情绪强
2026-07-27,600323.SH,瀚蓝环境,main,30.07,0.017189824999113285,0.0,-0.0039748261013581,0.027682843472317,0.5133296697571371,88,0.0159362549800796,40,75,0.0,0.0,0.0,市场情绪强，板块情绪强
2026-07-27,001318.SZ,阳光乳业,main,9.56,0.017182602333431465,0.0,-0.0284552845528455,-0.0895238095238094,0.8520172679479574,88,0.0159362549800796,40,75,0.0,0.0,0.0,市场情绪强，板块情绪强
2026-07-27,600886.SH,国投电力,main,14.82,0.017180879394786623,0.0,-0.0139720558882234,0.0040650406504065,0.8904945147412368,88,0.0159362549800796,40,75,0.0,0.0,0.0,市场情绪强，板块情绪强
2026-07-27,601919.SH,中远海控,main,15.32,0.017175301310366303,0.0,0.0302622730329522,0.0536451169188445,0.8831768032661056,88,0.0159362549800796,40,75,0.0,0.0,0.0,市场情绪强，板块情绪强
2026-07-27,002299.SZ,圣农发展,main,15.85,0.017171489617352546,0.0,-0.0068922305764411,0.0114869176770899,0.7037355691633036,88,0.0159362549800796,40,75,0.0,0.0,0.0,市场情绪强，板块情绪强
2026-07-27,600422.SH,昆药集团,main,8.73,0.01716850534514894,0.0,-0.0056947608200453,-0.024581005586592,0.6991856615117321,88,0.0159362549800796,40,75,0.0,0.0,0.0,市场情绪强，板块情绪强
2026-07-27,600439.SH,瑞贝卡,main,2.06,0.017164738383563066,0.0,-0.004830917874396,-0.0283018867924528,0.7167202800502965,88,0.0159362549800796,40,75,0.0,0.0,0.0,市场情绪强，板块情绪强
2026-07-27,605098.SH,行动教育,main,54.78,0.017163235816212066,0.0,0.0264193367060145,0.0345609065155807,0.4943241249286026,88,0.0159362549800796,40,75,0.0,0.0,0.0,市场情绪强，板块情绪强
2026-07-27,301372.SZ,科净源,chinext,26.99,0.01715069106425723,0.0,-0.0346924177396281,-0.1485804416403785,0.4185694826726922,88,0.0159362549800796,40,10,0.0,0.0,0.0,市场情绪强，板块情绪强
2026-07-27,600517.SH,国网英大,main,4.93,0.017150521751033477,0.0,0.0061224489795916,0.0292275574112734,0.8700381214503919,88,0.0159362549800796,40,75,0.0,0.0,0.0,市场情绪强，板块情绪强
2026-07-27,000930.SZ,中粮科技,main,4.48,0.01714856672637409,0.0,-0.0132158590308368,-0.0110375275938189,0.8365081153451767,88,0.0159362549800796,40,75,0.0,0.0,0.0,市场情绪强，板块情绪强
2026-07-27,601860.SH,紫金银行,main,2.56,0.01714250490521109,0.0,0.0039215686274509,-0.0077519379844961,0.7613970177040205,88,0.0159362549800796,40,75,0.0,0.0,0.0,市场情绪强，板块情绪强
2026-07-27,002004.SZ,华邦健康,main,4.2,0.0171420066767195,0.0,-0.0209790209790209,-0.0209790209790209,0.7707321756625087,88,0.0159362549800796,40,75,0.0,0.0,0.0,市场情绪强，板块情绪强
2026-07-27,603648.SH,畅联股份,main,8.49,0.01714002237014894,0.0,-0.0263761467889909,-0.0690789473684209,0.5846248712700087,88,0.0159362549800796,40,75,0.0,0.0,0.0,市场情绪强，板块情绪强
2026-07-27,001207.SZ,联科科技,main,14.19,0.017132255369539547,0.0,-0.035350101971448,-0.0719424460431654,0.5856015221610821,88,0.0159362549800796,40,75,0.0,0.0,0.0,市场情绪强，板块情绪强
2026-07-27,300502.SZ,新易盛,chinext,476.02,0.01713034605501844,0.0,-0.1372854631458759,-0.0142064280980782,0.5921828080964455,88,0.0159362549800796,40,10,0.0,0.0,0.0,市场情绪强，板块情绪强
2026-07-27,600132.SH,重庆啤酒,main,43.5,0.017122974633902947,0.0,-0.0038928326081978,0.0071775874044919,0.5727389435128496,88,0.0159362549800796,40,75,0.0,0.0,0.0,市场情绪强，板块情绪强
2026-07-27,601599.SH,浙文影业,main,2.84,0.017117257144673714,0.0,-0.0240549828178695,-0.0372881355932204,0.7598352459088943,88,0.0159362549800796,40,75,0.0,0.0,0.0,市场情绪强，板块情绪强
2026-07-27,000532.SZ,华金资本,main,9.79,0.017115771820326087,0.0,-0.0448780487804878,-0.0495145631067962,1.0496188189608957,88,0.0159362549800796,40,75,0.0,0.0,0.0,市场情绪强，板块情绪强
2026-07-27,603100.SH,川仪股份,main,17.24,0.017115742594843403,0.0,-0.0137299771167048,0.0075978959672704,0.6010961006428779,88,0.0159362549800796,40,75,0.0,0.0,0.0,市场情绪强，板块情绪强
2026-07-27,600298.SH,安琪酵母,main,37.99,0.017111237931977913,0.0,-0.0384712730954187,-0.0127338877338876,0.7788863338042379,88,0.0159362549800796,40,75,0.0,0.0,0.0,市场情绪强，板块情绪强
2026-07-27,600609.SH,金杯汽车,main,3.13,0.017110795037043595,0.0,-0.0063492063492063,-0.021875,0.8202036388931959,88,0.0159362549800796,40,75,0.0,0.0,0.0,市场情绪强，板块情绪强
2026-07-27,002880.SZ,卫光生物,main,18.8,0.017106222809554268,0.0,-0.0651417205370461,-0.1017677974199713,0.8684981895697329,88,0.0159362549800796,40,75,0.0,0.0,0.0,市场情绪强，板块情绪强
2026-07-27,600027.SH,华电国际,main,4.69,0.017096612237319585,0.0,-0.010548523206751,0.0086021505376343,0.8077341191323055,88,0.0159362549800796,40,75,0.0,0.0,0.0,市场情绪强，板块情绪强
2026-07-27,300259.SZ,新天科技,chinext,4.32,0.017095558106330188,0.0,-0.1092783505154637,-0.1359999999999999,0.6680886142095247,88,0.0159362549800796,40,10,0.0,0.0,0.0,市场情绪强，板块情绪强
2026-07-27,688582.SH,芯动联科,star,36.61,0.01708407358870913,0.0,-0.0757384498863923,-0.0518000518000517,0.6296476268948843,88,0.0159362549800796,40,3,0.0,0.0,0.0,市场情绪强
2026-07-27,688608.SH,恒玄科技,star,123.28,0.0170838441814507,0.0,-0.0296733569460841,0.0929078014184396,0.6274713136981489,88,0.0159362549800796,40,3,0.0,0.0,0.0,市场情绪强
2026-07-27,605268.SH,王力安防,main,8.52,0.01707911559240125,0.0,-0.0218140068886338,-0.0616740088105727,0.6312766066849421,88,0.0159362549800796,40,75,0.0,0.0,0.0,市场情绪强，板块情绪强
2026-07-27,600660.SH,福耀玻璃,main,55.67,0.017078639719670462,0.0,0.0158759124087592,0.033221974758723,0.5566158555157008,88,0.0159362549800796,40,75,0.0,0.0,0.0,市场情绪强，板块情绪强
2026-07-27,601665.SH,齐鲁银行,main,6.21,0.0170748859929446,0.0,0.0298507462686565,0.0230642504118616,0.6552797872364223,88,0.0159362549800796,40,75,0.0,0.0,0.0,市场情绪强，板块情绪强
2026-07-27,603811.SH,诚意药业,main,6.93,0.01706408141370279,0.0,-0.0225669957686883,-0.0672947510094212,0.535277332690636,88,0.0159362549800796,40,75,0.0,0.0,0.0,市场情绪强，板块情绪强
2026-07-27,300850.SZ,新强联,chinext,25.85,0.017045562926879584,0.0,0.1312910284463895,0.1644144144144146,1.846671228003532,88,0.0159362549800796,40,10,0.0,0.0,0.0,成交量放大，短线动量强，市场情绪强，板块情绪强
2026-07-27,002468.SZ,申通快递,main,13.19,0.01704279959031244,0.0,-0.059871703492516,-0.0455861070911722,0.7005974277657381,88,0.0159362549800796,40,75,0.0,0.0,0.0,市场情绪强，板块情绪强
2026-07-27,002252.SZ,上海莱士,main,4.98,0.01703834834554009,0.0,-0.0311284046692605,-0.0216110019646363,0.6309895121657491,88,0.0159362549800796,40,75,0.0,0.0,0.0,市场情绪强，板块情绪强
2026-07-27,688484.SH,南芯科技,star,35.7,0.01703814610555221,0.0,-0.0110803324099723,0.0139165009940358,1.16066282070367,88,0.0159362549800796,40,3,0.0,0.0,0.0,市场情绪强
2026-07-27,000598.SZ,兴蓉环境,main,7.26,0.017032143746857763,0.0,0.0097357440890124,0.0416068866571017,0.5825606838953177,88,0.0159362549800796,40,75,0.0,0.0,0.0,市场情绪强，板块情绪强
2026-07-27,301448.SZ,开创电气,chinext,38.07,0.01703186412219984,0.0,-0.0410579345088162,-0.1252297794117647,0.5804705249112256,88,0.0159362549800796,40,10,0.0,0.0,0.0,市场情绪强，板块情绪强
2026-07-27,688291.SH,金橙子,star,37.29,0.01702013160762764,0.0,-0.02890625,-0.0438461538461538,0.8029344258063711,88,0.0159362549800796,40,3,0.0,0.0,0.0,市场情绪强
2026-07-27,603856.SH,东宏股份,main,10.88,0.017013407533451902,0.0,-0.0233393177737881,-0.0405643738977071,0.4140121212755713,88,0.0159362549800796,40,75,0.0,0.0,0.0,市场情绪强，板块情绪强
2026-07-27,600036.SH,招商银行,main,39.2,0.017012937615011315,0.0,0.0318504869702553,0.0310362966859547,0.8392499773534173,88,0.0159362549800796,40,75,0.0,0.0,0.0,市场情绪强，板块情绪强
2026-07-27,603055.SH,台华新材,main,8.24,0.017009417776480625,0.0,-0.0178784266984505,-0.0294464075382803,0.6451032590168083,88,0.0159362549800796,40,75,0.0,0.0,0.0,市场情绪强，板块情绪强
2026-07-27,002556.SZ,辉隆股份,main,4.65,0.01700774298055631,0.0,0.0021551724137931,-0.0127388535031846,1.0807472449008553,88,0.0159362549800796,40,75,0.0,0.0,0.0,市场情绪强，板块情绪强
2026-07-27,600373.SH,中文传媒,main,6.85,0.01700208025128202,0.0,-0.0616438356164383,-0.0512465373961219,1.0207640940354654,88,0.0159362549800796,40,75,0.0,0.0,0.0,市场情绪强，板块情绪强
2026-07-27,600055.SH,万东医疗,main,10.31,0.016999822417459332,0.0,-0.0171591992373688,-0.0227488151658767,0.7111571535967047,88,0.0159362549800796,40,75,0.0,0.0,0.0,市场情绪强，板块情绪强
2026-07-27,601311.SH,骆驼股份,main,7.66,0.016989437527467156,0.0,-0.0401002506265664,-0.0077720207253885,0.663710579166245,88,0.0159362549800796,40,75,0.0,0.0,0.0,市场情绪强，板块情绪强
2026-07-27,600789.SH,鲁抗医药,main,7.1,0.01698754816881566,0.0,-0.0166204986149585,-0.006993006993007,0.8117561811593171,88,0.0159362549800796,40,75,0.0,0.0,0.0,市场情绪强，板块情绪强
2026-07-27,002376.SZ,新北洋,main,6.03,0.016987547111477673,0.0,-0.0016556291390728,0.0,0.7442993463422759,88,0.0159362549800796,40,75,0.0,0.0,0.0,市场情绪强，板块情绪强
2026-07-27,002649.SZ,博彦科技,main,8.4,0.016982596390273382,0.0,-0.0421892816419611,-0.0486976217440543,0.7020088556103293,88,0.0159362549800796,40,75,0.0,0.0,0.0,市场情绪强，板块情绪强
2026-07-27,603605.SH,珀莱雅,main,56.25,0.016975532059621705,0.0,-0.0269849507005708,-0.0084611316763616,0.7110990119515928,88,0.0159362549800796,40,75,0.0,0.0,0.0,市场情绪强，板块情绪强
2026-07-27,601019.SH,山东出版,main,7.31,0.016958848113586483,0.0,0.0055020632737277,0.0013698630136986,0.6900816212515599,88,0.0159362549800796,40,75,0.0,0.0,0.0,市场情绪强，板块情绪强
2026-07-27,603205.SH,健尔康,main,19.87,0.016957397745037427,0.0,-0.030731707317073,-0.0701918577445016,0.6903755599683198,88,0.0159362549800796,40,75,0.0,0.0,0.0,市场情绪强，板块情绪强
2026-07-27,603325.SH,博隆技术,main,50.3,0.016947990473577406,0.0,-0.0196842720717209,-0.0270793036750485,0.7783900488426307,88,0.0159362549800796,40,75,0.0,0.0,0.0,市场情绪强，板块情绪强
2026-07-27,688192.SH,迪哲医药,star,55.6,0.016944764547363805,0.0,-0.1000323729362253,-0.0947574080104201,0.7847736100749492,88,0.0159362549800796,40,3,0.0,0.0,0.0,市场情绪强
2026-07-27,002349.SZ,精华制药,main,6.46,0.01693710240498014,0.0,-0.0241691842900302,-0.0415430267062314,0.8362416881897627,88,0.0159362549800796,40,75,0.0,0.0,0.0,市场情绪强，板块情绪强
2026-07-27,000965.SZ,天保基建,main,3.01,0.01693518262258816,0.0,-0.0033112582781458,-0.0227272727272728,0.6652950358979177,88,0.0159362549800796,40,75,0.0,0.0,0.0,市场情绪强，板块情绪强
2026-07-27,601992.SH,金隅集团,main,1.38,0.016931675304413897,0.0,-0.0281690140845071,-0.0142857142857143,0.7517140646821796,88,0.0159362549800796,40,75,0.0,0.0,0.0,市场情绪强，板块情绪强
2026-07-27,002609.SZ,捷顺科技,main,7.25,0.016923812778778923,0.0,-0.0136054421768706,0.0027662517289073,1.0084654525786168,88,0.0159362549800796,40,75,0.0,0.0,0.0,市场情绪强，板块情绪强
2026-07-27,600887.SH,伊利股份,main,27.04,0.01691934238471897,0.0,-0.0011082379017363,0.0356185369590196,0.7067739897233352,88,0.0159362549800796,40,75,0.0,0.0,0.0,市场情绪强，板块情绪强
2026-07-27,002978.SZ,安宁股份,main,25.62,0.01691121860376713,0.0,-0.0161290322580643,-0.0035005834305718,0.9410705055246014,88,0.0159362549800796,40,75,0.0,0.0,0.0,市场情绪强，板块情绪强
2026-07-27,000524.SZ,岭南控股,main,8.09,0.016889216854579756,0.0,-0.0205811138014527,-0.0253012048192772,0.8002862156659716,88,0.0159362549800796,40,75,0.0,0.0,0.0,市场情绪强，板块情绪强
2026-07-27,600930.SH,华电新能,main,4.16,0.0168850367899106,0.0,-0.0348027842227377,-0.0234741784037557,1.1782478832631726,88,0.0159362549800796,40,75,0.0,0.0,0.0,市场情绪强，板块情绪强
2026-07-27,600258.SH,首旅酒店,main,11.54,0.016865159116273513,0.0,-0.0294365012615644,-0.0068846815834767,0.6929446025669097,88,0.0159362549800796,40,75,0.0,0.0,0.0,市场情绪强，板块情绪强
2026-07-27,600037.SH,歌华有线,main,6.57,0.016864600130073213,0.0,-0.0075528700906344,-0.0105421686746987,0.7001612348943539,88,0.0159362549800796,40,75,0.0,0.0,0.0,市场情绪强，板块情绪强
2026-07-27,603848.SH,好太太,main,12.27,0.016864213114576497,0.0,-0.031570639305446,-0.0568793235972329,0.7180839475724025,88,0.0159362549800796,40,75,0.0,0.0,0.0,市场情绪强，板块情绪强
2026-07-27,601727.SH,上海电气,main,6.52,0.016856362422039268,0.0,-0.0091185410334346,0.0203442879499218,0.925499761676027,88,0.0159362549800796,40,75,0.0,0.0,0.0,市场情绪强，板块情绪强
2026-07-27,600429.SH,三元股份,main,4.02,0.016854704788739534,0.0,-0.0171149144254278,-0.0451306413301663,0.8215048602073961,88,0.0159362549800796,40,75,0.0,0.0,0.0,市场情绪强，板块情绪强
2026-07-27,300996.SZ,普联软件,chinext,12.93,0.016854436422610784,0.0,0.1392070484581498,0.1483126110124333,1.6624838693531458,88,0.0159362549800796,40,10,0.0,0.0,0.0,成交量放大，短线动量强，市场情绪强，板块情绪强
2026-07-27,605577.SH,龙版传媒,main,8.96,0.01685399782245933,0.0,-0.0239651416122003,-0.0488322717622079,0.7682180402929969,88,0.0159362549800796,40,75,0.0,0.0,0.0,市场情绪强，板块情绪强
2026-07-27,600377.SH,宁沪高速,main,12.21,0.016852948054461997,0.0,0.0124378109452736,0.0338696020321762,0.7514619467207038,88,0.0159362549800796,40,75,0.0,0.0,0.0,市场情绪强，板块情绪强
2026-07-27,603153.SH,上海建科,main,12.91,0.01684687247350026,0.0,-0.0046260601387818,-0.0401486988847582,0.8042400840191065,88,0.0159362549800796,40,75,0.0,0.0,0.0,市场情绪强，板块情绪强
2026-07-27,603300.SH,海南华铁,main,4.64,0.016844864091360975,0.0,-0.0333333333333333,-0.0413223140495868,0.7360401288309588,88,0.0159362549800796,40,75,0.0,0.0,0.0,市场情绪强，板块情绪强
2026-07-27,001386.SZ,马可波罗,main,14.5,0.016844715575744813,0.0,0.0211267605633802,0.0118632240055827,1.014801848690279,88,0.0159362549800796,40,75,0.0,0.0,0.0,市场情绪强，板块情绪强
2026-07-27,601827.SH,三峰环境,main,8.01,0.0168413044970421,0.0,0.0216836734693877,0.0269230769230768,1.1001355068637737,88,0.0159362549800796,40,75,0.0,0.0,0.0,市场情绪强，板块情绪强
2026-07-27,601939.SH,建设银行,main,10.26,0.016841168556156805,0.0,0.0068694798822375,0.0098425196850393,0.6662076131619493,88,0.0159362549800796,40,75,0.0,0.0,0.0,市场情绪强，板块情绪强
2026-07-27,601988.SH,中国银行,main,6.01,0.016823176534278447,0.0,0.022108843537415,0.0083892617449663,0.7747326362941808,88,0.0159362549800796,40,75,0.0,0.0,0.0,市场情绪强，板块情绪强
2026-07-27,000850.SZ,华茂股份,main,3.87,0.016820215556481423,0.0,-0.0177664974619289,-0.0514705882352941,0.7275538292213259,88,0.0159362549800796,40,75,0.0,0.0,0.0,市场情绪强，板块情绪强
2026-07-27,600523.SH,贵航股份,main,11.13,0.016819177507750666,0.0,-0.0044722719141322,-0.0462724935732646,0.5056728990484773,88,0.0159362549800796,40,75,0.0,0.0,0.0,市场情绪强，板块情绪强
2026-07-27,000998.SZ,隆平高科,main,8.1,0.01681601473924154,0.0,0.0012360939431397,0.0137672090112639,0.7375539519336262,88,0.0159362549800796,40,75,0.0,0.0,0.0,市场情绪强，板块情绪强
2026-07-27,002362.SZ,汉王科技,main,14.01,0.016809423716803218,0.0,-0.0216480446927375,-0.0168421052631578,0.7382427980758143,88,0.0159362549800796,40,75,0.0,0.0,0.0,市场情绪强，板块情绪强
2026-07-27,300749.SZ,顶固集创,chinext,17.11,0.016808826846675524,0.0,-0.0023323615160348,-0.0655379574003276,0.8795580160991447,88,0.0159362549800796,40,10,0.0,0.0,0.0,市场情绪强，板块情绪强
2026-07-27,002404.SZ,嘉欣丝绸,main,5.51,0.016806264277031933,0.0,-0.0018115942028985,-0.0299295774647887,0.5968617137012909,88,0.0159362549800796,40,75,0.0,0.0,0.0,市场情绪强，板块情绪强
2026-07-27,600279.SH,重庆港,main,4.06,0.016799079918803767,0.0,0.0049504950495049,-0.0240384615384616,0.7462714254060505,88,0.0159362549800796,40,75,0.0,0.0,0.0,市场情绪强，板块情绪强
2026-07-27,000709.SZ,河钢股份,main,2.06,0.016773512799431466,0.0,-0.0143540669856457,0.0098039215686274,0.8807747844539576,88,0.0159362549800796,40,75,0.0,0.0,0.0,市场情绪强，板块情绪强
2026-07-27,603363.SH,傲农生物,main,2.67,0.01677314153542579,0.0,-0.014760147601476,-0.036101083032491,0.9293012588461548,88,0.0159362549800796,40,75,0.0,0.0,0.0,市场情绪强，板块情绪强
2026-07-27,603081.SH,大丰实业,main,8.12,0.01676689425843877,0.0,-0.0157575757575758,-0.0688073394495414,0.667267467397725,88,0.0159362549800796,40,75,0.0,0.0,0.0,市场情绪强，板块情绪强
2026-07-27,600038.SH,中直股份,main,25.81,0.016766758093281996,0.0,-0.0042438271604939,0.0225832012678288,0.8426669030069224,88,0.0159362549800796,40,75,0.0,0.0,0.0,市场情绪强，板块情绪强
2026-07-27,601688.SH,华泰证券,main,20.4,0.016763536134933484,0.0,-0.0111488124091129,0.0266733769501761,0.8659825280318152,88,0.0159362549800796,40,75,0.0,0.0,0.0,市场情绪强，板块情绪强
2026-07-27,002614.SZ,奥佳华,main,4.43,0.016763026004716554,0.0,-0.022075055187638,-0.0493562231759657,0.7920417196327358,88,0.0159362549800796,40,75,0.0,0.0,0.0,市场情绪强，板块情绪强
2026-07-27,000799.SZ,酒鬼酒,main,38.04,0.01675929483096099,0.0,-0.021604938271605,-0.002360346184107,0.7757194753008256,88,0.0159362549800796,40,75,0.0,0.0,0.0,市场情绪强，板块情绪强
2026-07-27,301631.SZ,壹连科技,chinext,57.28,0.016755921385090137,0.0,0.022674522406713,0.0102292768959435,1.3802771203588842,88,0.0159362549800796,40,10,0.0,0.0,0.0,市场情绪强，板块情绪强
2026-07-27,601098.SH,中南传媒,main,10.17,0.016750668934970944,0.0,0.0009842519685039,0.0069306930693069,0.7025625915646436,88,0.0159362549800796,40,75,0.0,0.0,0.0,市场情绪强，板块情绪强
2026-07-27,000718.SZ,苏宁环球,main,1.78,0.016749442749495858,0.0,-0.011111111111111,-0.0326086956521739,0.8018416829523952,88,0.0159362549800796,40,75,0.0,0.0,0.0,市场情绪强，板块情绪强
2026-07-27,000987.SZ,越秀资本,main,7.54,0.01674832501092465,0.0,-0.0233160621761657,0.0093708165997323,0.9628912670832386,88,0.0159362549800796,40,75,0.0,0.0,0.0,市场情绪强，板块情绪强
2026-07-27,300891.SZ,惠云钛业,chinext,6.22,0.016743145821514385,0.0,0.0436241610738254,0.0264026402640265,2.1775600689651364,88,0.0159362549800796,40,10,0.0,0.0,0.0,成交量放大，市场情绪强，板块情绪强
2026-07-27,605339.SH,南侨食品,main,11.42,0.016727401431825637,0.0,-0.030560271646859,-0.0700325732899022,0.6622439028197316,88,0.0159362549800796,40,75,0.0,0.0,0.0,市场情绪强，板块情绪强
2026-07-27,002139.SZ,拓邦股份,main,9.36,0.01671775768085889,0.0,-0.063063063063063,-0.0448979591836735,0.6683055891609921,88,0.0159362549800796,40,75,0.0,0.0,0.0,市场情绪强，板块情绪强
2026-07-27,600229.SH,城市传媒,main,4.61,0.016717412579122046,0.0,-0.025369978858351,-0.0475206611570246,0.7484353742164597,88,0.0159362549800796,40,75,0.0,0.0,0.0,市场情绪强，板块情绪强
2026-07-27,002777.SZ,久远银海,main,11.82,0.01671610833998985,0.0,-0.0574162679425837,-0.0382424735557362,0.8944046127858416,88,0.0159362549800796,40,75,0.0,0.0,0.0,市场情绪强，板块情绪强
2026-07-27,603345.SH,安井食品,main,84.6,0.01670630065886941,0.0,-0.0253456221198157,-0.0134110787172012,0.6087242452976128,88,0.0159362549800796,40,75,0.0,0.0,0.0,市场情绪强，板块情绪强
2026-07-27,600022.SH,山东钢铁,main,1.32,0.01669247496528893,0.0,-0.0075187969924812,0.0,0.8378402941293952,88,0.0159362549800796,40,75,0.0,0.0,0.0,市场情绪强，板块情绪强
2026-07-27,601077.SH,渝农商行,main,6.61,0.016691145736690793,0.0,0.0045592705167174,-0.0149031296572279,0.7739374631911502,88,0.0159362549800796,40,75,0.0,0.0,0.0,市场情绪强，板块情绪强
2026-07-27,600618.SH,氯碱化工,main,9.72,0.016689339327604996,0.0,-0.0337972166998011,-0.0040983606557376,0.961044304650436,88,0.0159362549800796,40,75,0.0,0.0,0.0,市场情绪强，板块情绪强
2026-07-27,600516.SH,方大炭素,main,5.02,0.01668908673630774,0.0,-0.0308880308880309,0.0100603621730381,0.8643559898528372,88,0.0159362549800796,40,75,0.0,0.0,0.0,市场情绪强，板块情绪强
2026-07-27,300560.SZ,中富通,chinext,13.14,0.016688413464739205,0.0,-0.0408759124087589,0.0099923136049193,0.5792729897832968,88,0.0159362549800796,40,10,0.0,0.0,0.0,市场情绪强，板块情绪强
2026-07-27,603511.SH,爱慕股份,main,10.97,0.016688398622420466,0.0,-0.0317740511915268,-0.0543103448275861,1.112617609769992,88,0.0159362549800796,40,75,0.0,0.0,0.0,市场情绪强，板块情绪强
2026-07-27,688275.SH,万润新能,star,75.88,0.016686055790724564,0.0,0.0109245936584065,-0.017098445595855,0.8764024591806355,88,0.0159362549800796,40,3,0.0,0.0,0.0,市场情绪强
2026-07-27,301578.SZ,辰奕智能,chinext,21.0,0.016682924093454978,0.0,0.0914760914760914,0.04425658876181,1.496567710910872,88,0.0159362549800796,40,10,0.0,0.0,0.0,短线动量强，市场情绪强，板块情绪强
2026-07-27,001279.SZ,强邦新材,main,23.02,0.0166764585465737,0.0,-0.0343959731543623,-0.0954813359528486,0.6168020149431436,88,0.0159362549800796,40,75,0.0,0.0,0.0,市场情绪强，板块情绪强
2026-07-27,600662.SH,外服控股,main,4.19,0.016664407631481443,0.0,0.0,0.0047961630695445,1.0918055153632191,88,0.0159362549800796,40,75,0.0,0.0,0.0,市场情绪强，板块情绪强
2026-07-27,002373.SZ,千方科技,main,7.27,0.016662273026334072,0.0,-0.0267737617135207,0.011126564673157,0.688823332818094,88,0.0159362549800796,40,75,0.0,0.0,0.0,市场情绪强，板块情绪强
2026-07-27,002557.SZ,洽洽食品,main,18.69,0.01665440043836817,0.0,-0.0464285714285714,-0.0316062176165803,0.7312370969751844,88,0.0159362549800796,40,75,0.0,0.0,0.0,市场情绪强，板块情绪强
2026-07-27,301418.SZ,协昌科技,chinext,33.11,0.016653156083780877,0.0,0.0048558421851288,-0.0224387363448479,1.1925220096011755,88,0.0159362549800796,40,10,0.0,0.0,0.0,市场情绪强，板块情绪强
2026-07-27,688156.SH,路德科技,star,19.51,0.01664009948293966,0.0,-0.0588519054510371,-0.0814500941619584,0.5945566259416941,88,0.0159362549800796,40,3,0.0,0.0,0.0,市场情绪强
2026-07-27,601868.SH,中国能建,main,2.55,0.016618660212997866,0.0,-0.0077821011673151,0.0119047619047618,1.0047737013861302,88,0.0159362549800796,40,75,0.0,0.0,0.0,市场情绪强，板块情绪强
2026-07-27,600999.SH,招商证券,main,18.65,0.016612629349294163,0.0,-0.015311510031679,-0.0142706131078226,0.8300011974581174,88,0.0159362549800796,40,75,0.0,0.0,0.0,市场情绪强，板块情绪强
2026-07-27,601086.SH,国芳集团,main,6.72,0.01661159796802791,0.0,-0.0289017341040462,-0.0454545454545455,0.7801832056813517,88,0.0159362549800796,40,75,0.0,0.0,0.0,市场情绪强，板块情绪强
2026-07-27,601828.SH,美凯龙,main,2.12,0.01661146998783587,0.0,-0.004694835680751,-0.0185185185185184,0.8337935681639156,88,0.0159362549800796,40,75,0.0,0.0,0.0,市场情绪强，板块情绪强
2026-07-27,601928.SH,凤凰传媒,main,9.59,0.01660139831074032,0.0,0.006295907660021,0.0180467091295115,0.6072745403540737,88,0.0159362549800796,40,75,0.0,0.0,0.0,市场情绪强，板块情绪强
2026-07-27,002405.SZ,四维图新,main,6.09,0.016597759595402817,0.0,-0.0287081339712917,0.0183946488294313,0.5827931905397026,88,0.0159362549800796,40,75,0.0,0.0,0.0,市场情绪强，板块情绪强
2026-07-27,600368.SH,五洲交通,main,3.75,0.016597033341562335,0.0,0.0080645161290322,-0.0183246073298428,0.6871960571071482,88,0.0159362549800796,40,75,0.0,0.0,0.0,市场情绪强，板块情绪强
2026-07-27,000631.SZ,顺发恒能,main,2.82,0.016596015633625182,0.0,0.0035587188612098,0.0035587188612098,0.9002444592400498,88,0.0159362549800796,40,75,0.0,0.0,0.0,市场情绪强，板块情绪强
2026-07-27,600750.SH,华润江中,main,24.69,0.016595534477917156,0.0,-0.0355468749999999,-0.0206267354224514,0.5578915860452545,88,0.0159362549800796,40,75,0.0,0.0,0.0,市场情绪强，板块情绪强
2026-07-27,000883.SZ,湖北能源,main,4.64,0.016593018473548236,0.0,-0.0292887029288704,0.0021598272138227,0.7733378295344444,88,0.0159362549800796,40,75,0.0,0.0,0.0,市场情绪强，板块情绪强
2026-07-27,000415.SZ,渤海租赁,main,4.12,0.016590686342299415,0.0,-0.0260047281323877,-0.0236966824644548,0.7075359171313911,88,0.0159362549800796,40,75,0.0,0.0,0.0,市场情绪强，板块情绪强
2026-07-27,601222.SH,林洋能源,main,5.54,0.016588918822189682,0.0,-0.0035971223021582,0.0146520146520146,0.8639104652251985,88,0.0159362549800796,40,75,0.0,0.0,0.0,市场情绪强，板块情绪强
2026-07-27,600248.SH,陕建股份,main,2.81,0.016584788005879973,0.0,-0.0174825174825173,-0.0276816608996539,0.7716861791417939,88,0.0159362549800796,40,75,0.0,0.0,0.0,市场情绪强，板块情绪强
2026-07-27,600741.SH,华域汽车,main,17.35,0.016581120486858617,0.0,0.0063805104408354,0.0272350503256364,0.8893730964526197,88,0.0159362549800796,40,75,0.0,0.0,0.0,市场情绪强，板块情绪强
2026-07-27,600643.SH,爱建集团,main,3.73,0.016576862338619817,0.0,-0.0532994923857867,-0.048469387755102,1.003084665384292,88,0.0159362549800796,40,75,0.0,0.0,0.0,市场情绪强，板块情绪强
2026-07-27,600970.SH,中材国际,main,7.71,0.016576343426130614,0.0,0.0052151238591917,0.0404858299595141,0.5883594372853498,88,0.0159362549800796,40,75,0.0,0.0,0.0,市场情绪强，板块情绪强
2026-07-27,300508.SZ,维宏股份,chinext,34.1,0.016574404041323113,0.0,-0.0496098104793757,-0.0930851063829787,0.5558734328400107,88,0.0159362549800796,40,10,0.0,0.0,0.0,市场情绪强，板块情绪强
2026-07-27,600901.SH,江苏金租,main,6.53,0.016569632533678567,0.0,-0.0045731707317072,0.0092735703245749,0.6088399756769837,88,0.0159362549800796,40,75,0.0,0.0,0.0,市场情绪强，板块情绪强
2026-07-27,002039.SZ,黔源电力,main,19.53,0.01656763110034059,0.0,-0.0106382978723402,0.0005122950819673,0.6516741533406875,88,0.0159362549800796,40,75,0.0,0.0,0.0,市场情绪强，板块情绪强
2026-07-27,300765.SZ,石药创新,chinext,36.9,0.016566301822485665,0.0,-0.1097708082026539,-0.0352941176470588,0.6665299530956145,88,0.0159362549800796,40,10,0.0,0.0,0.0,市场情绪强，板块情绪强
2026-07-27,002390.SZ,信邦制药,main,2.87,0.016562401132810513,0.0,-0.0304054054054053,-0.0559210526315788,0.580502415453587,88,0.0159362549800796,40,75,0.0,0.0,0.0,市场情绪强，板块情绪强
2026-07-27,600318.SH,新力金融,main,6.01,0.01656017305484251,0.0,-0.0290791599353797,-0.0016611295681062,0.8266069904114269,88,0.0159362549800796,40,75,0.0,0.0,0.0,市场情绪强，板块情绪强
2026-07-27,603279.SH,景津装备,main,12.6,0.016558094756477595,0.0,0.0015898251192367,0.0120481927710842,0.6668755453070914,88,0.0159362549800796,40,75,0.0,0.0,0.0,市场情绪强，板块情绪强
2026-07-27,301042.SZ,安联锐视,chinext,25.71,0.01654507858732652,0.0,-0.1272912423625254,-0.3824165265433582,0.5689212600363669,88,0.0159362549800796,40,10,0.0,0.0,0.0,市场情绪强，板块情绪强
2026-07-27,002159.SZ,三特索道,main,12.25,0.016537730072401873,0.0,-0.0128928283642224,-0.0323854660347551,0.7672530012217632,88,0.0159362549800796,40,75,0.0,0.0,0.0,市场情绪强，板块情绪强
2026-07-27,002583.SZ,海能达,main,7.66,0.01653632151677751,0.0,-0.0413016270337922,-0.0217113665389527,0.8953387725295553,88,0.0159362549800796,40,75,0.0,0.0,0.0,市场情绪强，板块情绪强
2026-07-27,000430.SZ,张家界,main,5.85,0.016535448606681526,0.0,-0.0034071550255537,-0.040983606557377,0.8028317667675641,88,0.0159362549800796,40,75,0.0,0.0,0.0,市场情绪强，板块情绪强
2026-07-27,002153.SZ,石基信息,main,7.3,0.016533444141650127,0.0,-0.0544041450777201,-0.0040927694406548,0.7294535921706243,88,0.0159362549800796,40,75,0.0,0.0,0.0,市场情绪强，板块情绪强
2026-07-27,000002.SZ,万 科Ａ,main,3.07,0.0165116327716507,0.0,-0.0191693290734824,-0.0096774193548387,0.8165059212033645,88,0.0159362549800796,40,75,0.0,0.0,0.0,市场情绪强，板块情绪强
2026-07-27,600812.SH,华北制药,main,4.67,0.016506399120867005,0.0,-0.0270833333333333,-0.0311203319502075,0.6594893333029093,88,0.0159362549800796,40,75,0.0,0.0,0.0,市场情绪强，板块情绪强
2026-07-27,300916.SZ,朗特智能,chinext,18.72,0.01650318023028954,0.0,0.0297029702970297,-0.007423117709438,1.603908822305053,88,0.0159362549800796,40,10,0.0,0.0,0.0,成交量放大，市场情绪强，板块情绪强
2026-07-27,002140.SZ,东华科技,main,8.5,0.016497422572771255,0.0,-0.0296803652968036,-0.0274599542334096,1.0852204508465402,88,0.0159362549800796,40,75,0.0,0.0,0.0,市场情绪强，板块情绪强
2026-07-27,000717.SZ,中南股份,main,2.14,0.0164962481330447,0.0,-0.0046511627906975,-0.0092592592592593,0.9412420527680294,88,0.0159362549800796,40,75,0.0,0.0,0.0,市场情绪强，板块情绪强
2026-07-27,603018.SH,华设集团,main,4.98,0.016494000298883853,0.0,-0.0423076923076922,-0.0674157303370786,1.011910816635547,88,0.0159362549800796,40,75,0.0,0.0,0.0,市场情绪强，板块情绪强
2026-07-27,300184.SZ,力源信息,chinext,12.18,0.016488367271605364,0.0,-0.0216867469879518,0.0572916666666667,0.8666970122603542,88,0.0159362549800796,40,10,0.0,0.0,0.0,市场情绪强，板块情绪强
2026-07-27,603392.SH,万泰生物,main,28.53,0.016482548988368307,0.0,-0.0148480662983425,-0.0007005253940455,0.6081042291974744,88,0.0159362549800796,40,75,0.0,0.0,0.0,市场情绪强，板块情绪强
2026-07-27,688175.SH,高凌信息,star,15.85,0.016471830154563452,0.0,-0.0370595382746051,-0.1090500281056773,0.528079979306994,88,0.0159362549800796,40,3,0.0,0.0,0.0,市场情绪强
2026-07-27,601882.SH,海天精工,main,17.94,0.016469344435247283,0.0,-0.0164473684210524,-0.0104798676227246,0.4943768823025624,88,0.0159362549800796,40,75,0.0,0.0,0.0,市场情绪强，板块情绪强
2026-07-27,001312.SZ,福恩股份,main,16.71,0.016465339612489988,0.0,-0.0187903699354081,-0.0267909143855562,0.7988689490536828,88,0.0159362549800796,40,75,0.0,0.0,0.0,市场情绪强，板块情绪强
2026-07-27,600853.SH,龙建股份,main,3.06,0.01646017611080533,0.0,-0.0064935064935065,-0.04375,0.6870553536187356,88,0.0159362549800796,40,75,0.0,0.0,0.0,市场情绪强，板块情绪强
2026-07-27,600933.SH,爱柯迪,main,12.75,0.016458499462769886,0.0,-0.0485074626865671,-0.0413533834586467,0.9153139706947568,88,0.0159362549800796,40,75,0.0,0.0,0.0,市场情绪强，板块情绪强
2026-07-27,600919.SH,江苏银行,main,11.57,0.016457755561011554,0.0,0.0220848056537101,0.0229885057471264,0.6153404526823298,88,0.0159362549800796,40,75,0.0,0.0,0.0,市场情绪强，板块情绪强
2026-07-27,600873.SH,梅花生物,main,8.25,0.016455345812184392,0.0,-0.0656851642129104,-0.0328253223915591,0.5384420782388292,88,0.0159362549800796,40,75,0.0,0.0,0.0,市场情绪强，板块情绪强
2026-07-27,300591.SZ,万里马,chinext,6.05,0.01645455699433594,0.0,0.0377358490566037,-0.0634674922600619,1.1412849474984217,88,0.0159362549800796,40,10,0.0,0.0,0.0,市场情绪强，板块情绪强
2026-07-27,300516.SZ,久之洋,chinext,26.7,0.016449363488772323,0.0,0.0269230769230768,-0.0003743916136279,1.4828020078999342,88,0.0159362549800796,40,10,0.0,0.0,0.0,市场情绪强，板块情绪强
2026-07-27,301293.SZ,三博脑科,chinext,51.55,0.01644756748782664,0.0,0.0211965134706815,0.0626674912389197,1.4181111375762598,88,0.0159362549800796,40,10,0.0,0.0,0.0,市场情绪强，板块情绪强
2026-07-27,000895.SZ,双汇发展,main,24.93,0.016442588764340772,0.0,0.0056474384832594,0.0134146341463414,0.5962054646127928,88,0.0159362549800796,40,75,0.0,0.0,0.0,市场情绪强，板块情绪强
2026-07-27,002908.SZ,德生科技,main,6.17,0.016442427705158677,0.0,-0.0359375,-0.044891640866873,0.7963045503812585,88,0.0159362549800796,40,75,0.0,0.0,0.0,市场情绪强，板块情绪强
2026-07-27,603518.SH,锦泓集团,main,7.37,0.016441636580527094,0.0,-0.0160213618157543,-0.0539152759948652,0.6410690566623664,88,0.0159362549800796,40,75,0.0,0.0,0.0,市场情绪强，板块情绪强
2026-07-27,600170.SH,上海建工,main,2.3,0.016436813919667434,0.0,-0.0086206896551723,0.0087719298245614,0.9550892999043196,88,0.0159362549800796,40,75,0.0,0.0,0.0,市场情绪强，板块情绪强
2026-07-27,603299.SH,苏盐井神,main,9.11,0.016429364181629786,0.0,-0.017259978425027,-0.0214822771213749,0.9634003832783676,88,0.0159362549800796,40,75,0.0,0.0,0.0,市场情绪强，板块情绪强
2026-07-27,603352.SH,至信股份,main,23.81,0.01642587655164474,0.0,-0.0112126245847176,-0.0253786328284896,0.6617683775616264,88,0.0159362549800796,40,75,0.0,0.0,0.0,市场情绪强，板块情绪强
2026-07-27,601107.SH,四川成渝,main,5.52,0.016425529720076236,0.0,-0.0071942446043165,0.0036363636363636,0.5578184899031533,88,0.0159362549800796,40,75,0.0,0.0,0.0,市场情绪强，板块情绪强
2026-07-27,000423.SZ,东阿阿胶,main,50.88,0.01642191237253456,0.0,-0.0033300685602349,0.0149611011370436,0.5620806007011375,88,0.0159362549800796,40,75,0.0,0.0,0.0,市场情绪强，板块情绪强
2026-07-27,600211.SH,西藏药业,main,37.22,0.016412228340239397,0.0,-0.0426954732510288,-0.0281984334203655,0.6799213948114318,88,0.0159362549800796,40,75,0.0,0.0,0.0,市场情绪强，板块情绪强
2026-07-27,600668.SH,尖峰集团,main,7.0,0.016411950279159225,0.0,-0.0014265335235377,-0.0304709141274237,1.000224574864888,88,0.0159362549800796,40,75,0.0,0.0,0.0,市场情绪强，板块情绪强
2026-07-27,002344.SZ,海宁皮城,main,3.56,0.016411157126843205,0.0,-0.021978021978022,-0.0378378378378378,0.7626734261522592,88,0.0159362549800796,40,75,0.0,0.0,0.0,市场情绪强，板块情绪强
2026-07-27,601117.SH,中国化学,main,7.57,0.016406984714190637,0.0,-0.0117493472584856,0.0174731182795699,0.8740019248811475,88,0.0159362549800796,40,75,0.0,0.0,0.0,市场情绪强，板块情绪强
2026-07-27,600805.SH,悦达投资,main,4.09,0.016406695050694736,0.0,-0.0072815533980583,-0.0353773584905661,0.6509143552163448,88,0.0159362549800796,40,75,0.0,0.0,0.0,市场情绪强，板块情绪强
2026-07-27,002941.SZ,新疆交建,main,9.63,0.01640441294855643,0.0,-0.0020725388601036,0.0201271186440679,0.8317155624821222,88,0.0159362549800796,40,75,0.0,0.0,0.0,市场情绪强，板块情绪强
2026-07-27,600939.SH,重庆建工,main,2.45,0.016397692931768446,0.0,-0.0040650406504064,-0.0466926070038908,0.6144458840607764,88,0.0159362549800796,40,75,0.0,0.0,0.0,市场情绪强，板块情绪强
2026-07-27,002399.SZ,海普瑞,main,9.34,0.01639558101659807,0.0,-0.0331262939958592,-0.0449897750511246,0.7103275993930366,88,0.0159362549800796,40,75,0.0,0.0,0.0,市场情绪强，板块情绪强
2026-07-27,601668.SH,中国建筑,main,4.7,0.01638388375628827,0.0,0.0151187904967602,0.0375275938189845,0.6219364741164883,88,0.0159362549800796,40,75,0.0,0.0,0.0,市场情绪强，板块情绪强
2026-07-27,600512.SH,腾达建设,main,1.92,0.016383663509479382,0.0,-0.005181347150259,-0.0204081632653061,0.5745702036034618,88,0.0159362549800796,40,75,0.0,0.0,0.0,市场情绪强，板块情绪强
2026-07-27,600161.SH,天坛生物,main,12.05,0.016383068821445194,0.0,-0.0352281825460367,-0.0375399361022363,0.566181701804134,88,0.0159362549800796,40,75,0.0,0.0,0.0,市场情绪强，板块情绪强
2026-07-27,601999.SH,出版传媒,main,5.6,0.01638243766081517,0.0,-0.0226876090750437,-0.0476190476190476,0.50829561558676,88,0.0159362549800796,40,75,0.0,0.0,0.0,市场情绪强，板块情绪强
2026-07-27,000597.SZ,东北制药,main,4.5,0.016381537138326272,0.0,-0.0384615384615384,-0.0445859872611464,0.8524083407617739,88,0.0159362549800796,40,75,0.0,0.0,0.0,市场情绪强，板块情绪强
2026-07-27,002304.SZ,洋河股份,main,39.34,0.0163755777256581,0.0,-0.0230941147256021,-0.0108121699773698,0.5789700861162765,88,0.0159362549800796,40,75,0.0,0.0,0.0,市场情绪强，板块情绪强
2026-07-27,600496.SH,精工钢构,main,3.18,0.01637158564524782,0.0,-0.0031347962382444,-0.0031347962382444,0.7783145507263048,88,0.0159362549800796,40,75,0.0,0.0,0.0,市场情绪强，板块情绪强
2026-07-27,002103.SZ,广博股份,main,5.91,0.016370653074891165,0.0,-0.0295566502463053,-0.0436893203883494,0.7125627360791725,88,0.0159362549800796,40,75,0.0,0.0,0.0,市场情绪强，板块情绪强
2026-07-27,300037.SZ,新宙邦,chinext,60.6,0.01636709227612086,0.0,-0.0228958400515962,0.0033112582781458,0.8578723386491172,88,0.0159362549800796,40,10,0.0,0.0,0.0,市场情绪强，板块情绪强
2026-07-27,301210.SZ,金杨精密,chinext,20.86,0.01636362604324913,0.0,-0.0243217960710944,-0.0666666666666667,0.6281251315709812,88,0.0159362549800796,40,10,0.0,0.0,0.0,市场情绪强，板块情绪强
2026-07-27,600663.SH,陆家嘴,main,6.87,0.016361162539799048,0.0,-0.0086580086580085,0.0043859649122808,0.5713916837986373,88,0.0159362549800796,40,75,0.0,0.0,0.0,市场情绪强，板块情绪强
2026-07-27,600167.SH,联美控股,main,5.66,0.016360496707520943,0.0,-0.0291595197255574,-0.0274914089347079,0.5986237902166078,88,0.0159362549800796,40,75,0.0,0.0,0.0,市场情绪强，板块情绪强
2026-07-27,000529.SZ,广弘控股,main,4.46,0.01635217876826815,0.0,-0.0022371364653243,-0.0470085470085469,0.6751305589429006,88,0.0159362549800796,40,75,0.0,0.0,0.0,市场情绪强，板块情绪强
2026-07-27,603927.SH,中科软,main,12.8,0.016333545118834624,0.0,-0.0490341753343239,0.0031347962382446,0.6679616791499561,88,0.0159362549800796,40,75,0.0,0.0,0.0,市场情绪强，板块情绪强
2026-07-27,688667.SH,菱电电控,star,86.7,0.016327702749321587,0.0,0.0198800141159862,-0.0205603253502032,0.6336914779483199,88,0.0159362549800796,40,3,0.0,0.0,0.0,市场情绪强
2026-07-27,000027.SZ,深圳能源,main,6.33,0.01632497674497094,0.0,-0.0078369905956112,0.0209677419354838,0.7692809108207999,88,0.0159362549800796,40,75,0.0,0.0,0.0,市场情绪强，板块情绪强
2026-07-27,600782.SH,新钢股份,main,2.75,0.01632247519933501,0.0,-0.0213523131672598,-0.0248226950354609,0.6962714786176486,88,0.0159362549800796,40,75,0.0,0.0,0.0,市场情绪强，板块情绪强
2026-07-27,600558.SH,大西洋,main,4.52,0.016293654197551848,0.0,-0.0109409190371992,-0.0341880341880341,1.0073827036151677,88,0.0159362549800796,40,75,0.0,0.0,0.0,市场情绪强，板块情绪强
2026-07-27,603406.SH,天富龙,main,26.01,0.016292482173877014,0.0,-0.0384473197781884,0.0034722222222223,0.6124710338773774,88,0.0159362549800796,40,75,0.0,0.0,0.0,市场情绪强，板块情绪强
2026-07-27,600674.SH,川投能源,main,16.08,0.016282879525437933,0.0,-0.0043343653250774,0.0183660544648511,0.7065892870317391,88,0.0159362549800796,40,75,0.0,0.0,0.0,市场情绪强，板块情绪强
2026-07-27,603656.SH,泰禾智能,main,16.58,0.016275317217435286,0.0,-0.0077797725912628,-0.0142687277051131,0.4760920539666022,88,0.0159362549800796,40,75,0.0,0.0,0.0,市场情绪强，板块情绪强
2026-07-27,603809.SH,豪能股份,main,8.36,0.016274744496076264,0.0,-0.052154195011338,-0.0290360046457607,0.8264846635796542,88,0.0159362549800796,40,75,0.0,0.0,0.0,市场情绪强，板块情绪强
2026-07-27,002096.SZ,易普力,main,9.0,0.01627403295985726,0.0,-0.0088105726872246,-0.0044247787610618,0.7039263466308323,88,0.0159362549800796,40,75,0.0,0.0,0.0,市场情绪强，板块情绪强
2026-07-27,600502.SH,安徽建工,main,4.53,0.01626015816839757,0.0,-0.0087527352297592,-0.002202643171806,0.6692593511108325,88,0.0159362549800796,40,75,0.0,0.0,0.0,市场情绪强，板块情绪强
2026-07-27,300640.SZ,德艺文创,chinext,5.69,0.016259698807580214,0.0,-0.0069808027923211,-0.0372250423011844,0.7766234489697157,88,0.0159362549800796,40,10,0.0,0.0,0.0,市场情绪强，板块情绪强
2026-07-27,002406.SZ,远东传动,main,6.1,0.01625442711101337,0.0,-0.0317460317460317,-0.0348101265822785,0.8428228253285516,88,0.0159362549800796,40,75,0.0,0.0,0.0,市场情绪强，板块情绪强
2026-07-27,002612.SZ,朗姿股份,main,11.45,0.01625302238499352,0.0,-0.0163230240549829,-0.0394295302013423,0.7146166162635917,88,0.0159362549800796,40,75,0.0,0.0,0.0,市场情绪强，板块情绪强
2026-07-27,605337.SH,李子园,main,8.42,0.016252887424666962,0.0,-0.025462962962963,-0.0539325842696629,0.7476053302350283,88,0.0159362549800796,40,75,0.0,0.0,0.0,市场情绪强，板块情绪强
2026-07-27,688296.SH,和达科技,star,13.66,0.016251641899157426,0.0,0.0713725490196077,0.1123778501628665,0.7923870262539705,88,0.0159362549800796,40,3,0.0,0.0,0.0,短线动量强，市场情绪强
2026-07-27,603025.SH,大豪科技,main,12.35,0.016247816908920798,0.0,-0.0182829888712241,0.0057003257328991,0.6805377979560018,88,0.0159362549800796,40,75,0.0,0.0,0.0,市场情绪强，板块情绪强
2026-07-27,002948.SZ,青岛银行,main,5.71,0.01624486991408568,0.0,0.0106194690265486,0.014209591474245,0.7056053514858708,88,0.0159362549800796,40,75,0.0,0.0,0.0,市场情绪强，板块情绪强
2026-07-27,601111.SH,中国国航,main,5.96,0.016235594237966732,0.0,0.0084602368866328,0.0205479452054795,0.8134399665330384,88,0.0159362549800796,40,75,0.0,0.0,0.0,市场情绪强，板块情绪强
2026-07-27,601108.SH,财通证券,main,8.22,0.016234252517880614,0.0,-0.0452961672473866,-0.0397196261682243,1.0684513860401186,88,0.0159362549800796,40,75,0.0,0.0,0.0,市场情绪强，板块情绪强
2026-07-27,600461.SH,洪城环境,main,9.17,0.016234145495051953,0.0,-0.009719222462203,0.0043811610076669,0.6995604923012286,88,0.0159362549800796,40,75,0.0,0.0,0.0,市场情绪强，板块情绪强
2026-07-27,000411.SZ,英特集团,main,9.08,0.016231284155010472,0.0,-0.0173160173160172,-0.0340425531914894,0.6345589284989523,88,0.0159362549800796,40,75,0.0,0.0,0.0,市场情绪强，板块情绪强
2026-07-27,002462.SZ,嘉事堂,main,11.17,0.016225200926698876,0.0,-0.0184534270650263,-0.0469283276450512,0.5820707230152387,88,0.0159362549800796,40,75,0.0,0.0,0.0,市场情绪强，板块情绪强
2026-07-27,600329.SH,达仁堂,main,36.61,0.01622396465854489,0.0,-0.0393597480976122,-0.0342917436032708,0.7481007834056398,88,0.0159362549800796,40,75,0.0,0.0,0.0,市场情绪强，板块情绪强
2026-07-27,002469.SZ,三维化学,main,5.36,0.016220782723750122,0.0,-0.0324909747292417,-0.0445632798573975,1.1806086429929956,88,0.0159362549800796,40,75,0.0,0.0,0.0,市场情绪强，板块情绪强
2026-07-27,601579.SH,会稽山,main,13.96,0.01621513511392304,0.0,-0.0127298444130127,-0.0325710325710324,0.6131613942825314,88,0.0159362549800796,40,75,0.0,0.0,0.0,市场情绪强，板块情绪强
2026-07-27,001220.SZ,世盟股份,main,27.39,0.016214789698605205,0.0,-0.0143936667866138,-0.0335215243472124,0.8306466643197141,88,0.0159362549800796,40,75,0.0,0.0,0.0,市场情绪强，板块情绪强
2026-07-27,600098.SH,广州发展,main,6.19,0.016211135104602502,0.0,-0.0064205457463883,0.0065040650406504,0.8202000425980568,88,0.0159362549800796,40,75,0.0,0.0,0.0,市场情绪强，板块情绪强
2026-07-27,603858.SH,步长制药,main,15.44,0.016200092327406528,0.0,-0.0227848101265824,-0.0077120822622108,0.6704873286459353,88,0.0159362549800796,40,75,0.0,0.0,0.0,市场情绪强，板块情绪强
2026-07-27,600736.SH,苏州高新,main,5.97,0.01619930317825032,0.0,-0.0308441558441558,-0.0432692307692308,0.7502438831177723,88,0.0159362549800796,40,75,0.0,0.0,0.0,市场情绪强，板块情绪强
2026-07-27,002242.SZ,九阳股份,main,8.07,0.01618032046410088,0.0,-0.0194410692588092,-0.0369928400954654,1.0986406288521529,88,0.0159362549800796,40,75,0.0,0.0,0.0,市场情绪强，板块情绪强
2026-07-27,601065.SH,江盐集团,main,6.6,0.016177832278146235,0.0,-0.0119760479041916,-0.0322580645161291,0.6636655964515719,88,0.0159362549800796,40,75,0.0,0.0,0.0,市场情绪强，板块情绪强
2026-07-27,000001.SZ,平安银行,main,11.1,0.016175953817524548,0.0,0.0239852398523985,0.0296846011131726,0.8658417686849754,88,0.0159362549800796,40,75,0.0,0.0,0.0,市场情绪强，板块情绪强
2026-07-27,001289.SZ,龙源电力,main,16.02,0.016174168348606084,0.0,-0.0267314702308627,-0.0117211597779149,0.639540221865882,88,0.0159362549800796,40,75,0.0,0.0,0.0,市场情绪强，板块情绪强
2026-07-27,603309.SH,维力医疗,main,11.41,0.016172580354700955,0.0,-0.0297619047619047,-0.0459866220735786,0.7698502807100692,88,0.0159362549800796,40,75,0.0,0.0,0.0,市场情绪强，板块情绪强
2026-07-27,001965.SZ,招商公路,main,10.17,0.01616123335739504,0.0,-0.012621359223301,0.0293522267206476,0.8232550619368744,88,0.0159362549800796,40,75,0.0,0.0,0.0,市场情绪强，板块情绪强
2026-07-27,688400.SH,凌云光,star,41.91,0.016161160204280503,0.0,-0.1086771586558912,-0.1221198156682028,0.6146535464175803,88,0.0159362549800796,40,3,0.0,0.0,0.0,市场情绪强
2026-07-27,601009.SH,南京银行,main,11.26,0.016158490382671958,0.0,0.0144144144144144,0.0071556350626118,0.6874515350244511,88,0.0159362549800796,40,75,0.0,0.0,0.0,市场情绪强，板块情绪强
2026-07-27,000505.SZ,京粮控股,main,5.25,0.01615456498641481,0.0,-0.0019011406844106,-0.0313653136531365,0.7202909700689362,88,0.0159362549800796,40,75,0.0,0.0,0.0,市场情绪强，板块情绪强
2026-07-27,688320.SH,禾川科技,star,26.24,0.016153895426900048,0.0,-0.0635260528194147,-0.0578096947935369,0.570909919034151,88,0.0159362549800796,40,3,0.0,0.0,0.0,市场情绪强
2026-07-27,002157.SZ,正邦科技,main,2.82,0.016152073583947987,0.0,-0.0275862068965517,-0.0275862068965517,1.1168612097115391,88,0.0159362549800796,40,75,0.0,0.0,0.0,市场情绪强，板块情绪强
2026-07-27,603707.SH,健友股份,main,7.55,0.016146041779762952,0.0,-0.0479192938209331,-0.0443037974683544,0.759428071028967,88,0.0159362549800796,40,75,0.0,0.0,0.0,市场情绪强，板块情绪强
2026-07-27,600763.SH,通策医疗,main,33.89,0.016143549040753727,0.0,-0.045083122006199,-0.0399433427762039,0.9221582280843628,88,0.0159362549800796,40,75,0.0,0.0,0.0,市场情绪强，板块情绪强
2026-07-27,000950.SZ,重药控股,main,5.17,0.01614024527535056,0.0,-0.0354477611940299,-0.0300187617260788,0.7687072640065231,88,0.0159362549800796,40,75,0.0,0.0,0.0,市场情绪强，板块情绪强
2026-07-27,001227.SZ,兰州银行,main,2.12,0.01614023300713272,0.0,0.0,0.0,0.7764294045910328,88,0.0159362549800796,40,75,0.0,0.0,0.0,市场情绪强，板块情绪强
2026-07-27,300088.SZ,长信科技,chinext,6.61,0.016138299330213074,0.0,-0.0378457059679766,0.0030349013657056,0.6825500107128765,88,0.0159362549800796,40,10,0.0,0.0,0.0,市场情绪强，板块情绪强
2026-07-27,001390.SZ,古麒绒材,main,17.07,0.01613626098702253,0.0,0.015466983938132,-0.0092861288450377,0.6016695375294072,88,0.0159362549800796,40,75,0.0,0.0,0.0,市场情绪强，板块情绪强
2026-07-27,300669.SZ,沪宁股份,chinext,20.57,0.0161327694723765,0.0,0.0249128051818634,-0.0922330097087378,0.6802846929007136,88,0.0159362549800796,40,10,0.0,0.0,0.0,市场情绪强，板块情绪强
2026-07-27,603515.SH,欧普照明,main,16.7,0.016123998026960136,0.0,-0.0324449594438007,-0.0147492625368731,0.6162509031621436,88,0.0159362549800796,40,75,0.0,0.0,0.0,市场情绪强，板块情绪强
2026-07-27,603888.SH,新华网,main,15.35,0.01612004183792939,0.0,-0.1198394495412844,-0.0943952802359882,0.9036447647803192,88,0.0159362549800796,40,75,0.0,0.0,0.0,市场情绪强，板块情绪强
2026-07-27,600315.SH,上海家化,main,16.7,0.016110813935023827,0.0,-0.0654728595411304,-0.0516751845542305,0.9979916759829026,88,0.0159362549800796,40,75,0.0,0.0,0.0,市场情绪强，板块情绪强
2026-07-27,600019.SH,宝钢股份,main,5.91,0.016104592435278176,0.0,0.017211703958692,0.0260416666666667,0.5406469401583548,88,0.0159362549800796,40,75,0.0,0.0,0.0,市场情绪强，板块情绪强
2026-07-27,002616.SZ,长青集团,main,4.58,0.01610350991455403,0.0,-0.0171673819742489,-0.025531914893617,1.0636718644891188,88,0.0159362549800796,40,75,0.0,0.0,0.0,市场情绪强，板块情绪强
2026-07-27,600117.SH,西宁特钢,main,2.15,0.01609974160516759,0.0,-0.0137614678899083,-0.0315315315315316,0.9050295921728974,88,0.0159362549800796,40,75,0.0,0.0,0.0,市场情绪强，板块情绪强
2026-07-27,301024.SZ,霍普股份,chinext,27.61,0.016099638051589454,0.0,0.0076642335766423,-0.0631150322361723,0.5683952659702066,88,0.0159362549800796,40,10,0.0,0.0,0.0,市场情绪强，板块情绪强
2026-07-27,002282.SZ,博深股份,main,5.59,0.016097456544664105,0.0,-0.0088652482269503,-0.0311958405545926,0.5548844813102681,88,0.0159362549800796,40,75,0.0,0.0,0.0,市场情绪强，板块情绪强
2026-07-27,601866.SH,中远海发,main,2.42,0.016094197559597054,0.0,0.0083333333333333,0.021097046413502,0.7959411251826458,88,0.0159362549800796,40,75,0.0,0.0,0.0,市场情绪强，板块情绪强
2026-07-27,600872.SH,中炬高新,main,18.37,0.016087781353292977,0.0,-0.0356955380577427,-0.0016304347826086,0.522364867154041,88,0.0159362549800796,40,75,0.0,0.0,0.0,市场情绪强，板块情绪强
2026-07-27,601326.SH,秦港股份,main,3.43,0.016081623436186503,0.0,-0.0143678160919539,-0.0029069767441859,0.897125112288798,88,0.0159362549800796,40,75,0.0,0.0,0.0,市场情绪强，板块情绪强
2026-07-27,300429.SZ,强力新材,chinext,9.34,0.01607248961287006,0.0,-0.0517766497461928,-0.0861056751467711,0.5976990194729802,88,0.0159362549800796,40,10,0.0,0.0,0.0,市场情绪强，板块情绪强
2026-07-27,000065.SZ,北方国际,main,8.89,0.01606680264637632,0.0,-0.0165929203539821,0.0067950169875425,0.9436581506009828,88,0.0159362549800796,40,75,0.0,0.0,0.0,市场情绪强，板块情绪强
2026-07-27,601500.SH,通用股份,main,3.79,0.016066611173011218,0.0,-0.0130208333333332,-0.0331632653061224,0.8142645777096694,88,0.0159362549800796,40,75,0.0,0.0,0.0,市场情绪强，板块情绪强
2026-07-27,603170.SH,宝立食品,main,11.42,0.016064437413436605,0.0,-0.0530679933665009,-0.0805152979066022,0.7431178631280994,88,0.0159362549800796,40,75,0.0,0.0,0.0,市场情绪强，板块情绪强
2026-07-27,600271.SH,航天信息,main,6.51,0.016060981475560135,0.0,-0.0151285930408472,0.0108695652173911,0.8486305828562726,88,0.0159362549800796,40,75,0.0,0.0,0.0,市场情绪强，板块情绪强
2026-07-27,601952.SH,苏垦农发,main,8.01,0.016059635298475407,0.0,0.015209125475285,0.0050188205771644,0.9116799829978408,88,0.0159362549800796,40,75,0.0,0.0,0.0,市场情绪强，板块情绪强
2026-07-27,002416.SZ,爱施德,main,8.85,0.016057822500452085,0.0,-0.0306681270536693,-0.0274725274725274,0.6308807139995175,88,0.0159362549800796,40,75,0.0,0.0,0.0,市场情绪强，板块情绪强
2026-07-27,002101.SZ,广东鸿图,main,8.35,0.016047544785143694,0.0,-0.0402298850574712,-0.0763274336283185,0.941256035472592,88,0.0159362549800796,40,75,0.0,0.0,0.0,市场情绪强，板块情绪强
2026-07-27,603111.SH,康尼机电,main,5.59,0.016042275052242573,0.0,-0.0192982456140351,-0.0362068965517241,0.512932447223785,88,0.0159362549800796,40,75,0.0,0.0,0.0,市场情绪强，板块情绪强
2026-07-27,601838.SH,成都银行,main,18.45,0.016031284977580176,0.0,0.0182119205298012,0.0109589041095889,0.6474754780388503,88,0.0159362549800796,40,75,0.0,0.0,0.0,市场情绪强，板块情绪强
2026-07-27,002561.SZ,徐家汇,main,6.18,0.016025267970847065,0.0,-0.0206022187004754,-0.0477657935285055,0.9870799559634702,88,0.0159362549800796,40,75,0.0,0.0,0.0,市场情绪强，板块情绪强
2026-07-27,000721.SZ,西安饮食,main,5.56,0.016020497787787743,0.0,-0.0347222222222222,-0.0528109028960818,0.8479971439433721,88,0.0159362549800796,40,75,0.0,0.0,0.0,市场情绪强，板块情绪强
2026-07-27,002223.SZ,鱼跃医疗,main,26.6,0.0160167962000026,0.0,-0.0330788804071247,-0.0249266862170087,0.7435495408218996,88,0.0159362549800796,40,75,0.0,0.0,0.0,市场情绪强，板块情绪强
2026-07-27,688683.SH,莱尔科技,star,28.2,0.0160160561621851,0.0,0.0955710955710955,0.0665658093797276,0.5575202143880554,88,0.0159362549800796,40,3,0.0,0.0,0.0,短线动量强，市场情绪强
2026-07-27,600585.SH,海螺水泥,main,17.77,0.016015570841698266,0.0,0.0102330869812392,0.0056593095642329,0.5950630358246067,88,0.0159362549800796,40,75,0.0,0.0,0.0,市场情绪强，板块情绪强
2026-07-27,002661.SZ,克明食品,main,6.89,0.016008708020335494,0.0,-0.0199146514935989,-0.0663956639566396,0.6926454125434718,88,0.0159362549800796,40,75,0.0,0.0,0.0,市场情绪强，板块情绪强
2026-07-27,002936.SZ,郑州银行,main,1.76,0.01600271445458828,0.0,0.0057142857142857,0.0057142857142857,0.7079649381790303,88,0.0159362549800796,40,75,0.0,0.0,0.0,市场情绪强，板块情绪强
2026-07-27,600559.SH,老白干酒,main,11.35,0.015993811344396636,0.0,-0.0421940928270042,-0.0299145299145299,0.7118255859622987,88,0.0159362549800796,40,75,0.0,0.0,0.0,市场情绪强，板块情绪强
2026-07-27,600115.SH,中国东航,main,3.54,0.01599154357007817,0.0,-0.0084033613445377,0.0085470085470085,0.8317728098371029,88,0.0159362549800796,40,75,0.0,0.0,0.0,市场情绪强，板块情绪强
2026-07-27,603866.SH,桃李面包,main,3.96,0.015988456382702906,0.0,-0.0050251256281407,-0.0364963503649635,0.5787507683976159,88,0.0159362549800796,40,75,0.0,0.0,0.0,市场情绪强，板块情绪强
2026-07-27,000886.SZ,海南高速,main,4.39,0.015985418605424895,0.0,-0.0022727272727274,-0.0112612612612613,0.6903483200939278,88,0.0159362549800796,40,75,0.0,0.0,0.0,市场情绪强，板块情绪强
2026-07-27,600195.SH,中牧股份,main,6.27,0.015985412530183915,0.0,-0.0233644859813084,-0.0542986425339366,0.7627950216544097,88,0.0159362549800796,40,75,0.0,0.0,0.0,市场情绪强，板块情绪强
2026-07-27,001322.SZ,箭牌家居,main,5.87,0.015983528593701064,0.0,-0.0486223662884927,-0.0941358024691358,0.7560300101271891,88,0.0159362549800796,40,75,0.0,0.0,0.0,市场情绪强，板块情绪强
2026-07-27,001308.SZ,康冠科技,main,16.63,0.015979237332140104,0.0,-0.043703277745831,-0.0735376044568245,0.6763008369625911,88,0.0159362549800796,40,75,0.0,0.0,0.0,市场情绪强，板块情绪强
2026-07-27,000877.SZ,天山股份,main,3.56,0.015977302570560774,0.0,-0.021978021978022,-0.021978021978022,1.1227637612152184,88,0.0159362549800796,40,75,0.0,0.0,0.0,市场情绪强，板块情绪强
2026-07-27,601390.SH,中国中铁,main,4.52,0.0159730340186432,0.0,0.0066815144766145,0.020316027088036,0.7382139288290307,88,0.0159362549800796,40,75,0.0,0.0,0.0,市场情绪强，板块情绪强
2026-07-27,300056.SZ,中创环保,chinext,7.08,0.015969335726242248,0.0,0.0598802395209581,-0.0152990264255911,0.590986211379668,88,0.0159362549800796,40,10,0.0,0.0,0.0,短线动量强，市场情绪强，板块情绪强
2026-07-27,603529.SH,爱玛科技,main,20.86,0.015968686427599167,0.0,-0.0099667774086379,0.0101694915254237,0.5154689013965881,88,0.0159362549800796,40,75,0.0,0.0,0.0,市场情绪强，板块情绪强
2026-07-27,300911.SZ,亿田智能,chinext,18.13,0.01596211093500629,0.0,-0.0492920818038805,-0.1112745098039215,0.7719268463995539,88,0.0159362549800796,40,10,0.0,0.0,0.0,市场情绪强，板块情绪强
2026-07-27,000860.SZ,顺鑫农业,main,10.36,0.015956575273853624,0.0,-0.0451612903225806,-0.0581818181818182,0.703036816702503,88,0.0159362549800796,40,75,0.0,0.0,0.0,市场情绪强，板块情绪强
2026-07-27,301257.SZ,普蕊斯,chinext,43.96,0.015956104191030454,0.0,-0.1647349420482614,-0.192653810835629,0.8453937394462737,88,0.0159362549800796,40,10,0.0,0.0,0.0,市场情绪强，板块情绪强
2026-07-27,300937.SZ,药易购,chinext,23.98,0.015950480669752954,0.0,0.0517543859649123,0.0161016949152541,1.275197745590171,88,0.0159362549800796,40,10,0.0,0.0,0.0,短线动量强，市场情绪强，板块情绪强
2026-07-27,603899.SH,晨光股份,main,22.3,0.015949708450266463,0.0,0.0004486316733962,0.0182648401826484,0.4795554542646406,88,0.0159362549800796,40,75,0.0,0.0,0.0,市场情绪强，板块情绪强
2026-07-27,601916.SH,浙商银行,main,2.87,0.0159460122119216,0.0,0.0105633802816902,0.0213523131672597,0.6169505307649469,88,0.0159362549800796,40,75,0.0,0.0,0.0,市场情绪强，板块情绪强
2026-07-27,300538.SZ,同益股份,chinext,12.43,0.015941246438551392,0.0,0.0180180180180178,0.0196882690730106,1.0020361073426434,88,0.0159362549800796,40,10,0.0,0.0,0.0,市场情绪强，板块情绪强
2026-07-27,002010.SZ,传化智联,main,4.45,0.015935214014959214,0.0,-0.0305010893246187,-0.0066964285714286,0.9432168802989396,88,0.0159362549800796,40,75,0.0,0.0,0.0,市场情绪强，板块情绪强
2026-07-27,000157.SZ,中联重科,main,7.39,0.01593187087570596,0.0,-0.0107095046854083,0.0278164116828927,0.7576076705315767,88,0.0159362549800796,40,75,0.0,0.0,0.0,市场情绪强，板块情绪强
2026-07-27,000333.SZ,美的集团,main,84.5,0.015931734121876043,0.0,0.0027293224160436,0.0216418812719139,0.6750340639780843,88,0.0159362549800796,40,75,0.0,0.0,0.0,市场情绪强，板块情绪强
2026-07-27,000550.SZ,江铃汽车,main,16.2,0.015929318976676075,0.0,-0.023508137432188,0.0049627791563273,0.5403969285874395,88,0.0159362549800796,40,75,0.0,0.0,0.0,市场情绪强，板块情绪强
2026-07-27,001216.SZ,华瓷股份,main,13.09,0.015921854068327565,0.0,-0.0589503953989936,-0.028210838901262,0.6567863293768033,88,0.0159362549800796,40,75,0.0,0.0,0.0,市场情绪强，板块情绪强
2026-07-27,301002.SZ,崧盛股份,chinext,27.4,0.01592184895224647,0.0,-0.0482806530045154,-0.063568010936432,0.5297298915060625,88,0.0159362549800796,40,10,0.0,0.0,0.0,市场情绪强，板块情绪强
2026-07-27,002075.SZ,沙钢股份,main,3.4,0.015919335337948686,0.0,-0.0173410404624277,-0.0087463556851312,0.8876426975481457,88,0.0159362549800796,40,75,0.0,0.0,0.0,市场情绪强，板块情绪强
2026-07-27,603786.SH,科博达,main,39.92,0.015916936357006885,0.0,-0.0186823992133726,0.0075719333669865,0.6839683760211733,88,0.0159362549800796,40,75,0.0,0.0,0.0,市场情绪强，板块情绪强
2026-07-27,600081.SH,东风科技,main,9.39,0.015906865663734435,0.0,-0.011578947368421,0.0096774193548387,0.51561208239021,88,0.0159362549800796,40,75,0.0,0.0,0.0,市场情绪强，板块情绪强
2026-07-27,601006.SH,大秦铁路,main,4.86,0.015905630423772264,0.0,0.0125000000000001,0.0318471337579617,0.5961226385628285,88,0.0159362549800796,40,75,0.0,0.0,0.0,市场情绪强，板块情绪强
2026-07-27,600223.SH,福瑞达,main,5.22,0.015902637911536913,0.0,-0.0297397769516728,-0.0509090909090909,0.7020807798446723,88,0.0159362549800796,40,75,0.0,0.0,0.0,市场情绪强，板块情绪强
2026-07-27,002892.SZ,科力尔,main,8.89,0.015897337114450145,0.0,-0.0399568034557235,-0.0100222717149219,0.6243825351498749,88,0.0159362549800796,40,75,0.0,0.0,0.0,市场情绪强，板块情绪强
2026-07-27,600606.SH,绿地控股,main,1.23,0.015885469563293293,0.0,-0.016,-0.0080645161290322,0.9161973616071571,88,0.0159362549800796,40,75,0.0,0.0,0.0,市场情绪强，板块情绪强
2026-07-27,601198.SH,东兴证券,main,13.7,0.015879314908291964,0.0,-0.0065264684554025,0.0178306092124813,0.8315877961052077,88,0.0159362549800796,40,75,0.0,0.0,0.0,市场情绪强，板块情绪强
2026-07-27,600025.SH,华能水电,main,10.04,0.01587829130959313,0.0,-0.014720314033366,0.0203252032520324,0.650187852066482,88,0.0159362549800796,40,75,0.0,0.0,0.0,市场情绪强，板块情绪强
2026-07-27,688671.SH,碧兴物联,star,18.91,0.01587549188156604,0.0,-0.0342185903983656,-0.0748532289628181,0.6370964929638854,88,0.0159362549800796,40,3,0.0,0.0,0.0,市场情绪强
2026-07-27,688293.SH,奥浦迈,star,52.87,0.015871545734193093,0.0,-0.059587335467805,0.0202624469316865,0.9479272510974228,88,0.0159362549800796,40,3,0.0,0.0,0.0,市场情绪强
2026-07-27,002701.SZ,奥瑞金,main,4.64,0.015869031808699925,0.0,-0.006423982869379,-0.0085470085470085,0.5967546677082531,88,0.0159362549800796,40,75,0.0,0.0,0.0,市场情绪强，板块情绪强
2026-07-27,603583.SH,捷昌驱动,main,22.94,0.0158683212809321,0.0,-0.0481327800829876,-0.0296108291032148,0.6807934997858366,88,0.0159362549800796,40,75,0.0,0.0,0.0,市场情绪强，板块情绪强
2026-07-27,603187.SH,海容冷链,main,11.69,0.01586532068877892,0.0,-0.0051063829787234,-0.0209380234505862,1.0887745590247837,88,0.0159362549800796,40,75,0.0,0.0,0.0,市场情绪强，板块情绪强
2026-07-27,600380.SH,健康元,main,10.05,0.015863561764970155,0.0,-0.0299227799227798,-0.0204678362573098,0.6898656346208462,88,0.0159362549800796,40,75,0.0,0.0,0.0,市场情绪强，板块情绪强
2026-07-27,600626.SH,申达股份,main,3.18,0.015861447863404616,0.0,-0.0185185185185184,-0.0275229357798164,0.6951731388410837,88,0.0159362549800796,40,75,0.0,0.0,0.0,市场情绪强，板块情绪强
2026-07-27,002423.SZ,中粮资本,main,8.85,0.015859278375316557,0.0,-0.0401301518438178,-0.0100671140939596,0.671094690572917,88,0.0159362549800796,40,75,0.0,0.0,0.0,市场情绪强，板块情绪强
2026-07-27,300900.SZ,广联航空,chinext,21.77,0.015856497984011196,0.0,-0.0652640618291111,-0.1157595450852965,0.795467831358557,88,0.0159362549800796,40,10,0.0,0.0,0.0,市场情绪强，板块情绪强
2026-07-27,603967.SH,中创物流,main,10.94,0.015855210736861323,0.0,-0.0090579710144926,-0.0318584070796461,0.5755966267807863,88,0.0159362549800796,40,75,0.0,0.0,0.0,市场情绪强，板块情绪强
2026-07-27,000557.SZ,西部创业,main,3.52,0.01585501896806009,0.0,-0.0249307479224376,-0.0382513661202186,1.0270119305878964,88,0.0159362549800796,40,75,0.0,0.0,0.0,市场情绪强，板块情绪强
2026-07-27,688805.SH,健信超导,star,40.16,0.01585462425323572,0.0,0.0851121318562551,0.0169663205874903,1.602169440395568,88,0.0159362549800796,40,3,0.0,0.0,0.0,成交量放大，短线动量强，市场情绪强
2026-07-27,603611.SH,诺力股份,main,15.91,0.01585049480658646,0.0,-0.0215252152521525,-0.0357575757575757,0.6285769094993761,88,0.0159362549800796,40,75,0.0,0.0,0.0,市场情绪强，板块情绪强
2026-07-27,603014.SH,威高血净,main,30.31,0.0158433383281866,0.0,-0.0365543547361729,-0.035020694046482,0.6991779508087052,88,0.0159362549800796,40,75,0.0,0.0,0.0,市场情绪强，板块情绪强
2026-07-27,300547.SZ,川环科技,chinext,25.39,0.01583485292133177,0.0,-0.0454887218045113,-0.0899641577060931,0.5678462841756873,88,0.0159362549800796,40,10,0.0,0.0,0.0,市场情绪强，板块情绪强
2026-07-27,605333.SH,沪光股份,main,15.58,0.015829890096333333,0.0,-0.036487322201608,-0.0225846925972396,0.6495403059574129,88,0.0159362549800796,40,75,0.0,0.0,0.0,市场情绪强，板块情绪强
2026-07-27,600056.SH,中国医药,main,9.2,0.015829228971824944,0.0,-0.0264550264550265,-0.0274841437632137,0.6789910602166601,88,0.0159362549800796,40,75,0.0,0.0,0.0,市场情绪强，板块情绪强
2026-07-27,600057.SH,厦门象屿,main,6.25,0.01581797182067567,0.0,0.001602564102564,0.0162601626016258,0.4840975615434466,88,0.0159362549800796,40,75,0.0,0.0,0.0,市场情绪强，板块情绪强
2026-07-27,600649.SH,城投控股,main,3.52,0.0158150328166465,0.0,-0.0249307479224376,-0.0222222222222222,0.8908254589920221,88,0.0159362549800796,40,75,0.0,0.0,0.0,市场情绪强，板块情绪强
2026-07-27,301259.SZ,艾布鲁,chinext,20.63,0.01580812506372539,0.0,-0.1014808362369338,-0.1202558635394456,0.7055492348673534,88,0.0159362549800796,40,10,0.0,0.0,0.0,市场情绪强，板块情绪强
2026-07-27,603195.SH,公牛集团,main,38.6,0.015795265475664223,0.0,-0.0048981696313482,0.0345751809166443,0.6094475095645111,88,0.0159362549800796,40,75,0.0,0.0,0.0,市场情绪强，板块情绪强
2026-07-27,300696.SZ,爱乐达,chinext,19.23,0.015794065570338234,0.0,-0.045183714001986,-0.0336683417085426,0.4877982824870792,88,0.0159362549800796,40,10,0.0,0.0,0.0,市场情绪强，板块情绪强
2026-07-27,601618.SH,中国中冶,main,2.65,0.01578778861778324,0.0,-0.0037593984962407,0.0153256704980841,0.8680808310925829,88,0.0159362549800796,40,75,0.0,0.0,0.0,市场情绪强，板块情绪强
2026-07-27,003039.SZ,顺控发展,main,11.2,0.015786367181606795,0.0,-0.0328151986183075,-0.008849557522124,0.6921537987278259,88,0.0159362549800796,40,75,0.0,0.0,0.0,市场情绪强，板块情绪强
2026-07-27,300358.SZ,楚天科技,chinext,8.3,0.015776884467013554,0.0,0.0600255427841636,0.0453400503778338,1.887800917758416,88,0.0159362549800796,40,10,0.0,0.0,0.0,成交量放大，短线动量强，市场情绪强，板块情绪强
2026-07-27,002063.SZ,远光软件,main,5.18,0.015756607043905194,0.0,-0.0564663023679418,-0.0299625468164794,0.7089669655197146,88,0.0159362549800796,40,75,0.0,0.0,0.0,市场情绪强，板块情绪强
2026-07-27,002688.SZ,金河生物,main,4.8,0.015756533574871553,0.0,-0.0263691683569979,-0.043824701195219,0.7136460073830143,88,0.0159362549800796,40,75,0.0,0.0,0.0,市场情绪强，板块情绪强
2026-07-27,300839.SZ,博汇股份,chinext,9.94,0.015756426571546283,0.0,-0.0168150346191888,-0.0469798657718121,1.091626735651625,88,0.0159362549800796,40,10,0.0,0.0,0.0,市场情绪强，板块情绪强
2026-07-27,600975.SH,新五丰,main,4.73,0.01574970824716267,0.0,-0.0227272727272725,-0.0761718749999998,0.567946286603372,88,0.0159362549800796,40,75,0.0,0.0,0.0,市场情绪强，板块情绪强
2026-07-27,002839.SZ,张家港行,main,4.33,0.01573577658666365,0.0,0.0,0.0023148148148146,0.6027887536936191,88,0.0159362549800796,40,75,0.0,0.0,0.0,市场情绪强，板块情绪强
2026-07-27,601528.SH,瑞丰银行,main,4.75,0.015729539342625463,0.0,-0.0021008403361344,-0.0124740124740123,0.6295921614301211,88,0.0159362549800796,40,75,0.0,0.0,0.0,市场情绪强，板块情绪强
2026-07-27,601816.SH,京沪高铁,main,5.02,0.015729362550855698,0.0,0.0161943319838056,0.0414937759336098,0.6444011638513185,88,0.0159362549800796,40,75,0.0,0.0,0.0,市场情绪强，板块情绪强
2026-07-27,601033.SH,永兴股份,main,14.17,0.015729079474532,0.0,0.0035410764872521,0.0121428571428572,0.7160352371630309,88,0.0159362549800796,40,75,0.0,0.0,0.0,市场情绪强，板块情绪强
2026-07-27,300759.SZ,康龙化成,chinext,38.53,0.01572727677276034,0.0,-0.0210873983739836,0.0859639233370914,0.7684434274943703,88,0.0159362549800796,40,10,0.0,0.0,0.0,市场情绪强，板块情绪强
2026-07-27,600419.SH,天润乳业,main,7.58,0.015724298052506365,0.0,-0.0181347150259066,-0.0524999999999999,0.7924380494849058,88,0.0159362549800796,40,75,0.0,0.0,0.0,市场情绪强，板块情绪强
2026-07-27,300274.SZ,阳光电源,chinext,113.42,0.015723860516124042,0.0,0.089738662567256,0.1162287176459009,0.7530947496320151,88,0.0159362549800796,40,10,0.0,0.0,0.0,短线动量强，市场情绪强，板块情绪强
2026-07-27,300820.SZ,英杰电气,chinext,50.36,0.015721315368196435,0.0,-0.0335828056035309,-0.0555138784696174,0.5997550062703578,88,0.0159362549800796,40,10,0.0,0.0,0.0,市场情绪强，板块情绪强
2026-07-27,600104.SH,上汽集团,main,10.38,0.015719131831198455,0.0,-0.0076481835564053,-0.0009624639076034,0.6828085909480646,88,0.0159362549800796,40,75,0.0,0.0,0.0,市场情绪强，板块情绪强
2026-07-27,688676.SH,金盘科技,star,68.21,0.01571534657037828,0.0,0.056372928604615,0.0894425810573389,1.0027725426716845,88,0.0159362549800796,40,3,0.0,0.0,0.0,短线动量强，市场情绪强
2026-07-27,688396.SH,华润微,star,60.4,0.015711450193342122,0.0,-0.0747549019607843,-0.025963554265441,0.6130816009454294,88,0.0159362549800796,40,3,0.0,0.0,0.0,市场情绪强
2026-07-27,002154.SZ,报 喜 鸟,main,3.6,0.015708916169311533,0.0,-0.0136986301369862,-0.0163934426229508,0.7365185108618048,88,0.0159362549800796,40,75,0.0,0.0,0.0,市场情绪强，板块情绪强
2026-07-27,002707.SZ,众信旅游,main,4.68,0.015705696539710268,0.0,-0.029045643153527,-0.0270270270270269,0.9994285833718664,88,0.0159362549800796,40,75,0.0,0.0,0.0,市场情绪强，板块情绪强
2026-07-27,601825.SH,沪农商行,main,8.18,0.015704306315741906,0.0,-0.0048661800486619,0.0237797246558197,0.6768753673607877,88,0.0159362549800796,40,75,0.0,0.0,0.0,市场情绪强，板块情绪强
2026-07-27,000876.SZ,新 希 望,main,6.72,0.015702097479350648,0.0,-0.0330935251798562,-0.0508474576271187,0.8754591226805162,88,0.0159362549800796,40,75,0.0,0.0,0.0,市场情绪强，板块情绪强
2026-07-27,301081.SZ,严牌股份,chinext,10.56,0.01570095706535171,0.0,-0.0240295748613678,-0.0621669626998223,0.5622330222318279,88,0.0159362549800796,40,10,0.0,0.0,0.0,市场情绪强，板块情绪强
2026-07-27,600015.SH,华夏银行,main,7.01,0.01569133227777702,0.0,0.0218658892128278,0.0144717800289435,0.9499837408356052,88,0.0159362549800796,40,75,0.0,0.0,0.0,市场情绪强，板块情绪强
2026-07-27,002567.SZ,唐人神,main,3.48,0.015686829096231845,0.0,-0.0279329608938547,-0.0695187165775401,0.9231403364718804,88,0.0159362549800796,40,75,0.0,0.0,0.0,市场情绪强，板块情绪强
2026-07-27,605259.SH,绿田机械,main,16.99,0.015683508457662212,0.0,-0.0046865846514353,-0.0324601366742597,0.6026980951381914,88,0.0159362549800796,40,75,0.0,0.0,0.0,市场情绪强，板块情绪强
2026-07-27,002035.SZ,华帝股份,main,4.58,0.01567499069015159,0.0,-0.023454157782516,-0.0478170478170477,0.6737476394029228,88,0.0159362549800796,40,75,0.0,0.0,0.0,市场情绪强，板块情绪强
2026-07-27,002797.SZ,第一创业,main,6.38,0.015674725611292715,0.0,-0.0463378176382661,-0.0244648318042813,0.7936653805960211,88,0.0159362549800796,40,75,0.0,0.0,0.0,市场情绪强，板块情绪强
2026-07-27,600906.SH,财达证券,main,6.95,0.015670840498128696,0.0,-0.0373961218836564,-0.0183615819209039,0.9357709211213172,88,0.0159362549800796,40,75,0.0,0.0,0.0,市场情绪强，板块情绪强
2026-07-27,002481.SZ,双塔食品,main,3.95,0.01566109023349647,0.0,-0.0318627450980392,-0.0617577197149643,1.0732494072715684,88,0.0159362549800796,40,75,0.0,0.0,0.0,市场情绪强，板块情绪强
2026-07-27,603049.SH,中策橡胶,main,47.49,0.015637882654960418,0.0,-0.0173805090006206,0.0004213187276174,0.6994693198272006,88,0.0159362549800796,40,75,0.0,0.0,0.0,市场情绪强，板块情绪强
2026-07-27,002543.SZ,万和电气,main,6.26,0.015630373603266835,0.0,-0.0249221183800623,-0.0558069381598793,0.6786123028743076,88,0.0159362549800796,40,75,0.0,0.0,0.0,市场情绪强，板块情绪强
2026-07-27,600993.SH,马应龙,main,23.16,0.01562676729767936,0.0,-0.0198899703766398,-0.0223723089911355,0.6677222169958039,88,0.0159362549800796,40,75,0.0,0.0,0.0,市场情绪强，板块情绪强
2026-07-27,002385.SZ,大北农,main,2.93,0.01562656489088298,0.0,-0.020066889632107,-0.0298013245033111,0.867223134882259,88,0.0159362549800796,40,75,0.0,0.0,0.0,市场情绪强，板块情绪强
2026-07-27,000402.SZ,金 融 街,main,2.36,0.015624752059376542,0.0,-0.0084033613445377,-0.0125523012552302,0.8923627859395377,88,0.0159362549800796,40,75,0.0,0.0,0.0,市场情绪强，板块情绪强
2026-07-27,601021.SH,春秋航空,main,44.64,0.015621502796946688,0.0,-0.0201931518876207,-0.0210526315789474,1.0705714065620706,88,0.0159362549800796,40,75,0.0,0.0,0.0,市场情绪强，板块情绪强
2026-07-27,600328.SH,中盐化工,main,6.11,0.015620391737794387,0.0,0.0049342105263159,0.01158940397351,0.7084022805907306,88,0.0159362549800796,40,75,0.0,0.0,0.0,市场情绪强，板块情绪强
2026-07-27,600916.SH,中国黄金,main,7.2,0.015619181593363226,0.0,-0.0163934426229508,0.0198300283286119,0.6870781132582512,88,0.0159362549800796,40,75,0.0,0.0,0.0,市场情绪强，板块情绪强
2026-07-27,600000.SH,浦发银行,main,9.04,0.015616970044621757,0.0,0.0100558659217877,0.0191657271702367,0.6273122886649632,88,0.0159362549800796,40,75,0.0,0.0,0.0,市场情绪强，板块情绪强
2026-07-27,600526.SH,菲达环保,main,4.17,0.015612087685178746,0.0,-0.027972027972028,-0.0391705069124423,0.8323424890304663,88,0.0159362549800796,40,75,0.0,0.0,0.0,市场情绪强，板块情绪强
2026-07-27,600208.SH,衢州发展,main,2.76,0.015610844648904299,0.0,-0.0212765957446808,-0.0071942446043165,1.019075507553426,88,0.0159362549800796,40,75,0.0,0.0,0.0,市场情绪强，板块情绪强
2026-07-27,002095.SZ,生 意 宝,main,12.9,0.015606415011978297,0.0,-0.0380313199105145,-0.0293453724604965,0.7278987487603793,88,0.0159362549800796,40,75,0.0,0.0,0.0,市场情绪强，板块情绪强
2026-07-27,600824.SH,益民集团,main,3.35,0.01560237201940868,0.0,-0.0117994100294985,-0.0345821325648415,0.7288132964471494,88,0.0159362549800796,40,75,0.0,0.0,0.0,市场情绪强，板块情绪强
2026-07-27,600757.SH,长江传媒,main,7.66,0.015584619965200715,0.0,-0.0064850843060959,-0.0039011703511053,0.5753511222891996,88,0.0159362549800796,40,75,0.0,0.0,0.0,市场情绪强，板块情绪强
2026-07-27,600009.SH,上海机场,main,23.7,0.015583589297624116,0.0,0.0033869602032174,0.0046629927935566,0.524024553148917,88,0.0159362549800796,40,75,0.0,0.0,0.0,市场情绪强，板块情绪强
2026-07-27,603230.SH,内蒙新华,main,8.55,0.01557581952860198,0.0,-0.031710079275198,-0.0425531914893615,0.7647076381219592,88,0.0159362549800796,40,75,0.0,0.0,0.0,市场情绪强，板块情绪强
2026-07-27,001338.SZ,永顺泰,main,8.12,0.015560320614874447,0.0,-0.0240384615384616,-0.056910569105691,0.6363974091841514,88,0.0159362549800796,40,75,0.0,0.0,0.0,市场情绪强，板块情绪强
2026-07-27,300683.SZ,海特生物,chinext,25.6,0.015559336227653363,0.0,-0.0191570881226054,-0.0490341753343239,0.6462763539877181,88,0.0159362549800796,40,10,0.0,0.0,0.0,市场情绪强，板块情绪强
2026-07-27,002570.SZ,贝因美,main,3.95,0.015543983159353408,0.0,-0.0318627450980392,-0.0550239234449759,0.7912774675957505,88,0.0159362549800796,40,75,0.0,0.0,0.0,市场情绪强，板块情绪强
2026-07-27,603970.SH,中农立华,main,9.66,0.015541502913850848,0.0,-0.0192893401015228,-0.0473372781065088,0.7933670121078047,88,0.0159362549800796,40,75,0.0,0.0,0.0,市场情绪强，板块情绪强
2026-07-27,002091.SZ,江苏国泰,main,7.47,0.01554140451381921,0.0,-0.0158102766798419,0.0163265306122448,0.5465776763687411,88,0.0159362549800796,40,75,0.0,0.0,0.0,市场情绪强，板块情绪强
2026-07-27,600351.SH,亚宝药业,main,6.41,0.015538595495933172,0.0,-0.0138461538461538,-0.0228658536585365,0.6375972118530377,88,0.0159362549800796,40,75,0.0,0.0,0.0,市场情绪强，板块情绪强
2026-07-27,000623.SZ,吉林敖东,main,17.67,0.015528165579848251,0.0,-0.043313481321061,-0.0215946843853819,0.7981506676521516,88,0.0159362549800796,40,75,0.0,0.0,0.0,市场情绪强，板块情绪强
2026-07-27,688788.SH,科思科技,star,27.62,0.015525248522779618,0.0,-0.0959083469721767,-0.1319924575738529,0.5361330411177248,88,0.0159362549800796,40,3,0.0,0.0,0.0,市场情绪强
2026-07-27,600582.SH,天地科技,main,4.81,0.01552352299932871,0.0,-0.006198347107438,0.0062761506276149,0.7401202919994381,88,0.0159362549800796,40,75,0.0,0.0,0.0,市场情绪强，板块情绪强
2026-07-27,600153.SH,建发股份,main,8.56,0.015523120128893205,0.0,-0.0092592592592593,-0.0046511627906975,0.5871475256222323,88,0.0159362549800796,40,75,0.0,0.0,0.0,市场情绪强，板块情绪强
2026-07-27,600926.SH,杭州银行,main,15.74,0.015522311911040036,0.0,0.0161394448030987,0.0115681233933162,0.8402380992757018,88,0.0159362549800796,40,75,0.0,0.0,0.0,市场情绪强，板块情绪强
2026-07-27,301548.SZ,崇德科技,chinext,60.56,0.01550152735450618,0.0,-0.053010164190774,-0.0817285822592873,0.6516666369321286,88,0.0159362549800796,40,10,0.0,0.0,0.0,市场情绪强，板块情绪强
2026-07-27,688178.SH,万德斯,star,23.08,0.015498990252960254,0.0,-0.0187074829931973,-0.0973797418850216,0.5355717729900313,88,0.0159362549800796,40,3,0.0,0.0,0.0,市场情绪强
2026-07-27,300085.SZ,银之杰,chinext,26.33,0.015498765575528315,0.0,-0.1704473850031506,-0.1423452768729641,0.9267782385484836,88,0.0159362549800796,40,10,0.0,0.0,0.0,市场情绪强，板块情绪强
2026-07-27,301046.SZ,能辉科技,chinext,17.17,0.015482007699274889,0.0,-0.0617486338797813,-0.0818181818181816,0.4907718215375194,88,0.0159362549800796,40,10,0.0,0.0,0.0,市场情绪强，板块情绪强
2026-07-27,600690.SH,海尔智家,main,21.76,0.0154743452804363,0.0,-0.0041189931350114,0.0386634844868736,0.7861813641740911,88,0.0159362549800796,40,75,0.0,0.0,0.0,市场情绪强，板块情绪强
2026-07-27,300961.SZ,深水海纳,chinext,9.33,0.015468917808064557,0.0,-0.0074468085106382,-0.1328996282527881,0.6129889685457708,88,0.0159362549800796,40,10,0.0,0.0,0.0,市场情绪强，板块情绪强
2026-07-27,002966.SZ,苏州银行,main,8.02,0.015466570554147678,0.0,0.0,-0.0024875621890546,0.6523992838067791,88,0.0159362549800796,40,75,0.0,0.0,0.0,市场情绪强，板块情绪强
2026-07-27,002958.SZ,青农商行,main,2.97,0.01546552975733418,0.0,-0.0033557046979865,-0.0066889632107023,0.8042511290074107,88,0.0159362549800796,40,75,0.0,0.0,0.0,市场情绪强，板块情绪强
2026-07-27,600398.SH,海澜之家,main,5.98,0.015460614717924115,0.0,0.0050420168067226,0.0152801358234295,0.6551320576034383,88,0.0159362549800796,40,75,0.0,0.0,0.0,市场情绪强，板块情绪强
2026-07-27,601298.SH,青岛港,main,8.63,0.015458245993809747,0.0,0.0,0.0046565774155995,0.7744260912668228,88,0.0159362549800796,40,75,0.0,0.0,0.0,市场情绪强，板块情绪强
2026-07-27,002230.SZ,科大讯飞,main,38.88,0.015449728913568215,0.0,-0.0676258992805755,-0.0544747081712061,0.9773738319343503,88,0.0159362549800796,40,75,0.0,0.0,0.0,市场情绪强，板块情绪强
2026-07-27,688163.SH,赛伦生物,star,29.7,0.015445812357912543,0.0,-0.0526315789473684,-0.0903522205206738,0.611213974269508,88,0.0159362549800796,40,3,0.0,0.0,0.0,市场情绪强
2026-07-27,603218.SH,日月股份,main,9.37,0.015444397981926965,0.0,-0.0477642276422765,-0.0147213459516298,0.7795730982331931,88,0.0159362549800796,40,75,0.0,0.0,0.0,市场情绪强，板块情绪强
2026-07-27,000650.SZ,仁和药业,main,5.26,0.01543847020973297,0.0,-0.0186567164179105,-0.0277264325323475,0.7035606506775068,88,0.0159362549800796,40,75,0.0,0.0,0.0,市场情绪强，板块情绪强
2026-07-27,300039.SZ,上海凯宝,chinext,5.11,0.01542955456692478,0.0,-0.0858676207513415,-0.001953125,0.7119175783507311,88,0.0159362549800796,40,10,0.0,0.0,0.0,市场情绪强，板块情绪强
2026-07-27,301591.SZ,肯特股份,chinext,26.41,0.015428573128206226,0.0,-0.0322462440454378,-0.0618117229129662,0.6805000344205743,88,0.0159362549800796,40,10,0.0,0.0,0.0,市场情绪强，板块情绪强
2026-07-27,600621.SH,华鑫股份,main,12.81,0.015426666441554958,0.0,-0.0573951434878586,-0.0482912332838039,0.8638368460677525,88,0.0159362549800796,40,75,0.0,0.0,0.0,市场情绪强，板块情绪强
2026-07-27,002419.SZ,天虹股份,main,4.28,0.015426268560216097,0.0,-0.0250569476082003,-0.0338600451467266,0.6820881625551019,88,0.0159362549800796,40,75,0.0,0.0,0.0,市场情绪强，板块情绪强
2026-07-27,601968.SH,宝钢包装,main,4.13,0.015425692560343025,0.0,-0.0072115384615385,-0.0439814814814816,0.7557529059639662,88,0.0159362549800796,40,75,0.0,0.0,0.0,市场情绪强，板块情绪强
2026-07-27,300561.SZ,汇金科技,chinext,16.95,0.015424411860504215,0.0,-0.144803229061554,-0.0330861380490589,0.721439233503388,88,0.0159362549800796,40,10,0.0,0.0,0.0,市场情绪强，板块情绪强
2026-07-27,600261.SH,阳光照明,main,2.92,0.015412046196534194,0.0,-0.0034129692832765,-0.033112582781457,0.5788877297078494,88,0.0159362549800796,40,75,0.0,0.0,0.0,市场情绪强，板块情绪强
2026-07-27,603566.SH,普莱柯,main,9.95,0.0154101282349866,0.0,-0.0349175557710961,-0.0700934579439251,0.7528171915983325,88,0.0159362549800796,40,75,0.0,0.0,0.0,市场情绪强，板块情绪强
2026-07-27,000099.SZ,中信海直,main,13.56,0.015407446097451385,0.0,-0.0355618776671408,0.0111856823266218,0.7302324668512735,88,0.0159362549800796,40,75,0.0,0.0,0.0,市场情绪强，板块情绪强
2026-07-27,601007.SH,金陵饭店,main,6.19,0.01540271349538522,0.0,-0.0016129032258064,-0.0328125,0.7512206889627967,88,0.0159362549800796,40,75,0.0,0.0,0.0,市场情绪强，板块情绪强
2026-07-27,688210.SH,统联精密,star,25.29,0.015400243632097138,0.0,-0.0749817117776152,-0.1116965226554267,0.7695004033099715,88,0.0159362549800796,40,3,0.0,0.0,0.0,市场情绪强
2026-07-27,600822.SH,上海物贸,main,7.78,0.015399602814553007,0.0,-0.0262828535669586,-0.0660264105642256,0.652578776992731,88,0.0159362549800796,40,75,0.0,0.0,0.0,市场情绪强，板块情绪强
2026-07-27,600572.SH,康恩贝,main,4.21,0.01539904748499959,0.0,-0.0186480186480186,-0.0163551401869159,0.6558265633034709,88,0.0159362549800796,40,75,0.0,0.0,0.0,市场情绪强，板块情绪强
2026-07-27,600109.SH,国金证券,main,8.44,0.015391676638597413,0.0,-0.0343249427917621,-0.0023640661938535,0.7991232930514465,88,0.0159362549800796,40,75,0.0,0.0,0.0,市场情绪强，板块情绪强
2026-07-27,000090.SZ,天健集团,main,3.24,0.015389138722567862,0.0,0.0030959752321981,0.0030959752321981,0.7212549818682618,88,0.0159362549800796,40,75,0.0,0.0,0.0,市场情绪强，板块情绪强
2026-07-27,600637.SH,东方明珠,main,7.58,0.01538397522844731,0.0,-0.0319284802043422,-0.0065530799475753,0.7825540963780494,88,0.0159362549800796,40,75,0.0,0.0,0.0,市场情绪强，板块情绪强
2026-07-27,002393.SZ,力生制药,main,13.78,0.015381195741615419,0.0,-0.0295774647887323,-0.0587431693989072,0.7199402571581325,88,0.0159362549800796,40,75,0.0,0.0,0.0,市场情绪强，板块情绪强
2026-07-27,000030.SZ,富奥股份,main,4.13,0.015378020554395017,0.0,-0.0190023752969121,-0.0119617224880382,0.6427557024121059,88,0.0159362549800796,40,75,0.0,0.0,0.0,市场情绪强，板块情绪强
2026-07-27,600030.SH,中信证券,main,27.95,0.015372753465643268,0.0,-0.0137614678899082,0.0126811594202898,0.8872094821250899,88,0.0159362549800796,40,75,0.0,0.0,0.0,市场情绪强，板块情绪强
2026-07-27,301218.SZ,华是科技,chinext,40.95,0.015367000194782396,0.0,-0.0043763676148796,0.1375000000000001,0.6201901011891077,88,0.0159362549800796,40,10,0.0,0.0,0.0,市场情绪强，板块情绪强
2026-07-27,601997.SH,贵阳银行,main,5.54,0.01536629790913836,0.0,0.0127970749542962,0.0221402214022139,0.5799556808526772,88,0.0159362549800796,40,75,0.0,0.0,0.0,市场情绪强，板块情绪强
2026-07-27,600866.SH,星湖科技,main,4.46,0.015357678569248313,0.0,-0.1133200795228628,-0.1097804391217565,0.7075449861400541,88,0.0159362549800796,40,75,0.0,0.0,0.0,市场情绪强，板块情绪强
2026-07-27,688390.SH,固德威,star,63.9,0.015355732154235184,0.0,0.0223999999999999,-0.0054474708171206,1.0825100630681288,88,0.0159362549800796,40,3,0.0,0.0,0.0,市场情绪强
2026-07-27,601330.SH,绿色动力,main,6.98,0.01535043349473406,0.0,-0.0141242937853106,0.0014347202295552,0.8257647710733772,88,0.0159362549800796,40,75,0.0,0.0,0.0,市场情绪强，板块情绪强
2026-07-27,002783.SZ,凯龙股份,main,7.0,0.015337284284632104,0.0,0.0,-0.0042674253200569,0.6105537104437601,88,0.0159362549800796,40,75,0.0,0.0,0.0,市场情绪强，板块情绪强
2026-07-27,300454.SZ,深信服,chinext,100.05,0.015327867818341506,0.0,-0.1419382504288164,-0.0691291403051731,0.76818301478972,88,0.0159362549800796,40,10,0.0,0.0,0.0,市场情绪强，板块情绪强
2026-07-27,002705.SZ,新宝股份,main,11.11,0.015321360102254884,0.0,-0.0339130434782609,-0.0150709219858156,0.8234493888170418,88,0.0159362549800796,40,75,0.0,0.0,0.0,市场情绪强，板块情绪强
2026-07-27,600285.SH,羚锐制药,main,21.91,0.015320759005186218,0.0,-0.0223114680946006,-0.0218749999999999,0.6317347390623848,88,0.0159362549800796,40,75,0.0,0.0,0.0,市场情绪强，板块情绪强
2026-07-27,002727.SZ,一心堂,main,10.95,0.015320365539124737,0.0,-0.0309734513274337,-0.0326855123674912,0.6230473550340169,88,0.0159362549800796,40,75,0.0,0.0,0.0,市场情绪强，板块情绪强
2026-07-27,688102.SH,斯瑞新材,star,26.45,0.015314041216227254,0.0,-0.0854080221300138,-0.0972696245733788,0.7225049810628255,88,0.0159362549800796,40,3,0.0,0.0,0.0,市场情绪强
2026-07-27,600983.SH,惠而浦,main,7.34,0.015313398231375449,0.0,0.0054794520547944,-0.0027173913043478,0.735325562019362,88,0.0159362549800796,40,75,0.0,0.0,0.0,市场情绪强，板块情绪强
2026-07-27,600616.SH,金枫酒业,main,3.8,0.015311514361654234,0.0,-0.0206185567010309,-0.0547263681592039,0.7170264061667762,88,0.0159362549800796,40,75,0.0,0.0,0.0,市场情绪强，板块情绪强
2026-07-27,601669.SH,中国电建,main,4.75,0.015307358897890656,0.0,-0.0104166666666666,0.0084925690021231,0.8887202792668922,88,0.0159362549800796,40,75,0.0,0.0,0.0,市场情绪强，板块情绪强
2026-07-27,600905.SH,三峡能源,main,3.86,0.015304158164721566,0.0,-0.0227848101265824,0.0157894736842105,0.7127132414221471,88,0.0159362549800796,40,75,0.0,0.0,0.0,市场情绪强，板块情绪强
2026-07-27,300440.SZ,运达科技,chinext,15.7,0.015302494570274277,0.0,-0.1043924700513406,-0.1956967213114754,0.6230673370968646,88,0.0159362549800796,40,10,0.0,0.0,0.0,市场情绪强，板块情绪强
2026-07-27,600420.SH,国药现代,main,8.47,0.015291501886228385,0.0,-0.0275545350172216,-0.0440180586907448,0.7552988935761467,88,0.0159362549800796,40,75,0.0,0.0,0.0,市场情绪强，板块情绪强
2026-07-27,002191.SZ,劲嘉股份,main,3.69,0.01528879785540148,0.0,0.0109589041095889,0.0137362637362636,0.954155970432236,88,0.0159362549800796,40,75,0.0,0.0,0.0,市场情绪强，板块情绪强
2026-07-27,301348.SZ,蓝箭电子,chinext,18.13,0.015277384031103703,0.0,-0.0457894736842106,-0.0562207183758459,0.645954082098539,88,0.0159362549800796,40,10,0.0,0.0,0.0,市场情绪强，板块情绪强
2026-07-27,600864.SH,哈投股份,main,5.25,0.01527345563697211,0.0,-0.0313653136531365,-0.0150093808630393,0.9605281968590756,88,0.0159362549800796,40,75,0.0,0.0,0.0,市场情绪强，板块情绪强
2026-07-27,000058.SZ,深 赛 格,main,6.0,0.015271406842671555,0.0,-0.0115321252059308,-0.0180032733224223,0.6910579006413522,88,0.0159362549800796,40,75,0.0,0.0,0.0,市场情绪强，板块情绪强
2026-07-27,000156.SZ,华数传媒,main,6.48,0.015265540923589718,0.0,-0.0299401197604789,-0.0196671709531013,0.6200313811127506,88,0.0159362549800796,40,75,0.0,0.0,0.0,市场情绪强，板块情绪强
2026-07-27,002401.SZ,中远海科,main,11.19,0.015265367272787737,0.0,-0.0303292894280762,-0.0269565217391304,0.8878975001763286,88,0.0159362549800796,40,75,0.0,0.0,0.0,市场情绪强，板块情绪强
2026-07-27,301563.SZ,云汉芯城,chinext,118.5,0.015263403733501626,0.0,-0.0338361190379128,-0.0332055152157949,0.6247750426963777,88,0.0159362549800796,40,10,0.0,0.0,0.0,市场情绪强，板块情绪强
2026-07-27,000999.SZ,华润三九,main,24.7,0.015262575604775733,0.0,-0.012,-0.0182829888712241,0.5955133850762565,88,0.0159362549800796,40,75,0.0,0.0,0.0,市场情绪强，板块情绪强
2026-07-27,600008.SH,首创环保,main,2.89,0.015252808940184487,0.0,0.0034722222222223,0.0176056338028169,0.6992247419090116,88,0.0159362549800796,40,75,0.0,0.0,0.0,市场情绪强，板块情绪强
2026-07-27,002675.SZ,东诚药业,main,12.39,0.015252030415394106,0.0,-0.0174464710547184,-0.0135350318471337,0.6797684729872148,88,0.0159362549800796,40,75,0.0,0.0,0.0,市场情绪强，板块情绪强
2026-07-27,300504.SZ,天邑股份,chinext,13.5,0.015245555339267015,0.0,0.0273972602739724,-0.0058910162002945,0.6865916874535914,88,0.0159362549800796,40,10,0.0,0.0,0.0,市场情绪强，板块情绪强
2026-07-27,600941.SH,中国移动,main,94.69,0.015242619113578318,0.0,-0.002633242047609,0.0138115631691648,0.5791227285523457,88,0.0159362549800796,40,75,0.0,0.0,0.0,市场情绪强，板块情绪强
2026-07-27,600908.SH,无锡银行,main,5.38,0.015242126508700191,0.0,-0.0037037037037037,-0.0128440366972477,0.6015878298648875,88,0.0159362549800796,40,75,0.0,0.0,0.0,市场情绪强，板块情绪强
2026-07-27,001914.SZ,招商积余,main,8.6,0.015241123107261305,0.0,-0.0444444444444445,-0.0238365493757095,0.7724228116761211,88,0.0159362549800796,40,75,0.0,0.0,0.0,市场情绪强，板块情绪强
2026-07-27,301125.SZ,腾亚精工,chinext,11.82,0.015234593786526545,0.0,-0.0596658711217183,-0.0751173708920187,0.5216519315734397,88,0.0159362549800796,40,10,0.0,0.0,0.0,市场情绪强，板块情绪强
2026-07-27,300665.SZ,飞鹿股份,chinext,7.81,0.01523276433672211,0.0,-0.0381773399014777,-0.047560975609756,0.5226214202138686,88,0.0159362549800796,40,10,0.0,0.0,0.0,市场情绪强，板块情绪强
2026-07-27,600269.SH,赣粤高速,main,3.96,0.015222601697966567,0.0,-0.01,-0.0124688279301745,0.6314804523533564,88,0.0159362549800796,40,75,0.0,0.0,0.0,市场情绪强，板块情绪强
2026-07-27,600127.SH,金健米业,main,5.45,0.01522155845703445,0.0,-0.0072859744990892,-0.0197841726618703,0.8804263343029693,88,0.0159362549800796,40,75,0.0,0.0,0.0,市场情绪强，板块情绪强
2026-07-27,300638.SZ,广和通,chinext,19.83,0.015218886186415122,0.0,-0.0035175879396984,-0.0040180813661477,0.7487987361370242,88,0.0159362549800796,40,10,0.0,0.0,0.0,市场情绪强，板块情绪强
2026-07-27,601801.SH,皖新传媒,main,5.24,0.015212338864287316,0.0,-0.0056925996204932,0.0,0.578564436445677,88,0.0159362549800796,40,75,0.0,0.0,0.0,市场情绪强，板块情绪强
2026-07-27,601229.SH,上海银行,main,9.14,0.01520805362398854,0.0,0.0043956043956046,0.0066079295154186,0.7661993804188459,88,0.0159362549800796,40,75,0.0,0.0,0.0,市场情绪强，板块情绪强
2026-07-27,601880.SH,辽港股份,main,1.46,0.015207550356541723,0.0,0.0,0.020979020979021,0.7148784504308422,88,0.0159362549800796,40,75,0.0,0.0,0.0,市场情绪强，板块情绪强
2026-07-27,002296.SZ,辉煌科技,main,8.45,0.015207426593553574,0.0,-0.0276179516685846,-0.0185830429732869,0.6971476786566757,88,0.0159362549800796,40,75,0.0,0.0,0.0,市场情绪强，板块情绪强
2026-07-27,603348.SH,文灿股份,main,12.78,0.015198807121053709,0.0,-0.0310841546626232,-0.0664718772826881,0.6759228666627549,88,0.0159362549800796,40,75,0.0,0.0,0.0,市场情绪强，板块情绪强
2026-07-27,603395.SH,红四方,main,21.9,0.015192202776977417,0.0,-0.0126239855725879,-0.0174966352624496,0.6476590275212294,88,0.0159362549800796,40,75,0.0,0.0,0.0,市场情绪强，板块情绪强
2026-07-27,605005.SH,合兴股份,main,14.47,0.015191071329760528,0.0,-0.0143051771117165,-0.0353333333333333,0.60671945804916,88,0.0159362549800796,40,75,0.0,0.0,0.0,市场情绪强，板块情绪强
2026-07-27,600278.SH,东方创业,main,6.03,0.01519103313569351,0.0,0.0,-0.0033057851239668,0.8386404752707507,88,0.0159362549800796,40,75,0.0,0.0,0.0,市场情绪强，板块情绪强
2026-07-27,000516.SZ,国际医学,main,4.05,0.01518964625237363,0.0,-0.0334128878281624,-0.0470588235294118,0.6726698651072598,88,0.0159362549800796,40,75,0.0,0.0,0.0,市场情绪强，板块情绪强
2026-07-27,688653.SH,康希通信,star,10.91,0.01518028870653726,0.0,-0.0651242502142245,-0.0659246575342465,0.6070717346612229,88,0.0159362549800796,40,3,0.0,0.0,0.0,市场情绪强
2026-07-27,605300.SH,佳禾食品,main,8.76,0.01517515747078396,0.0,-0.0079275198187995,-0.044711014176663,0.722176269606481,88,0.0159362549800796,40,75,0.0,0.0,0.0,市场情绪强，板块情绪强
2026-07-27,605368.SH,蓝天燃气,main,6.64,0.015172420604914536,0.0,0.0030211480362536,-0.0089552238805971,0.6934751615524689,88,0.0159362549800796,40,75,0.0,0.0,0.0,市场情绪强，板块情绪强
2026-07-27,300674.SZ,宇信科技,chinext,15.17,0.015158173842236097,0.0,-0.1281609195402298,0.0440467997247076,0.6257769276840548,88,0.0159362549800796,40,10,0.0,0.0,0.0,市场情绪强，板块情绪强
2026-07-27,002461.SZ,珠江啤酒,main,8.38,0.015154269624320975,0.0,0.0023923444976077,0.0047961630695445,0.8009160039227405,88,0.0159362549800796,40,75,0.0,0.0,0.0,市场情绪强，板块情绪强
2026-07-27,300721.SZ,怡达股份,chinext,20.91,0.015150787334800256,0.0,-0.0278940027894003,-0.0648479427549194,0.6455154621980355,88,0.0159362549800796,40,10,0.0,0.0,0.0,市场情绪强，板块情绪强
2026-07-27,301678.SZ,新恒汇,chinext,41.6,0.015147237810072874,0.0,-0.0452145971999081,-0.072463768115942,0.576847900572819,88,0.0159362549800796,40,10,0.0,0.0,0.0,市场情绪强，板块情绪强
2026-07-27,000501.SZ,武商集团,main,6.71,0.015144591212138164,0.0,-0.0261248185776487,-0.0414285714285714,0.9255044839677278,88,0.0159362549800796,40,75,0.0,0.0,0.0,市场情绪强，板块情绪强
2026-07-27,002807.SZ,江阴银行,main,3.92,0.01513772460492214,0.0,0.0025575447570331,-0.0050761421319797,0.5954540210987832,88,0.0159362549800796,40,75,0.0,0.0,0.0,市场情绪强，板块情绪强
2026-07-27,301037.SZ,保立佳,chinext,10.5,0.015131213452095503,0.0,0.0,-0.0566037735849057,0.8367030546170221,88,0.0159362549800796,40,10,0.0,0.0,0.0,市场情绪强，板块情绪强
2026-07-27,301111.SZ,粤万年青,chinext,17.38,0.015130830155533187,0.0,-0.0252383623107121,-0.0990150336962156,0.6581283871654353,88,0.0159362549800796,40,10,0.0,0.0,0.0,市场情绪强，板块情绪强
2026-07-27,000507.SZ,珠海港,main,4.83,0.015124650764394275,0.0,-0.0061728395061728,-0.0182926829268292,0.6703969177005801,88,0.0159362549800796,40,75,0.0,0.0,0.0,市场情绪强，板块情绪强
2026-07-27,301600.SZ,慧翰股份,chinext,84.11,0.015118661514653431,0.0,0.0599873976055451,0.0565255621153122,1.4736062756447754,88,0.0159362549800796,40,10,0.0,0.0,0.0,短线动量强，市场情绪强，板块情绪强
2026-07-27,600814.SH,杭州解百,main,6.23,0.015116063526630398,0.0,-0.0204402515723269,-0.0430107526881718,0.7947824347896938,88,0.0159362549800796,40,75,0.0,0.0,0.0,市场情绪强，板块情绪强
2026-07-27,000928.SZ,中钢国际,main,4.94,0.015107065776343475,0.0,-0.0217821782178216,-0.0100200400801603,0.8232475527263408,88,0.0159362549800796,40,75,0.0,0.0,0.0,市场情绪强，板块情绪强
2026-07-27,301120.SZ,新特电气,chinext,13.66,0.015103133259481535,0.0,0.0340651021953064,0.0262960180315552,0.9649661143216248,88,0.0159362549800796,40,10,0.0,0.0,0.0,市场情绪强，板块情绪强
2026-07-27,600935.SH,华塑股份,main,2.21,0.015097211161532098,0.0,-0.0089686098654708,-0.0089686098654708,0.9409984938482022,88,0.0159362549800796,40,75,0.0,0.0,0.0,市场情绪强，板块情绪强
2026-07-27,002302.SZ,西部建设,main,4.33,0.015087147474580193,0.0,-0.0225733634311511,-0.0356347438752784,0.9303678355413268,88,0.0159362549800796,40,75,0.0,0.0,0.0,市场情绪强，板块情绪强
2026-07-27,603210.SH,泰鸿万立,main,12.92,0.015077056376677786,0.0,-0.0271084337349397,-0.0379746835443037,0.9601377150719832,88,0.0159362549800796,40,75,0.0,0.0,0.0,市场情绪强，板块情绪强
2026-07-27,000881.SZ,中广核技,main,6.19,0.01507687011047826,0.0,0.0081433224755702,0.0,1.0305133431110016,88,0.0159362549800796,40,75,0.0,0.0,0.0,市场情绪强，板块情绪强
2026-07-27,603708.SH,家家悦,main,8.98,0.01507359016577717,0.0,-0.0228509249183894,-0.0517423442449841,0.6362786306379401,88,0.0159362549800796,40,75,0.0,0.0,0.0,市场情绪强，板块情绪强
2026-07-27,600064.SH,南京高科,main,7.48,0.01506842449824074,0.0,-0.0013351134846462,0.0246575342465753,0.87663343869252,88,0.0159362549800796,40,75,0.0,0.0,0.0,市场情绪强，板块情绪强
2026-07-27,301117.SZ,佳缘科技,chinext,16.59,0.015068248363364357,0.0,0.0066747572815533,-0.0148456057007125,0.7008722709090831,88,0.0159362549800796,40,10,0.0,0.0,0.0,市场情绪强，板块情绪强
2026-07-27,600085.SH,同仁堂,main,25.06,0.015053284592497225,0.0,-0.0324324324324324,-0.0376344086021505,0.6642772094040186,88,0.0159362549800796,40,75,0.0,0.0,0.0,市场情绪强，板块情绪强
2026-07-27,002206.SZ,海 利 得,main,5.11,0.015053153273461519,0.0,-0.019193857965451,-0.0135135135135133,0.9730446493149502,88,0.0159362549800796,40,75,0.0,0.0,0.0,市场情绪强，板块情绪强
2026-07-27,603288.SH,海天味业,main,35.85,0.015052879758289034,0.0,-0.0183461117196057,-0.0041666666666666,0.644214146214165,88,0.0159362549800796,40,75,0.0,0.0,0.0,市场情绪强，板块情绪强
2026-07-27,301080.SZ,百普赛斯,chinext,52.22,0.01504959463286767,0.0,0.0081081081081082,0.0800413650465357,0.700301803245113,88,0.0159362549800796,40,10,0.0,0.0,0.0,市场情绪强，板块情绪强
2026-07-27,000789.SZ,万年青,main,3.83,0.01503123396885506,0.0,-0.0179487179487178,-0.0472636815920396,0.7359229021461203,88,0.0159362549800796,40,75,0.0,0.0,0.0,市场情绪强，板块情绪强
2026-07-27,600628.SH,新世界,main,5.73,0.015028971290538928,0.0,-0.0271646859083191,-0.0481727574750828,0.8117256311050177,88,0.0159362549800796,40,75,0.0,0.0,0.0,市场情绪强，板块情绪强
2026-07-27,002508.SZ,老板电器,main,15.24,0.015028016162806046,0.0,-0.0148674854557208,-0.0317662007623887,0.7952794035021528,88,0.0159362549800796,40,75,0.0,0.0,0.0,市场情绪强，板块情绪强
2026-07-27,000713.SZ,国投丰乐,main,5.54,0.015025996313152976,0.0,-0.0053859964093357,-0.0177304964539006,0.8857755732163584,88,0.0159362549800796,40,75,0.0,0.0,0.0,市场情绪强，板块情绪强
2026-07-27,002014.SZ,永新股份,main,10.68,0.01501956154380961,0.0,-0.0246575342465753,-0.0120259019426457,1.145625315219694,88,0.0159362549800796,40,75,0.0,0.0,0.0,市场情绪强，板块情绪强
2026-07-27,001285.SZ,瑞立科密,main,39.33,0.015005113547709245,0.0,-0.0140386061669591,-0.0125533517449158,0.66552081840289,88,0.0159362549800796,40,75,0.0,0.0,0.0,市场情绪强，板块情绪强
2026-07-27,688197.SH,首药控股,star,34.6,0.01499773744890718,0.0,-0.0805208610151475,-0.054127938764352,0.8419706078095508,88,0.0159362549800796,40,3,0.0,0.0,0.0,市场情绪强
2026-07-27,001391.SZ,国货航,main,4.18,0.014982397656556307,0.0,-0.0346420323325635,-0.0187793427230047,0.7931369559057934,88,0.0159362549800796,40,75,0.0,0.0,0.0,市场情绪强，板块情绪强
2026-07-27,600604.SH,市北高新,main,4.1,0.014977885016991937,0.0,-0.0096618357487923,-0.0238095238095239,0.6749864015263819,88,0.0159362549800796,40,75,0.0,0.0,0.0,市场情绪强，板块情绪强
2026-07-27,600720.SH,中交设计,main,5.08,0.014976383639349333,0.0,-0.0039215686274508,-0.0249520153550864,0.5268786815416833,88,0.0159362549800796,40,75,0.0,0.0,0.0,市场情绪强，板块情绪强
2026-07-27,600050.SH,中国联通,main,4.42,0.014973953394327442,0.0,0.0068337129840547,0.0375586854460094,0.7060219959917041,88,0.0159362549800796,40,75,0.0,0.0,0.0,市场情绪强，板块情绪强
2026-07-27,600787.SH,中储股份,main,4.5,0.014968536269053914,0.0,-0.013157894736842,-0.0109890109890109,0.6570666047119612,88,0.0159362549800796,40,75,0.0,0.0,0.0,市场情绪强，板块情绪强
2026-07-27,603277.SH,银都股份,main,9.98,0.01496636650131046,0.0,-0.002,-0.0413064361191162,0.5291276943198885,88,0.0159362549800796,40,75,0.0,0.0,0.0,市场情绪强，板块情绪强
2026-07-27,002287.SZ,奇正藏药,main,20.0,0.014962237320842592,0.0,-0.0476190476190476,-0.0485252140818268,0.6874090020017359,88,0.0159362549800796,40,75,0.0,0.0,0.0,市场情绪强，板块情绪强
2026-07-27,601658.SH,邮储银行,main,5.12,0.0149543963038364,0.0,0.0138613861386138,0.0058939096267192,0.896609372359461,88,0.0159362549800796,40,75,0.0,0.0,0.0,市场情绪强，板块情绪强
2026-07-27,000591.SZ,太阳能,main,4.39,0.014952585654744307,0.0,-0.0200892857142859,-0.0067873303167421,0.7906160555707273,88,0.0159362549800796,40,75,0.0,0.0,0.0,市场情绪强，板块情绪强
2026-07-27,000927.SZ,中国铁物,main,2.42,0.014944706487921604,0.0,-0.0081967213114754,0.0,0.8695811825084254,88,0.0159362549800796,40,75,0.0,0.0,0.0,市场情绪强，板块情绪强
2026-07-27,600551.SH,时代出版,main,6.69,0.014942826934526521,0.0,-0.0029806259314455,-0.0088888888888888,0.5703423621056964,88,0.0159362549800796,40,75,0.0,0.0,0.0,市场情绪强，板块情绪强
2026-07-27,300131.SZ,英唐智控,chinext,14.5,0.014939236164198955,0.0,-0.0326884589726484,0.039426523297491,0.4910753695148475,88,0.0159362549800796,40,10,0.0,0.0,0.0,市场情绪强，板块情绪强
2026-07-27,600640.SH,国脉文化,main,9.77,0.014938189504563186,0.0,-0.0514563106796117,-0.023,0.7087053170349098,88,0.0159362549800796,40,75,0.0,0.0,0.0,市场情绪强，板块情绪强
2026-07-27,600928.SH,西安银行,main,3.53,0.014934687935586586,0.0,0.0,-0.011204481792717,0.6537341749558037,88,0.0159362549800796,40,75,0.0,0.0,0.0,市场情绪强，板块情绪强
2026-07-27,603323.SH,苏农银行,main,4.19,0.014926852725689516,0.0,-0.0023809523809523,-0.0094562647754137,0.7749903517110145,88,0.0159362549800796,40,75,0.0,0.0,0.0,市场情绪强，板块情绪强
2026-07-27,601949.SH,中国出版,main,4.95,0.01491711887410105,0.0,-0.0313111545988258,-0.0217391304347824,0.5932700951770556,88,0.0159362549800796,40,75,0.0,0.0,0.0,市场情绪强，板块情绪强
2026-07-27,001201.SZ,东瑞股份,main,10.98,0.014910204697669913,0.0,-0.0099188458070332,-0.0679117147707978,0.6179524772913533,88,0.0159362549800796,40,75,0.0,0.0,0.0,市场情绪强，板块情绪强
2026-07-27,600859.SH,王府井,main,9.52,0.014895632833640858,0.0,-0.0265848670756646,-0.0295616717635067,0.7793655665707565,88,0.0159362549800796,40,75,0.0,0.0,0.0,市场情绪强，板块情绪强
2026-07-27,603896.SH,寿仙谷,main,13.8,0.014894126917986698,0.0,-0.0586630286493859,-0.1142490372272143,0.8151914053184928,88,0.0159362549800796,40,75,0.0,0.0,0.0,市场情绪强，板块情绪强
2026-07-27,000651.SZ,格力电器,main,40.46,0.014890357279611017,0.0,-0.0032027593003203,0.0127659574468084,0.6917380929156918,88,0.0159362549800796,40,75,0.0,0.0,0.0,市场情绪强，板块情绪强
2026-07-27,000755.SZ,山西高速,main,4.54,0.014881925016494938,0.0,-0.0151843817787419,-0.0215517241379309,0.5861849948819803,88,0.0159362549800796,40,75,0.0,0.0,0.0,市场情绪强，板块情绪强
2026-07-27,300270.SZ,中威电子,chinext,9.18,0.014875541575655625,0.0,-0.0387434554973823,-0.1198465963566635,0.444401423472206,88,0.0159362549800796,40,10,0.0,0.0,0.0,市场情绪强，板块情绪强
2026-07-27,600029.SH,南方航空,main,5.04,0.01484765415105135,0.0,-0.0039525691699603,0.0100200400801602,0.8665092729571668,88,0.0159362549800796,40,75,0.0,0.0,0.0,市场情绪强，板块情绪强
2026-07-27,601966.SH,玲珑轮胎,main,10.96,0.014845450542180033,0.0,-0.0099367660343269,-0.0027297543221109,0.6103859784799519,88,0.0159362549800796,40,75,0.0,0.0,0.0,市场情绪强，板块情绪强
2026-07-27,300991.SZ,创益通,chinext,24.35,0.014837241250849047,0.0,-0.0085504885993483,-0.0341134470448234,0.6259373019538791,88,0.0159362549800796,40,10,0.0,0.0,0.0,市场情绪强，板块情绪强
2026-07-27,603209.SH,兴通股份,main,12.87,0.014829330032948604,0.0,-0.0130368098159509,-0.0359550561797753,0.8595523550668538,88,0.0159362549800796,40,75,0.0,0.0,0.0,市场情绪强，板块情绪强
2026-07-27,600612.SH,老凤祥,main,33.85,0.014827712979555518,0.0,-0.0331333904598685,-0.0342368045649071,0.5305188931206186,88,0.0159362549800796,40,75,0.0,0.0,0.0,市场情绪强，板块情绪强
2026-07-27,300410.SZ,正业科技,chinext,6.84,0.014827221106592013,0.0,-0.0101302460202605,-0.0366197183098591,0.6683746889356269,88,0.0159362549800796,40,10,0.0,0.0,0.0,市场情绪强，板块情绪强
2026-07-27,600177.SH,雅戈尔,main,7.74,0.014826410119290478,0.0,-0.014012738853503,-0.0177664974619289,0.726459070707684,88,0.0159362549800796,40,75,0.0,0.0,0.0,市场情绪强，板块情绪强
2026-07-27,688272.SH,富吉瑞,star,25.38,0.014823803802679109,0.0,-0.023094688221709,-0.0497940846125047,0.5330461631375674,88,0.0159362549800796,40,3,0.0,0.0,0.0,市场情绪强
2026-07-27,600179.SH,安通控股,main,4.14,0.01482207683732143,0.0,-0.0281690140845071,-0.0281690140845071,0.8601222808590828,88,0.0159362549800796,40,75,0.0,0.0,0.0,市场情绪强，板块情绪强
2026-07-27,002641.SZ,公元股份,main,3.72,0.014818405326821221,0.0,-0.0362694300518133,-0.0629722921914357,0.5963759552896944,88,0.0159362549800796,40,75,0.0,0.0,0.0,市场情绪强，板块情绪强
2026-07-27,002351.SZ,漫步者,main,9.73,0.014817120254330208,0.0,-0.0460784313725488,-0.0507317073170731,0.5836144762834162,88,0.0159362549800796,40,75,0.0,0.0,0.0,市场情绪强，板块情绪强
2026-07-27,003012.SZ,东鹏控股,main,4.37,0.014811625834789913,0.0,-0.0416666666666665,-0.0682302771855011,0.7936238684344922,88,0.0159362549800796,40,75,0.0,0.0,0.0,市场情绪强，板块情绪强
2026-07-27,300065.SZ,海兰信,chinext,15.62,0.014810622236731947,0.0,-0.0657894736842105,-0.0806356680400235,0.8132979476332173,88,0.0159362549800796,40,10,0.0,0.0,0.0,市场情绪强，板块情绪强
2026-07-27,603877.SH,太平鸟,main,12.17,0.014807914369607673,0.0,-0.0371835443037975,-0.0507020280811232,0.4168398819164708,88,0.0159362549800796,40,75,0.0,0.0,0.0,市场情绪强，板块情绪强
2026-07-27,300035.SZ,中科电气,chinext,13.19,0.014806271821103957,0.0,0.0304687499999998,0.0918874172185431,1.4215797953915872,88,0.0159362549800796,40,10,0.0,0.0,0.0,市场情绪强，板块情绪强
2026-07-27,300592.SZ,华凯易佰,chinext,16.71,0.014795966742570017,0.0,0.0385332504661279,-0.0182138660399528,0.6939720077781298,88,0.0159362549800796,40,10,0.0,0.0,0.0,市场情绪强，板块情绪强
2026-07-27,600390.SH,五矿资本,main,4.85,0.01479544675397234,0.0,-0.03,0.0041407867494822,0.6501904681562717,88,0.0159362549800796,40,75,0.0,0.0,0.0,市场情绪强，板块情绪强
2026-07-27,603202.SH,天有为,main,50.5,0.014792435360174971,0.0,-0.0098039215686274,-0.0138644795938293,0.6717098742180679,88,0.0159362549800796,40,75,0.0,0.0,0.0,市场情绪强，板块情绪强
2026-07-27,300722.SZ,新余国科,chinext,20.68,0.014784347683040287,0.0,0.0492135971588025,0.0,1.778992284014726,88,0.0159362549800796,40,10,0.0,0.0,0.0,成交量放大，市场情绪强，板块情绪强
2026-07-27,000957.SZ,中通客车,main,9.76,0.01478419006952498,0.0,-0.0190954773869346,0.0041152263374484,0.7003483845718474,88,0.0159362549800796,40,75,0.0,0.0,0.0,市场情绪强，板块情绪强
2026-07-27,603658.SH,安图生物,main,31.46,0.014778701034423206,0.0,-0.0373317013463891,-0.023890784982935,0.6075334921858027,88,0.0159362549800796,40,75,0.0,0.0,0.0,市场情绪强，板块情绪强
2026-07-27,001205.SZ,盛航股份,main,12.29,0.01477749179465667,0.0,-0.002435064935065,-0.0538876058506544,0.7028696615328517,88,0.0159362549800796,40,75,0.0,0.0,0.0,市场情绪强，板块情绪强
2026-07-27,002111.SZ,威海广泰,main,9.16,0.014770997657292211,0.0,-0.0065075921908894,-0.0097297297297297,0.7208496728764353,88,0.0159362549800796,40,75,0.0,0.0,0.0,市场情绪强，板块情绪强
2026-07-27,002573.SZ,清新环境,main,3.11,0.014769984555560445,0.0,-0.0032051282051283,-0.0189274447949526,0.7846353006283526,88,0.0159362549800796,40,75,0.0,0.0,0.0,市场情绪强，板块情绪强
2026-07-27,300204.SZ,舒泰神,chinext,22.19,0.014761526530880547,0.0,-0.0883319638455216,-0.0942857142857142,0.8134698574254435,88,0.0159362549800796,40,10,0.0,0.0,0.0,市场情绪强，板块情绪强
2026-07-27,000906.SZ,浙商中拓,main,5.19,0.014761470967883335,0.0,-0.0280898876404492,-0.0371057513914655,0.7658974875353002,88,0.0159362549800796,40,75,0.0,0.0,0.0,市场情绪强，板块情绪强
2026-07-27,300221.SZ,银禧科技,chinext,10.42,0.014759094330047955,0.0,-0.055303717135086,-0.1055793991416309,0.5384028586578291,88,0.0159362549800796,40,10,0.0,0.0,0.0,市场情绪强，板块情绪强
2026-07-27,601568.SH,北元化工,main,3.57,0.014757022836505656,0.0,-0.0110803324099723,0.0,0.6985847094270916,88,0.0159362549800796,40,75,0.0,0.0,0.0,市场情绪强，板块情绪强
2026-07-27,002737.SZ,葵花药业,main,13.03,0.01475019143403826,0.0,-0.0136260408781226,-0.0447214076246335,0.5129259166612891,88,0.0159362549800796,40,75,0.0,0.0,0.0,市场情绪强，板块情绪强
2026-07-27,603587.SH,地素时尚,main,11.18,0.014749755819898416,0.0,-0.0303555941023416,-0.0485106382978723,0.7596922879472758,88,0.0159362549800796,40,75,0.0,0.0,0.0,市场情绪强，板块情绪强
2026-07-27,600425.SH,青松建化,main,3.33,0.014746648875073808,0.0,-0.0089285714285713,-0.0205882352941175,0.8225798366066485,88,0.0159362549800796,40,75,0.0,0.0,0.0,市场情绪强，板块情绪强
2026-07-27,002116.SZ,中国海诚,main,6.75,0.014721184481375316,0.0,-0.0203193033381712,-0.0301724137931034,0.8320182291066869,88,0.0159362549800796,40,75,0.0,0.0,0.0,市场情绪强，板块情绪强
2026-07-27,301112.SZ,信邦智能,chinext,27.07,0.014707399542488129,0.0,0.0112065745237206,-0.0528341497550733,0.8913152419792513,88,0.0159362549800796,40,10,0.0,0.0,0.0,市场情绪强，板块情绪强
2026-07-27,300243.SZ,瑞丰高材,chinext,13.18,0.014705781302316714,0.0,-0.0134730538922155,-0.0258684405025868,0.7567781626491733,88,0.0159362549800796,40,10,0.0,0.0,0.0,市场情绪强，板块情绪强
2026-07-27,600062.SH,华润双鹤,main,16.63,0.014705280188826917,0.0,-0.0263466042154566,-0.0177200236266982,0.7173403856021018,88,0.0159362549800796,40,75,0.0,0.0,0.0,市场情绪强，板块情绪强
2026-07-27,300369.SZ,绿盟科技,chinext,6.07,0.014705117335363047,0.0,-0.0647149460708782,-0.0661538461538461,0.7314574064997865,88,0.0159362549800796,40,10,0.0,0.0,0.0,市场情绪强，板块情绪强
2026-07-27,000848.SZ,承德露露,main,8.02,0.014699708056900192,0.0,-0.0325693606755126,-0.04066985645933,0.816887187240574,88,0.0159362549800796,40,75,0.0,0.0,0.0,市场情绪强，板块情绪强
2026-07-27,000888.SZ,峨眉山Ａ,main,9.15,0.014696471207274174,0.0,-0.0296924708377518,-0.0388655462184873,0.9796706773930586,88,0.0159362549800796,40,75,0.0,0.0,0.0,市场情绪强，板块情绪强
2026-07-27,600794.SH,保税科技,main,2.98,0.014693248840321277,0.0,-0.0132450331125827,-0.022950819672131,0.8288339315692698,88,0.0159362549800796,40,75,0.0,0.0,0.0,市场情绪强，板块情绪强
2026-07-27,603310.SH,巍华新材,main,14.2,0.014680600331032974,0.0,-0.0159390159390159,-0.0173010380622837,0.652056059227872,88,0.0159362549800796,40,75,0.0,0.0,0.0,市场情绪强，板块情绪强
2026-07-27,601512.SH,中新集团,main,7.4,0.014659884273980038,0.0,-0.0389610389610389,-0.040207522697795,0.9281536708763746,88,0.0159362549800796,40,75,0.0,0.0,0.0,市场情绪强，板块情绪强
2026-07-27,300568.SZ,星源材质,chinext,12.04,0.014657438714581172,0.0,-0.0564263322884013,-0.0391061452513966,0.6807971607249163,88,0.0159362549800796,40,10,0.0,0.0,0.0,市场情绪强，板块情绪强
2026-07-27,000913.SZ,钱江摩托,main,10.56,0.014656444211062377,0.0,-0.0231267345050878,-0.0249307479224376,0.6244192941731546,88,0.0159362549800796,40,75,0.0,0.0,0.0,市场情绪强，板块情绪强
2026-07-27,600469.SH,风神股份,main,5.04,0.014655748938094695,0.0,-0.0344827586206896,-0.070110701107011,0.6352210554712259,88,0.0159362549800796,40,75,0.0,0.0,0.0,市场情绪强，板块情绪强
2026-07-27,000401.SZ,金隅冀东,main,3.52,0.014651492954796433,0.0,-0.0112359550561798,-0.0249307479224376,0.8316880237167636,88,0.0159362549800796,40,75,0.0,0.0,0.0,市场情绪强，板块情绪强
2026-07-27,688385.SH,复旦微电,star,50.51,0.014649200375759919,0.0,-0.0527006751687922,-0.0279060816012317,0.6761117194598374,88,0.0159362549800796,40,3,0.0,0.0,0.0,市场情绪强
2026-07-27,001323.SZ,慕思股份,main,15.39,0.014642144766583026,0.0,-0.0271807838179519,-0.0494132180358246,0.808868101547215,88,0.0159362549800796,40,75,0.0,0.0,0.0,市场情绪强，板块情绪强
2026-07-27,300084.SZ,海默科技,chinext,9.72,0.01464020182818975,0.0,-0.0131979695431471,-0.1313672922252009,0.7229071026079587,88,0.0159362549800796,40,10,0.0,0.0,0.0,市场情绪强，板块情绪强
2026-07-27,600998.SH,九州通,main,5.01,0.014638753756131691,0.0,-0.0118343195266272,-0.0195694716242662,0.641501606425665,88,0.0159362549800796,40,75,0.0,0.0,0.0,市场情绪强，板块情绪强
2026-07-27,002073.SZ,软控股份,main,5.36,0.014635993541700492,0.0,-0.0201096892138938,0.0037453183520599,0.7169418512609006,88,0.0159362549800796,40,75,0.0,0.0,0.0,市场情绪强，板块情绪强
2026-07-27,600827.SH,百联股份,main,7.44,0.014632016012667507,0.0,-0.0299869621903519,-0.0274509803921568,0.706129395347441,88,0.0159362549800796,40,75,0.0,0.0,0.0,市场情绪强，板块情绪强
2026-07-27,600061.SH,国投资本,main,6.3,0.014630761564901488,0.0,-0.026275115919629,-0.0352220520673813,0.6869589361254317,88,0.0159362549800796,40,75,0.0,0.0,0.0,市场情绪强，板块情绪强
2026-07-27,688041.SH,海光信息,star,314.28,0.014629496429174105,0.0,-0.0878007720662932,0.0308318026764629,0.6328202044704578,88,0.0159362549800796,40,3,0.0,0.0,0.0,市场情绪强
2026-07-27,002991.SZ,甘源食品,main,38.96,0.014628208833011906,0.0,-0.0436917034855179,-0.0677195501316103,0.920042312106332,88,0.0159362549800796,40,75,0.0,0.0,0.0,市场情绪强，板块情绪强
2026-07-27,600016.SH,民生银行,main,3.5,0.014623982439003452,0.0,0.0,0.0115606936416186,0.6382843620190332,88,0.0159362549800796,40,75,0.0,0.0,0.0,市场情绪强，板块情绪强
2026-07-27,600848.SH,上海临港,main,8.02,0.014616109473800588,0.0,-0.0086526576019777,-0.0231425091352011,0.5685081940493073,88,0.0159362549800796,40,75,0.0,0.0,0.0,市场情绪强，板块情绪强
2026-07-27,002761.SZ,浙江建投,main,6.86,0.014611692205125553,0.0,-0.0157819225251075,0.0,0.6790714698056458,88,0.0159362549800796,40,75,0.0,0.0,0.0,市场情绪强，板块情绪强
2026-07-27,301107.SZ,瑜欣电子,chinext,16.17,0.014603859158113828,0.0,-0.0334728033472803,-0.1183206106870228,0.537071683026218,88,0.0159362549800796,40,10,0.0,0.0,0.0,市场情绪强，板块情绪强
2026-07-27,601368.SH,绿城水务,main,4.25,0.01460066849963573,0.0,-0.0046838407494144,-0.031890660592255,0.7585435066986762,88,0.0159362549800796,40,75,0.0,0.0,0.0,市场情绪强，板块情绪强
2026-07-27,600210.SH,紫江企业,main,6.04,0.014598046803031305,0.0,-0.0778625954198473,-0.0693374422187982,0.6588597549181802,88,0.0159362549800796,40,75,0.0,0.0,0.0,市场情绪强，板块情绪强
2026-07-27,300948.SZ,冠中生态,chinext,16.89,0.014594268573705438,0.0,-0.0457627118644067,-0.1387047424783273,0.5314847919091747,88,0.0159362549800796,40,10,0.0,0.0,0.0,市场情绪强，板块情绪强
2026-07-27,000538.SZ,云南白药,main,51.0,0.014593296280473142,0.0,-0.00390625,-0.0081680280046674,0.5661217099783924,88,0.0159362549800796,40,75,0.0,0.0,0.0,市场情绪强，板块情绪强
2026-07-27,603855.SH,华荣股份,main,15.9,0.014588349739945945,0.0,-0.0118085767557488,0.0012594458438286,0.7846262371612327,88,0.0159362549800796,40,75,0.0,0.0,0.0,市场情绪强，板块情绪强
2026-07-27,301041.SZ,金百泽,chinext,20.79,0.014587518488143724,0.0,-0.018413597733711,-0.051551094890511,0.5791110697507901,88,0.0159362549800796,40,10,0.0,0.0,0.0,市场情绪强，板块情绪强
2026-07-27,600742.SH,富维股份,main,7.15,0.014586400848736586,0.0,0.0,-0.0083217753120665,0.6923492050047036,88,0.0159362549800796,40,75,0.0,0.0,0.0,市场情绪强，板块情绪强
2026-07-27,600987.SH,航民股份,main,6.46,0.01458587421459356,0.0,0.0,-0.0212121212121211,0.5748054266789231,88,0.0159362549800796,40,75,0.0,0.0,0.0,市场情绪强，板块情绪强
2026-07-27,000795.SZ,英洛华,main,8.12,0.014585610574370054,0.0,-0.0310262529832937,-0.0036809815950921,0.6874196466407212,88,0.0159362549800796,40,75,0.0,0.0,0.0,市场情绪强，板块情绪强
2026-07-27,600717.SH,天津港,main,4.23,0.014583413250125462,0.0,-0.0093676814988288,0.0,0.6176959377072377,88,0.0159362549800796,40,75,0.0,0.0,0.0,市场情绪强，板块情绪强
2026-07-27,600587.SH,新华医疗,main,12.34,0.014582133826651605,0.0,-0.0478395061728396,-0.0572956455309396,0.5907469170248483,88,0.0159362549800796,40,75,0.0,0.0,0.0,市场情绪强，板块情绪强
2026-07-27,600155.SH,华创云信,main,5.53,0.01457946079756078,0.0,-0.0365853658536585,-0.0142602495543672,0.680690785463542,88,0.0159362549800796,40,75,0.0,0.0,0.0,市场情绪强，板块情绪强
2026-07-27,300488.SZ,恒锋工具,chinext,29.05,0.014576824908692495,0.0,-0.0562053281351526,-0.1099877450980392,0.652827731161814,88,0.0159362549800796,40,10,0.0,0.0,0.0,市场情绪强，板块情绪强
2026-07-27,000019.SZ,深粮控股,main,5.87,0.0145756396044362,0.0,-0.0117845117845117,-0.0297520661157024,0.84595656585907,88,0.0159362549800796,40,75,0.0,0.0,0.0,市场情绪强，板块情绪强
2026-07-27,001356.SZ,富岭股份,main,8.16,0.014575000513033206,0.0,-0.0544611819235226,-0.0737797956867196,1.0773007505583714,88,0.0159362549800796,40,75,0.0,0.0,0.0,市场情绪强，板块情绪强
2026-07-27,300227.SZ,光韵达,chinext,8.16,0.014574519592390998,0.0,-0.0274135876042909,-0.0737797956867196,0.7002675844268912,88,0.0159362549800796,40,10,0.0,0.0,0.0,市场情绪强，板块情绪强
2026-07-27,600567.SH,山鹰国际,main,1.3,0.014569257113685475,0.0,-0.0151515151515151,-0.0225563909774436,0.9946125289641976,88,0.0159362549800796,40,75,0.0,0.0,0.0,市场情绪强，板块情绪强
2026-07-27,600894.SH,广日股份,main,7.48,0.014568888629743707,0.0,-0.0222222222222222,-0.0310880829015542,0.7419985753473646,88,0.0159362549800796,40,75,0.0,0.0,0.0,市场情绪强，板块情绪强
2026-07-27,000563.SZ,陕国投Ａ,main,2.98,0.01456458030378728,0.0,-0.0261437908496732,-0.0066666666666667,0.6168779212069604,88,0.0159362549800796,40,75,0.0,0.0,0.0,市场情绪强，板块情绪强
2026-07-27,600679.SH,上海凤凰,main,8.96,0.014561153464304664,0.0,-0.0055493895671474,-0.0260869565217389,0.6175465274893173,88,0.0159362549800796,40,75,0.0,0.0,0.0,市场情绪强，板块情绪强
2026-07-27,002984.SZ,森麒麟,main,13.74,0.014558186794711056,0.0,-0.0227596017069701,-0.0241477272727272,0.8417456491393349,88,0.0159362549800796,40,75,0.0,0.0,0.0,市场情绪强，板块情绪强
2026-07-27,002186.SZ,全 聚 德,main,8.54,0.014547262535148386,0.0,-0.0172612197928654,-0.0458100558659217,0.781679898942218,88,0.0159362549800796,40,75,0.0,0.0,0.0,市场情绪强，板块情绪强
2026-07-27,601333.SH,广深铁路,main,2.97,0.0145450997606718,0.0,-0.0132890365448503,0.0033783783783785,0.7066010050647437,88,0.0159362549800796,40,75,0.0,0.0,0.0,市场情绪强，板块情绪强
2026-07-27,002352.SZ,顺丰控股,main,33.5,0.0145386346383992,0.0,-0.0109241216415706,0.0126964933494559,0.6671157162237193,88,0.0159362549800796,40,75,0.0,0.0,0.0,市场情绪强，板块情绪强
2026-07-27,600655.SH,豫园股份,main,4.36,0.014528570953112444,0.0,-0.0022883295194507,-0.0113378684807256,0.6129987143037671,88,0.0159362549800796,40,75,0.0,0.0,0.0,市场情绪强，板块情绪强
2026-07-27,600308.SH,华泰股份,main,3.11,0.014526352752621702,0.0,-0.0032051282051283,-0.0250783699059561,0.6770883348970494,88,0.0159362549800796,40,75,0.0,0.0,0.0,市场情绪强，板块情绪强
2026-07-27,000521.SZ,长虹美菱,main,4.76,0.01451903769898888,0.0,-0.0205761316872429,-0.0536779324055667,0.677776423185774,88,0.0159362549800796,40,75,0.0,0.0,0.0,市场情绪强，板块情绪强
2026-07-27,000166.SZ,申万宏源,main,4.64,0.014519006871648055,0.0,-0.0085470085470085,0.0131004366812226,0.6781708200056396,88,0.0159362549800796,40,75,0.0,0.0,0.0,市场情绪强，板块情绪强
2026-07-27,601136.SH,首创证券,main,13.87,0.014517229754578354,0.0,-0.0381414701803052,-0.0050215208034433,0.6344944562756633,88,0.0159362549800796,40,75,0.0,0.0,0.0,市场情绪强，板块情绪强
2026-07-27,300483.SZ,首华燃气,chinext,19.49,0.014516151321837886,0.0,0.0444801714898177,0.1292004634994203,0.8928680654571924,88,0.0159362549800796,40,10,0.0,0.0,0.0,市场情绪强，板块情绪强
2026-07-27,600918.SH,中泰证券,main,5.51,0.014515362316902522,0.0,-0.0299295774647887,-0.0230496453900709,0.7331569591740856,88,0.0159362549800796,40,75,0.0,0.0,0.0,市场情绪强，板块情绪强
2026-07-27,603689.SH,皖天然气,main,7.36,0.014508710650027361,0.0,-0.0040595399188091,-0.0173564753004005,0.6232615844842534,88,0.0159362549800796,40,75,0.0,0.0,0.0,市场情绪强，板块情绪强
2026-07-27,601811.SH,新华文轩,main,12.13,0.014508461756918471,0.0,-0.0016460905349794,-0.0114099429502851,0.6731314161366182,88,0.0159362549800796,40,75,0.0,0.0,0.0,市场情绪强，板块情绪强
2026-07-27,300984.SZ,金沃股份,chinext,32.51,0.014507570159530867,0.0,-0.0494152046783626,-0.0857705286839146,0.5265857046629295,88,0.0159362549800796,40,10,0.0,0.0,0.0,市场情绪强，板块情绪强
2026-07-27,605008.SH,长鸿高科,main,11.83,0.014504629074516927,0.0,-0.0174418604651162,-0.0247320692497939,0.7788371911203011,88,0.0159362549800796,40,75,0.0,0.0,0.0,市场情绪强，板块情绪强
2026-07-27,600713.SH,南京医药,main,4.89,0.014502032292096878,0.0,-0.0239520958083833,-0.0486381322957198,0.620913572999357,88,0.0159362549800796,40,75,0.0,0.0,0.0,市场情绪强，板块情绪强
2026-07-27,000686.SZ,东北证券,main,7.91,0.014499786551679609,0.0,-0.021039603960396,-0.0037783375314861,0.6816311026179621,88,0.0159362549800796,40,75,0.0,0.0,0.0,市场情绪强，板块情绪强
2026-07-27,601985.SH,中国核电,main,8.9,0.014493392996740599,0.0,-0.0078037904124861,0.012514220705347,0.617836053328134,88,0.0159362549800796,40,75,0.0,0.0,0.0,市场情绪强，板块情绪强
2026-07-27,300980.SZ,祥源新材,chinext,19.25,0.01448592037957507,0.0,-0.0686985970004838,-0.1474756421612045,0.5784711413204787,88,0.0159362549800796,40,10,0.0,0.0,0.0,市场情绪强，板块情绪强
2026-07-27,603788.SH,宁波高发,main,12.86,0.014484790080734958,0.0,-0.0061823802163832,-0.0395817774458552,0.539305410288105,88,0.0159362549800796,40,75,0.0,0.0,0.0,市场情绪强，板块情绪强
2026-07-27,300932.SZ,三友联众,chinext,8.68,0.014482017296422331,0.0,0.0069605568445476,-0.0180995475113122,0.7915123410860558,88,0.0159362549800796,40,10,0.0,0.0,0.0,市场情绪强，板块情绪强
2026-07-27,600073.SH,光明肉业,main,4.95,0.014479538833050441,0.0,-0.0275049115913554,-0.0535372848948375,0.889185840936559,88,0.0159362549800796,40,75,0.0,0.0,0.0,市场情绪强，板块情绪强
2026-07-27,600927.SH,永安期货,main,12.44,0.014477252807030565,0.0,-0.0378963650425367,-0.0111287758346582,0.8399073782306927,88,0.0159362549800796,40,75,0.0,0.0,0.0,市场情绪强，板块情绪强
2026-07-27,300587.SZ,天铁科技,chinext,3.59,0.014476746503021219,0.0,0.0257142857142855,-0.0137362637362637,0.7807695565071141,88,0.0159362549800796,40,10,0.0,0.0,0.0,市场情绪强，板块情绪强
2026-07-27,603508.SH,思维列控,main,21.64,0.014471740024375818,0.0,-0.0407801418439716,-0.0141230068337129,1.15868461337123,88,0.0159362549800796,40,75,0.0,0.0,0.0,市场情绪强，板块情绪强
2026-07-27,600138.SH,中青旅,main,6.78,0.014471066267612612,0.0,-0.0286532951289398,-0.0369318181818181,1.0153659828310593,88,0.0159362549800796,40,75,0.0,0.0,0.0,市场情绪强，板块情绪强
2026-07-27,605183.SH,确成股份,main,13.57,0.014460719320767004,0.0,-0.0216294160057677,-0.0307142857142856,0.6948695484925825,88,0.0159362549800796,40,75,0.0,0.0,0.0,市场情绪强，板块情绪强
2026-07-27,000581.SZ,威孚高科,main,16.88,0.014459648794960568,0.0,-0.0105509964830011,0.0095693779904306,0.7040155252128382,88,0.0159362549800796,40,75,0.0,0.0,0.0,市场情绪强，板块情绪强
2026-07-27,000958.SZ,电投产融,main,5.3,0.014455925887765146,0.0,-0.0293040293040293,-0.0185185185185186,0.9468141800894344,88,0.0159362549800796,40,75,0.0,0.0,0.0,市场情绪强，板块情绪强
2026-07-27,603136.SH,天目湖,main,8.31,0.01445282059560879,0.0,-0.016568047337278,-0.0459242250287026,0.8461909260593018,88,0.0159362549800796,40,75,0.0,0.0,0.0,市场情绪强，板块情绪强
2026-07-27,002511.SZ,中顺洁柔,main,6.96,0.014440457693100102,0.0,-0.0238429172510519,-0.0197183098591549,0.7170593130368282,88,0.0159362549800796,40,75,0.0,0.0,0.0,市场情绪强，板块情绪强
2026-07-27,603883.SH,老百姓,main,11.97,0.014433843398706125,0.0,-0.0268292682926829,-0.0244498777506111,0.6448812759115606,88,0.0159362549800796,40,75,0.0,0.0,0.0,市场情绪强，板块情绪强
2026-07-27,601881.SH,中国银河,main,12.45,0.014433246241223285,0.0,-0.0311284046692607,-0.015810276679842,0.972456505913982,88,0.0159362549800796,40,75,0.0,0.0,0.0,市场情绪强，板块情绪强
2026-07-27,301186.SZ,超达装备,chinext,32.86,0.014422707204927075,0.0,0.0859220092531394,0.0576118442227229,0.5487399643808393,88,0.0159362549800796,40,10,0.0,0.0,0.0,短线动量强，市场情绪强，板块情绪强
2026-07-27,002646.SZ,天佑德酒,main,6.32,0.014412990684953879,0.0,-0.0306748466257668,-0.0481927710843372,0.7082343584675218,88,0.0159362549800796,40,75,0.0,0.0,0.0,市场情绪强，板块情绪强
2026-07-27,600959.SH,江苏有线,main,2.98,0.01441169237323005,0.0,-0.0165016501650164,-0.0132450331125827,0.941211413375564,88,0.0159362549800796,40,75,0.0,0.0,0.0,市场情绪强，板块情绪强
2026-07-27,002322.SZ,理工能科,main,9.83,0.014410635637298368,0.0,-0.0140421263791374,-0.0391006842619746,0.6419409959027007,88,0.0159362549800796,40,75,0.0,0.0,0.0,市场情绪强，板块情绪强
2026-07-27,600168.SH,武汉控股,main,4.15,0.014409445986068515,0.0,-0.014251781472684,-0.0326340326340325,0.6470444070655754,88,0.0159362549800796,40,75,0.0,0.0,0.0,市场情绪强，板块情绪强
2026-07-27,603107.SH,上海汽配,main,11.1,0.014408656772588353,0.0,-0.0203000882612534,-0.038961038961039,0.7328348268836966,88,0.0159362549800796,40,75,0.0,0.0,0.0,市场情绪强，板块情绪强
2026-07-27,002007.SZ,华兰生物,main,12.75,0.014407146745784201,0.0,-0.034090909090909,-0.0326251896813353,0.6670846509725011,88,0.0159362549800796,40,75,0.0,0.0,0.0,市场情绪强，板块情绪强
2026-07-27,688301.SH,奕瑞科技,star,90.21,0.014402785452790971,0.0,-0.0389900926813679,0.0195524412296563,0.7842052286652967,88,0.0159362549800796,40,3,0.0,0.0,0.0,市场情绪强
2026-07-27,301599.SZ,理奇智能,chinext,32.66,0.014401289809686845,0.0,0.0018404907975457,-0.0221556886227545,0.6625201887529951,88,0.0159362549800796,40,10,0.0,0.0,0.0,市场情绪强，板块情绪强
2026-07-27,600332.SH,白云山,main,21.59,0.01439670561048586,0.0,-0.0221920289855072,-0.026600541027953,0.657687395488667,88,0.0159362549800796,40,75,0.0,0.0,0.0,市场情绪强，板块情绪强
2026-07-27,301007.SZ,德迈仕,chinext,25.22,0.01439638623159153,0.0,0.0031821797931581,-0.1246095105866018,0.3591846151843494,88,0.0159362549800796,40,10,0.0,0.0,0.0,市场情绪强，板块情绪强
2026-07-27,001219.SZ,青岛食品,main,11.69,0.014384790806192696,0.0,-0.0093220338983052,-0.0464926590538335,0.7138230051965139,88,0.0159362549800796,40,75,0.0,0.0,0.0,市场情绪强，板块情绪强
2026-07-27,688595.SH,芯海科技,star,26.15,0.014384721939053711,0.0,-0.0707178393745558,-0.0759717314487633,0.6677700009234616,88,0.0159362549800796,40,3,0.0,0.0,0.0,市场情绪强
2026-07-27,600600.SH,青岛啤酒,main,52.82,0.01434549554220429,0.0,-0.0138162808065721,0.0059036374023995,0.4941687775781673,88,0.0159362549800796,40,75,0.0,0.0,0.0,市场情绪强，板块情绪强
2026-07-27,601200.SH,上海环境,main,6.94,0.014335944366624807,0.0,-0.0071530758226037,-0.0085714285714285,0.762623990161358,88,0.0159362549800796,40,75,0.0,0.0,0.0,市场情绪强，板块情绪强
2026-07-27,601577.SH,XD长沙银,main,9.22,0.014328252512822808,0.0,0.0076502732240437,-0.0149572649572647,0.676021985478121,88,0.0159362549800796,40,75,0.0,0.0,0.0,市场情绪强，板块情绪强
2026-07-27,301592.SZ,六九一二,chinext,93.1,0.014326179602353757,0.0,-0.0239043824701195,-0.0483491771440254,0.7851749732645006,88,0.0159362549800796,40,10,0.0,0.0,0.0,市场情绪强，板块情绪强
2026-07-27,603237.SH,五芳斋,main,13.25,0.0143241923807641,0.0,-0.0321402483564645,-0.0488155061019381,0.5060122362531458,88,0.0159362549800796,40,75,0.0,0.0,0.0,市场情绪强，板块情绪强
2026-07-27,601228.SH,广州港,main,3.05,0.014322404090145003,0.0,0.0032894736842103,0.0066006600660066,0.7391701944715634,88,0.0159362549800796,40,75,0.0,0.0,0.0,市场情绪强，板块情绪强
2026-07-27,603609.SH,禾丰股份,main,6.16,0.014320203428072296,0.0,-0.0159744408945686,-0.0595419847328243,0.5781119684193359,88,0.0159362549800796,40,75,0.0,0.0,0.0,市场情绪强，板块情绪强
2026-07-27,300607.SZ,拓斯达,chinext,27.92,0.014316656692522413,0.0,-0.0845901639344262,-0.1291328758577666,0.5912965401454661,88,0.0159362549800796,40,10,0.0,0.0,0.0,市场情绪强，板块情绪强
2026-07-27,603043.SH,广州酒家,main,12.89,0.014315745184624423,0.0,-0.0315552216378662,-0.0416356877323419,0.6678283607670286,88,0.0159362549800796,40,75,0.0,0.0,0.0,市场情绪强，板块情绪强
2026-07-27,601800.SH,中国交建,main,6.1,0.014312230499193558,0.0,-0.0192926045016077,0.0049423393739702,0.6389889980260065,88,0.0159362549800796,40,75,0.0,0.0,0.0,市场情绪强，板块情绪强
2026-07-27,601083.SH,锦江航运,main,10.64,0.014308713082861708,0.0,0.0,0.0172084130019121,0.8376168177001878,88,0.0159362549800796,40,75,0.0,0.0,0.0,市场情绪强，板块情绪强
2026-07-27,600820.SH,隧道股份,main,5.47,0.014302926893529674,0.0,-0.0179533213644524,-0.0126353790613719,0.8867442779856727,88,0.0159362549800796,40,75,0.0,0.0,0.0,市场情绪强，板块情绪强
2026-07-27,688350.SH,富淼科技,star,24.88,0.01428239371076911,0.0,0.0383973288814689,-0.028125,0.5462369094845491,88,0.0159362549800796,40,3,0.0,0.0,0.0,市场情绪强
2026-07-27,301096.SZ,百诚医药,chinext,38.4,0.014278188556579549,0.0,-0.0201582036233732,-0.076701130079346,0.3382717406105007,88,0.0159362549800796,40,10,0.0,0.0,0.0,市场情绪强，板块情绪强
2026-07-27,603639.SH,海利尔,main,10.1,0.014271483864469484,0.0,-0.0241545893719806,-0.0380952380952381,0.7665062369751154,88,0.0159362549800796,40,75,0.0,0.0,0.0,市场情绪强，板块情绪强
2026-07-27,300335.SZ,迪森股份,chinext,5.22,0.014264038804753791,0.0,0.0116279069767442,-0.0206378986866792,0.7103605691985828,88,0.0159362549800796,40,10,0.0,0.0,0.0,市场情绪强，板块情绪强
2026-07-27,300816.SZ,艾可蓝,chinext,46.87,0.014263309388607072,0.0,-0.0048832271762209,-0.022319566124322,0.5564378858248351,88,0.0159362549800796,40,10,0.0,0.0,0.0,市场情绪强，板块情绪强
2026-07-27,601128.SH,常熟银行,main,6.23,0.014262606089907509,0.0,0.0032206119162641,0.0,0.7024169805921378,88,0.0159362549800796,40,75,0.0,0.0,0.0,市场情绪强，板块情绪强
2026-07-27,600958.SH,XD东方证,main,8.86,0.014259580299593268,0.0,-0.0285087719298245,-0.0295728368017526,1.1013589233145864,88,0.0159362549800796,40,75,0.0,0.0,0.0,市场情绪强，板块情绪强
2026-07-27,300149.SZ,睿智医药,chinext,8.55,0.014259470780438507,0.0,-0.1221765913757699,-0.1149068322981365,0.906280423612349,88,0.0159362549800796,40,10,0.0,0.0,0.0,市场情绪强，板块情绪强
2026-07-27,000915.SZ,华特达因,main,24.73,0.014253650616467255,0.0,-0.0194290245836636,-0.0282907662082514,0.8531086392361252,88,0.0159362549800796,40,75,0.0,0.0,0.0,市场情绪强，板块情绪强
2026-07-27,002697.SZ,红旗连锁,main,4.42,0.014245614898439996,0.0,-0.0328227571115974,-0.0432900432900433,0.717318176746126,88,0.0159362549800796,40,75,0.0,0.0,0.0,市场情绪强，板块情绪强
2026-07-27,300456.SZ,赛微电子,chinext,28.7,0.014244355713912134,0.0,-0.057161629434954,-0.0391697355205892,0.6121482162963555,88,0.0159362549800796,40,10,0.0,0.0,0.0,市场情绪强，板块情绪强
2026-07-27,002889.SZ,东方嘉盛,main,10.92,0.014240493176748999,0.0,-0.037885462555066,-0.0730050933786077,0.692519522386741,88,0.0159362549800796,40,75,0.0,0.0,0.0,市场情绪强，板块情绪强
2026-07-27,002120.SZ,韵达股份,main,6.58,0.014223864120494503,0.0,-0.0149700598802394,0.0045801526717557,0.6832595499742171,88,0.0159362549800796,40,75,0.0,0.0,0.0,市场情绪强，板块情绪强
2026-07-27,300322.SZ,硕贝德,chinext,16.88,0.014212172029941208,0.0,-0.0506186726659169,-0.0457885811192765,0.6071232852115159,88,0.0159362549800796,40,10,0.0,0.0,0.0,市场情绪强，板块情绪强
2026-07-27,003000.SZ,劲仔食品,main,9.92,0.01420256455996091,0.0,0.002020202020202,-0.0368932038834952,0.4653167679591865,88,0.0159362549800796,40,75,0.0,0.0,0.0,市场情绪强，板块情绪强
2026-07-27,002939.SZ,长城证券,main,8.12,0.014193836309217939,0.0,-0.026378896882494,-0.0073349633251834,0.5893049334871869,88,0.0159362549800796,40,75,0.0,0.0,0.0,市场情绪强，板块情绪强
2026-07-27,600017.SH,日照港,main,2.7,0.014186791987783018,0.0,-0.0036900369003689,0.0,0.6845344599199256,88,0.0159362549800796,40,75,0.0,0.0,0.0,市场情绪强，板块情绪强
2026-07-27,601818.SH,光大银行,main,3.15,0.01417815586176064,0.0,0.0096153846153845,0.0063897763578275,0.7164914565908473,88,0.0159362549800796,40,75,0.0,0.0,0.0,市场情绪强，板块情绪强
2026-07-27,600020.SH,中原高速,main,3.73,0.014175763812940041,0.0,-0.0106100795755967,-0.0336787564766839,0.6739688048977173,88,0.0159362549800796,40,75,0.0,0.0,0.0,市场情绪强，板块情绪强
2026-07-27,603027.SH,千禾味业,main,7.06,0.014167740064964225,0.0,-0.0394557823129251,-0.0328767123287671,0.6423656019531172,88,0.0159362549800796,40,75,0.0,0.0,0.0,市场情绪强，板块情绪强
2026-07-27,300849.SZ,锦盛新材,chinext,17.38,0.014161315318720783,0.0,-0.0252383623107121,-0.0886208704771893,0.5099775954070253,88,0.0159362549800796,40,10,0.0,0.0,0.0,市场情绪强，板块情绪强
2026-07-27,601188.SH,龙江交通,main,2.79,0.014143447665800859,0.0,-0.0106382978723403,-0.0379310344827585,0.6381368827918608,88,0.0159362549800796,40,75,0.0,0.0,0.0,市场情绪强，板块情绪强
2026-07-27,002867.SZ,周大生,main,12.09,0.014142272920160938,0.0,-0.0186688311688312,-0.0008264462809917,0.6522769806902295,88,0.0159362549800796,40,75,0.0,0.0,0.0,市场情绪强，板块情绪强
2026-07-27,688718.SH,唯赛勃,star,11.63,0.01414106000853317,0.0,0.0166083916083916,-0.0673616680032076,0.6440266436526177,88,0.0159362549800796,40,3,0.0,0.0,0.0,市场情绪强
2026-07-27,301550.SZ,斯菱智驱,chinext,71.57,0.0141367009495538,0.0,-0.0651776384535006,-0.025462962962963,0.8077042634420042,88,0.0159362549800796,40,10,0.0,0.0,0.0,市场情绪强，板块情绪强
2026-07-27,603868.SH,飞科电器,main,29.05,0.014133573962034574,0.0,-0.0434639446822522,-0.0406208718626156,0.7462288748418763,88,0.0159362549800796,40,75,0.0,0.0,0.0,市场情绪强，板块情绪强
2026-07-27,601788.SH,光大证券,main,14.39,0.014128202663324008,0.0,-0.037458193979933,-0.0150581793292264,1.1037768982879377,88,0.0159362549800796,40,75,0.0,0.0,0.0,市场情绪强，板块情绪强
2026-07-27,603357.SH,设计总院,main,5.68,0.01412662694923478,0.0,-0.0206896551724138,-0.0372881355932204,0.7049526658873773,88,0.0159362549800796,40,75,0.0,0.0,0.0,市场情绪强，板块情绪强
2026-07-27,300769.SZ,德方纳米,chinext,42.16,0.014114724464972637,0.0,-0.0054258079735787,-0.0296892980437285,0.6922149913610198,88,0.0159362549800796,40,10,0.0,0.0,0.0,市场情绪强，板块情绪强
2026-07-27,300657.SZ,弘信电子,chinext,31.8,0.014107263862866492,0.0,-0.0413023816701839,-0.0245398773006134,0.6788268970548361,88,0.0159362549800796,40,10,0.0,0.0,0.0,市场情绪强，板块情绪强
2026-07-27,300165.SZ,天瑞仪器,chinext,4.55,0.014107002075883321,0.0,0.0201793721973093,-0.0360169491525423,0.6464848502365537,88,0.0159362549800796,40,10,0.0,0.0,0.0,市场情绪强，板块情绪强
2026-07-27,300768.SZ,迪普科技,chinext,15.78,0.014098917533696801,0.0,-0.0366300366300366,0.0562248995983936,0.687288266487068,88,0.0159362549800796,40,10,0.0,0.0,0.0,市场情绪强，板块情绪强
2026-07-27,000513.SZ,丽珠集团,main,29.96,0.014096840153460629,0.0,-0.0301068306895435,-0.0205949656750571,0.7747131134648687,88,0.0159362549800796,40,75,0.0,0.0,0.0,市场情绪强，板块情绪强
2026-07-27,600305.SH,恒顺醋业,main,6.62,0.014095126459187248,0.0,-0.0119402985074626,-0.023598820058997,0.5748060287869614,88,0.0159362549800796,40,75,0.0,0.0,0.0,市场情绪强，板块情绪强
2026-07-27,301529.SZ,福赛科技,chinext,75.35,0.014093620843796577,0.0,-0.0892058503565818,-0.1571588366890381,0.652071571386956,88,0.0159362549800796,40,10,0.0,0.0,0.0,市场情绪强，板块情绪强
2026-07-27,301571.SZ,国科天成,chinext,62.27,0.014088743411814866,0.0,-0.0068580542264752,0.0532814614343708,0.8016015136218183,88,0.0159362549800796,40,10,0.0,0.0,0.0,市场情绪强，板块情绪强
2026-07-27,300969.SZ,恒帅股份,chinext,71.53,0.014088547496107332,0.0,-0.1114285714285714,-0.1092154420921543,1.003932382522804,88,0.0159362549800796,40,10,0.0,0.0,0.0,市场情绪强，板块情绪强
2026-07-27,000028.SZ,国药一致,main,20.16,0.014080474221940203,0.0,-0.026086956521739,-0.0298363811357074,0.6867716396075596,88,0.0159362549800796,40,75,0.0,0.0,0.0,市场情绪强，板块情绪强
2026-07-27,603987.SH,康德莱,main,7.03,0.014077201921687214,0.0,-0.0208913649025068,-0.0409276944065484,0.7381732379631185,88,0.0159362549800796,40,75,0.0,0.0,0.0,市场情绪强，板块情绪强
2026-07-27,688253.SH,英诺特,star,54.75,0.014070171707810799,0.0,0.0408745247148287,0.0947810437912417,0.6904941227699012,88,0.0159362549800796,40,3,0.0,0.0,0.0,市场情绪强
2026-07-27,605009.SH,豪悦护理,main,22.72,0.014056626897958363,0.0,-0.0381033022861981,-0.0485762144053601,0.8391172797058106,88,0.0159362549800796,40,75,0.0,0.0,0.0,市场情绪强，板块情绪强
2026-07-27,002332.SZ,仙琚制药,main,8.2,0.01405508808380385,0.0,-0.029585798816568,-0.0442890442890443,0.7324119252978157,88,0.0159362549800796,40,75,0.0,0.0,0.0,市场情绪强，板块情绪强
2026-07-27,601186.SH,中国铁建,main,6.5,0.014029828596755353,0.0,0.0077519379844961,0.015625,0.7263871551333132,88,0.0159362549800796,40,75,0.0,0.0,0.0,市场情绪强，板块情绪强
2026-07-27,600511.SH,国药股份,main,27.09,0.014029509581276628,0.0,-0.0248380129589633,-0.0170537010159651,0.5716077561417782,88,0.0159362549800796,40,75,0.0,0.0,0.0,市场情绪强，板块情绪强
2026-07-27,601921.SH,浙版传媒,main,6.91,0.01400891311837611,0.0,-0.0240112994350282,-0.0212464589235126,0.7746750971304935,88,0.0159362549800796,40,75,0.0,0.0,0.0,市场情绪强，板块情绪强
2026-07-27,688377.SH,迪威尔,star,19.09,0.01400804341339582,0.0,-0.0057291666666666,-0.029979674796748,1.0066955850269874,88,0.0159362549800796,40,3,0.0,0.0,0.0,市场情绪强
2026-07-27,601099.SH,太平洋,main,3.33,0.014007129878769824,0.0,-0.0403458213256484,-0.0205882352941175,0.8503579355760923,88,0.0159362549800796,40,75,0.0,0.0,0.0,市场情绪强，板块情绪强
2026-07-27,300599.SZ,雄塑科技,chinext,8.75,0.014006901974617582,0.0,-0.0112994350282485,-0.1071428571428572,0.4422761157079987,88,0.0159362549800796,40,10,0.0,0.0,0.0,市场情绪强，板块情绪强
2026-07-27,300351.SZ,永贵电器,chinext,12.85,0.013999202853278771,0.0,0.0438667749796912,0.0558751027115858,0.8206694376613112,88,0.0159362549800796,40,10,0.0,0.0,0.0,市场情绪强，板块情绪强
2026-07-27,600033.SH,福建高速,main,3.52,0.013996128054348984,0.0,-0.0140056022408963,-0.0084507042253521,0.6583663437675329,88,0.0159362549800796,40,75,0.0,0.0,0.0,市场情绪强，板块情绪强
2026-07-27,600925.SH,苏能股份,main,4.32,0.013988507885502245,0.0,-0.0046082949308754,0.0,0.8172984369504387,88,0.0159362549800796,40,75,0.0,0.0,0.0,市场情绪强，板块情绪强
2026-07-27,002267.SZ,陕天然气,main,7.23,0.013984618836568697,0.0,0.0013850415512466,0.0097765363128492,0.5856676661895018,88,0.0159362549800796,40,75,0.0,0.0,0.0,市场情绪强，板块情绪强
2026-07-27,301269.SZ,华大九天,chinext,91.45,0.013974653288035306,0.0,-0.08449294223646,-0.062051282051282,0.5669109773557336,88,0.0159362549800796,40,10,0.0,0.0,0.0,市场情绪强，板块情绪强
2026-07-27,603035.SH,常熟汽饰,main,10.47,0.013969198653432775,0.0,-0.0269516728624534,-0.0367985280588775,0.6705554710938105,88,0.0159362549800796,40,75,0.0,0.0,0.0,市场情绪强，板块情绪强
2026-07-27,000589.SZ,贵州轮胎,main,4.23,0.013964996172598604,0.0,-0.0070422535211266,-0.0093676814988288,0.7152174054951406,88,0.0159362549800796,40,75,0.0,0.0,0.0,市场情绪强，板块情绪强
2026-07-27,688038.SH,中科通达,star,16.35,0.013961947886233351,0.0,0.0749506903353056,0.0030674846625766,0.7094351294441338,88,0.0159362549800796,40,3,0.0,0.0,0.0,短线动量强，市场情绪强
2026-07-27,300826.SZ,测绘股份,chinext,11.5,0.013960240112801102,0.0,0.0540788267644363,-0.0408673894912426,0.949385080980927,88,0.0159362549800796,40,10,0.0,0.0,0.0,短线动量强，市场情绪强，板块情绪强
2026-07-27,688062.SH,迈威生物,star,31.09,0.013953066173440058,0.0,-0.0486536107711138,0.0029032258064516,0.7202458930565196,88,0.0159362549800796,40,3,0.0,0.0,0.0,市场情绪强
2026-07-27,002736.SZ,国信证券,main,10.03,0.013945477003210315,0.0,-0.0262135922330097,-0.0069306930693069,0.8468008831948848,88,0.0159362549800796,40,75,0.0,0.0,0.0,市场情绪强，板块情绪强
2026-07-27,601169.SH,北京银行,main,5.06,0.013938203332762534,0.0,0.0059642147117295,0.0059642147117295,0.6181290822449035,88,0.0159362549800796,40,75,0.0,0.0,0.0,市场情绪强，板块情绪强
2026-07-27,600597.SH,光明乳业,main,6.55,0.013935809437487753,0.0,-0.0238450074515648,-0.0395894428152493,0.5852088456542487,88,0.0159362549800796,40,75,0.0,0.0,0.0,市场情绪强，板块情绪强
2026-07-27,301265.SZ,华新科技,chinext,19.21,0.013930972897678612,0.0,-0.0062079668908431,-0.0051786639047124,0.7252560012372162,88,0.0159362549800796,40,10,0.0,0.0,0.0,市场情绪强，板块情绪强
2026-07-27,000726.SZ,鲁 泰Ａ,main,5.76,0.013930651529812101,0.0,0.0,-0.0034602076124568,0.7902159497907302,88,0.0159362549800796,40,75,0.0,0.0,0.0,市场情绪强，板块情绪强
2026-07-27,601900.SH,南方传媒,main,11.2,0.013926491304239686,0.0,-0.0720795360397681,-0.0588235294117648,0.5644523640004943,88,0.0159362549800796,40,75,0.0,0.0,0.0,市场情绪强，板块情绪强
2026-07-27,000800.SZ,一汽解放,main,6.26,0.01392552404940465,0.0,-0.009493670886076,0.0080515297906602,0.6164428169384952,88,0.0159362549800796,40,75,0.0,0.0,0.0,市场情绪强，板块情绪强
2026-07-27,688199.SH,久日新材,star,20.21,0.013925065446342606,0.0,-0.0073673870333987,-0.0678044280442804,0.6188151356833487,88,0.0159362549800796,40,3,0.0,0.0,0.0,市场情绪强
2026-07-27,600729.SH,重百集团,main,19.76,0.013914573331320977,0.0,-0.0159362549800795,-0.0280373831775699,0.6063858957764345,88,0.0159362549800796,40,75,0.0,0.0,0.0,市场情绪强，板块情绪强
2026-07-27,601555.SH,东吴证券,main,7.91,0.013913508234497886,0.0,-0.0137157107231919,-0.0062814070351758,0.6365671710412648,88,0.0159362549800796,40,75,0.0,0.0,0.0,市场情绪强，板块情绪强
2026-07-27,600007.SH,中国国贸,main,18.86,0.013910952795899061,0.0,-0.0036978341257263,-0.0212765957446808,0.5829987665378398,88,0.0159362549800796,40,75,0.0,0.0,0.0,市场情绪强，板块情绪强
2026-07-27,600694.SH,大商股份,main,14.03,0.013908672455562262,0.0,-0.0188811188811189,-0.0403556771545827,0.7125450256329718,88,0.0159362549800796,40,75,0.0,0.0,0.0,市场情绪强，板块情绪强
2026-07-27,601008.SH,连云港,main,4.3,0.013905725885758332,0.0,-0.0023201856148491,-0.0069284064665127,0.758881981799429,88,0.0159362549800796,40,75,0.0,0.0,0.0,市场情绪强，板块情绪强
2026-07-27,300072.SZ,海新能科,chinext,3.41,0.01390177640300609,0.0,0.0557275541795665,0.0623052959501557,1.0774755917456862,88,0.0159362549800796,40,10,0.0,0.0,0.0,短线动量强，市场情绪强，板块情绪强
2026-07-27,300018.SZ,中元股份,chinext,11.08,0.013895294380387644,0.0,0.0118721461187214,-0.0314685314685314,1.018350505996113,88,0.0159362549800796,40,10,0.0,0.0,0.0,市场情绪强，板块情绪强
2026-07-27,002507.SZ,涪陵榨菜,main,11.36,0.013885107619401767,0.0,-0.0273972602739726,-0.0121739130434782,0.5309527509604021,88,0.0159362549800796,40,75,0.0,0.0,0.0,市场情绪强，板块情绪强
2026-07-27,300162.SZ,雷曼光电,chinext,6.89,0.013884223960813524,0.0,-0.0764075067024129,-0.0886243386243386,0.650069805616828,88,0.0159362549800796,40,10,0.0,0.0,0.0,市场情绪强，板块情绪强
2026-07-27,002061.SZ,浙江交科,main,3.5,0.013881892620705646,0.0,-0.0304709141274237,-0.0250696378830083,0.6956420712698967,88,0.0159362549800796,40,75,0.0,0.0,0.0,市场情绪强，板块情绪强
2026-07-27,000728.SZ,国元证券,main,7.19,0.01387356969610672,0.0,-0.0309973045822101,-0.0123626373626373,0.6685566420246295,88,0.0159362549800796,40,75,0.0,0.0,0.0,市场情绪强，板块情绪强
2026-07-27,300842.SZ,帝科股份,chinext,54.28,0.013846176896269475,0.0,-0.047719298245614,-0.0673539518900343,0.6748988946222984,88,0.0159362549800796,40,10,0.0,0.0,0.0,市场情绪强，板块情绪强
2026-07-27,301367.SZ,瑞迈特,chinext,46.86,0.01384246564586436,0.0,0.0053636558678396,0.0021385799828914,1.1729095646575811,88,0.0159362549800796,40,10,0.0,0.0,0.0,市场情绪强，板块情绪强
2026-07-27,688266.SH,泽璟制药,star,135.95,0.013836617770160434,0.0,-0.0371813031161473,0.0448850972254244,0.886853110950485,88,0.0159362549800796,40,3,0.0,0.0,0.0,市场情绪强
2026-07-27,301393.SZ,昊帆生物,chinext,57.85,0.013828748738599995,0.0,-0.00017283097131,-0.0367965367965368,0.7321736913083281,88,0.0159362549800796,40,10,0.0,0.0,0.0,市场情绪强，板块情绪强
2026-07-27,300762.SZ,上海瀚讯,chinext,27.45,0.013815727260950978,0.0,-0.0779308028216325,-0.0925619834710743,0.6674016070820188,88,0.0159362549800796,40,10,0.0,0.0,0.0,市场情绪强，板块情绪强
2026-07-27,603235.SH,天新药业,main,23.73,0.01381499237739184,0.0,-0.0515587529976019,-0.0173913043478259,0.4546810796317705,88,0.0159362549800796,40,75,0.0,0.0,0.0,市场情绪强，板块情绪强
2026-07-27,600221.SH,海航控股,main,1.33,0.013813247585043703,0.0,-0.0074626865671642,0.0075757575757575,0.7260409916560506,88,0.0159362549800796,40,75,0.0,0.0,0.0,市场情绪强，板块情绪强
2026-07-27,301276.SZ,嘉曼服饰,chinext,16.83,0.013811328360405998,0.0,-0.0146370023419203,-0.264423076923077,0.4468013041474096,88,0.0159362549800796,40,10,0.0,0.0,0.0,市场情绪强，板块情绪强
2026-07-27,603213.SH,镇洋发展,main,13.8,0.01379882852384247,0.0,0.0275502606105733,-0.0086206896551723,0.5482317877853207,88,0.0159362549800796,40,75,0.0,0.0,0.0,市场情绪强，板块情绪强
2026-07-27,300347.SZ,泰格医药,chinext,46.95,0.013790797174441271,0.0,-0.0643682742128337,-0.0422276621787025,0.9768320990737556,88,0.0159362549800796,40,10,0.0,0.0,0.0,市场情绪强，板块情绪强
2026-07-27,300465.SZ,高伟达,chinext,11.11,0.01379033961150627,0.0,0.0164684354986275,0.1132264529058115,0.7173590058390104,88,0.0159362549800796,40,10,0.0,0.0,0.0,市场情绪强，板块情绪强
2026-07-27,601375.SH,中原证券,main,4.04,0.013780585842563418,0.0,-0.0241545893719805,-0.0098039215686274,0.6872112812360697,88,0.0159362549800796,40,75,0.0,0.0,0.0,市场情绪强，板块情绪强
2026-07-27,301160.SZ,翔楼新材,chinext,35.54,0.013774076234241844,0.0,-0.1002531645569621,-0.0693898926420528,0.6083159285912887,88,0.0159362549800796,40,10,0.0,0.0,0.0,市场情绪强，板块情绪强
2026-07-27,600790.SH,轻纺城,main,3.07,0.01377146930043291,0.0,-0.0128617363344051,-0.0284810126582278,0.6436409204057465,88,0.0159362549800796,40,75,0.0,0.0,0.0,市场情绪强，板块情绪强
2026-07-27,601022.SH,宁波远洋,main,8.01,0.01376873348867562,0.0,0.0025031289111387,0.0075471698113207,0.7811245703434021,88,0.0159362549800796,40,75,0.0,0.0,0.0,市场情绪强，板块情绪强
2026-07-27,603128.SH,华贸物流,main,5.27,0.013757581737403065,0.0,-0.0037807183364839,-0.007532956685499,0.7100828128436498,88,0.0159362549800796,40,75,0.0,0.0,0.0,市场情绪强，板块情绪强
2026-07-27,300175.SZ,朗源股份,chinext,5.49,0.013754836619870071,0.0,0.0914512922465209,0.0680933852140079,0.9602647426643568,88,0.0159362549800796,40,10,0.0,0.0,0.0,短线动量强，市场情绪强，板块情绪强
2026-07-27,601005.SH,重庆钢铁,main,1.19,0.013753287570562973,0.0,0.0,0.0,0.5749790681442395,88,0.0159362549800796,40,75,0.0,0.0,0.0,市场情绪强，板块情绪强
2026-07-27,601163.SH,三角轮胎,main,12.51,0.013747248928963741,0.0,-0.0087163232963549,0.0032076984763431,0.4501323768786077,88,0.0159362549800796,40,75,0.0,0.0,0.0,市场情绪强，板块情绪强
2026-07-27,002033.SZ,丽江股份,main,8.24,0.0137443890830872,0.0,-0.0072289156626507,-0.0036275695284159,0.8744663421197104,88,0.0159362549800796,40,75,0.0,0.0,0.0,市场情绪强，板块情绪强
2026-07-27,600648.SH,外高桥,main,8.41,0.013732600317738557,0.0,-0.0082547169811321,-0.016374269005848,0.8011455307598396,88,0.0159362549800796,40,75,0.0,0.0,0.0,市场情绪强，板块情绪强
2026-07-27,600059.SH,古越龙山,main,7.69,0.013729933588607485,0.0,-0.0153649167733673,-0.0166240409207161,0.5851942853837896,88,0.0159362549800796,40,75,0.0,0.0,0.0,市场情绪强，板块情绪强
2026-07-27,300600.SZ,国瑞科技,chinext,8.95,0.013727291291737085,0.0,0.0467836257309939,0.010158013544018,1.4907233883569295,88,0.0159362549800796,40,10,0.0,0.0,0.0,市场情绪强，板块情绪强
2026-07-27,600704.SH,物产中大,main,4.87,0.013704949651743306,0.0,-0.0201207243460763,0.0041237113402061,0.629150636396953,88,0.0159362549800796,40,75,0.0,0.0,0.0,市场情绪强，板块情绪强
2026-07-27,002959.SZ,小熊电器,main,31.94,0.013693361053835906,0.0,-0.0321212121212121,-0.0522255192878339,0.7433759719856561,88,0.0159362549800796,40,75,0.0,0.0,0.0,市场情绪强，板块情绪强
2026-07-27,300894.SZ,火星人,chinext,8.86,0.013682905253293135,0.0,-0.0033745781777279,-0.0847107438016528,0.8478177157076032,88,0.0159362549800796,40,10,0.0,0.0,0.0,市场情绪强，板块情绪强
2026-07-27,002060.SZ,广东建工,main,3.19,0.013676529958833356,0.0,-0.0123839009287926,-0.0184615384615385,0.6714851342032178,88,0.0159362549800796,40,75,0.0,0.0,0.0,市场情绪强，板块情绪强
2026-07-27,000498.SZ,山东路桥,main,4.93,0.013673493510162667,0.0,-0.0120240480961925,-0.0218253968253968,0.6613537973666118,88,0.0159362549800796,40,75,0.0,0.0,0.0,市场情绪强，板块情绪强
2026-07-27,000089.SZ,深圳机场,main,6.54,0.013670206744912218,0.0,-0.018018018018018,-0.007587253414264,0.5394561214303671,88,0.0159362549800796,40,75,0.0,0.0,0.0,市场情绪强，板块情绪强
2026-07-27,688069.SH,德林海,star,34.6,0.013668021509283965,0.0,0.0393511565034545,0.0907944514501892,0.4845747000618121,88,0.0159362549800796,40,3,0.0,0.0,0.0,市场情绪强
2026-07-27,600874.SH,创业环保,main,5.47,0.013667306701302345,0.0,0.003669724770642,0.0,0.6690880174408734,88,0.0159362549800796,40,75,0.0,0.0,0.0,市场情绪强，板块情绪强
2026-07-27,688665.SH,四方光电,star,42.4,0.013665645880995834,0.0,-0.0656676950198326,-0.022365690569518,0.3864846877006508,88,0.0159362549800796,40,3,0.0,0.0,0.0,市场情绪强
2026-07-27,000885.SZ,城发环境,main,12.52,0.013643834369318064,0.0,-0.002390438247012,0.0137651821862347,0.7093185032346704,88,0.0159362549800796,40,75,0.0,0.0,0.0,市场情绪强，板块情绪强
2026-07-27,002884.SZ,凌霄泵业,main,16.09,0.013634567391549111,0.0,0.0056249999999999,0.0031172069825435,0.5920402597090271,88,0.0159362549800796,40,75,0.0,0.0,0.0,市场情绪强，板块情绪强
2026-07-27,600817.SH,宇通重工,main,8.85,0.013624867662269178,0.0,-0.0155728587319243,-0.0317286652078775,0.6077864470142914,88,0.0159362549800796,40,75,0.0,0.0,0.0,市场情绪强，板块情绪强
2026-07-27,300135.SZ,宝利国际,chinext,3.07,0.013603659132374126,0.0,-0.0640243902439023,0.0032679738562091,0.7414626295185418,88,0.0159362549800796,40,10,0.0,0.0,0.0,市场情绪强，板块情绪强
2026-07-27,688331.SH,荣昌生物,star,119.0,0.01360087919766304,0.0,-0.0677634155895026,0.0257736402034307,0.7634654695829388,88,0.0159362549800796,40,3,0.0,0.0,0.0,市场情绪强
2026-07-27,601236.SH,红塔证券,main,6.91,0.013592178350372729,0.0,-0.0294943820224719,-0.0156695156695155,0.6176925179515764,88,0.0159362549800796,40,75,0.0,0.0,0.0,市场情绪强，板块情绪强
2026-07-27,301358.SZ,湖南裕能,chinext,63.92,0.013584686433094491,0.0,0.026662383552843,0.0748276441903481,0.9624470402243572,88,0.0159362549800796,40,10,0.0,0.0,0.0,市场情绪强，板块情绪强
2026-07-27,301178.SZ,天亿马,chinext,29.05,0.013582161079678393,0.0,-0.0574302401038286,-0.1276276276276275,0.5030104756754494,88,0.0159362549800796,40,10,0.0,0.0,0.0,市场情绪强，板块情绪强
2026-07-27,600834.SH,申通地铁,main,6.81,0.013581237344847046,0.0,-0.0130434782608697,-0.0340425531914894,0.5639843106429531,88,0.0159362549800796,40,75,0.0,0.0,0.0,市场情绪强，板块情绪强
2026-07-27,000541.SZ,佛山照明,main,4.8,0.013577841279248626,0.0,-0.0263691683569979,-0.0224032586558045,0.7704752367118985,88,0.0159362549800796,40,75,0.0,0.0,0.0,市场情绪强，板块情绪强
2026-07-27,301246.SZ,宏源药业,chinext,18.5,0.01357716843110007,0.0,-0.0005402485143166,-0.0409538621047174,1.0629262088628504,88,0.0159362549800796,40,10,0.0,0.0,0.0,市场情绪强，板块情绪强
2026-07-27,300585.SZ,奥联电子,chinext,12.18,0.013575908509969262,0.0,0.0201005025125629,-0.0558139534883721,0.779797247634951,88,0.0159362549800796,40,10,0.0,0.0,0.0,市场情绪强，板块情绪强
2026-07-27,300727.SZ,润禾材料,chinext,26.18,0.013573751368908427,0.0,-0.0157894736842105,-0.0038051750380517,0.951256052318904,88,0.0159362549800796,40,10,0.0,0.0,0.0,市场情绪强，板块情绪强
2026-07-27,688226.SH,威腾电气,star,28.08,0.013569160383484187,0.0,-0.0260145681581686,-0.0474898236092267,0.636216502689426,88,0.0159362549800796,40,3,0.0,0.0,0.0,市场情绪强
2026-07-27,601018.SH,宁波港,main,3.4,0.013568658553652581,0.0,0.0029498525073745,-0.0058479532163743,0.6369935678818791,88,0.0159362549800796,40,75,0.0,0.0,0.0,市场情绪强，板块情绪强
2026-07-27,600479.SH,千金药业,main,9.35,0.013538959310145461,0.0,-0.0380658436213993,-0.0536437246963563,0.7701271808517295,88,0.0159362549800796,40,75,0.0,0.0,0.0,市场情绪强，板块情绪强
2026-07-27,688480.SH,赛恩斯,star,69.5,0.013532626701339109,0.0,0.014894859813084,0.0244693396226414,0.6053786942257645,88,0.0159362549800796,40,3,0.0,0.0,0.0,市场情绪强
2026-07-27,300257.SZ,开山股份,chinext,19.0,0.013527631271002417,0.0,-0.0575396825396825,-0.0763247447739426,0.5954692299860255,88,0.0159362549800796,40,10,0.0,0.0,0.0,市场情绪强，板块情绪强
2026-07-27,688657.SH,浩辰软件,star,26.78,0.013524886343763039,0.0,-0.0254730713245996,-0.1631249999999999,0.603633269627851,88,0.0159362549800796,40,3,0.0,0.0,0.0,市场情绪强
2026-07-27,603199.SH,九华旅游,main,30.78,0.013502390168409092,0.0,-0.0213036565977742,-0.0332914572864321,0.9704209794215112,88,0.0159362549800796,40,75,0.0,0.0,0.0,市场情绪强，板块情绪强
2026-07-27,300249.SZ,依米康,chinext,12.09,0.013496273450288723,0.0,-0.0664092664092663,-0.0909774436090226,0.5212798247020818,88,0.0159362549800796,40,10,0.0,0.0,0.0,市场情绪强，板块情绪强
2026-07-27,000544.SZ,中原环保,main,7.15,0.013478456519868481,0.0,-0.0205479452054794,-0.0324763193504735,0.9197161550725635,88,0.0159362549800796,40,75,0.0,0.0,0.0,市场情绪强，板块情绪强
2026-07-27,688499.SH,利元亨,star,32.62,0.013466747132327036,0.0,-0.0340538939887475,-0.0189473684210527,0.7558033001588099,88,0.0159362549800796,40,3,0.0,0.0,0.0,市场情绪强
2026-07-27,600125.SH,铁龙物流,main,5.41,0.01346518543404786,0.0,-0.005514705882353,-0.005514705882353,0.7562874841579663,88,0.0159362549800796,40,75,0.0,0.0,0.0,市场情绪强，板块情绪强
2026-07-27,002673.SZ,西部证券,main,6.52,0.013460878798135486,0.0,-0.0268656716417911,-0.0136157337367626,0.7204989169774992,88,0.0159362549800796,40,75,0.0,0.0,0.0,市场情绪强，板块情绪强
2026-07-27,603053.SH,成都燃气,main,8.65,0.013458659359706445,0.0,-0.0034562211981565,-0.0057471264367814,0.6014577968120925,88,0.0159362549800796,40,75,0.0,0.0,0.0,市场情绪强，板块情绪强
2026-07-27,301098.SZ,金埔园林,chinext,6.68,0.013458150469237455,0.0,0.0198473282442748,-0.0538243626062322,0.5930074970223166,88,0.0159362549800796,40,10,0.0,0.0,0.0,市场情绪强，板块情绪强
2026-07-27,600300.SH,维维股份,main,3.01,0.013453860140480998,0.0,-0.0227272727272728,-0.0290322580645162,0.734760543033442,88,0.0159362549800796,40,75,0.0,0.0,0.0,市场情绪强，板块情绪强
2026-07-27,002275.SZ,桂林三金,main,12.85,0.013449784632960793,0.0,-0.030920060331825,-0.041044776119403,0.6481530643233583,88,0.0159362549800796,40,75,0.0,0.0,0.0,市场情绪强，板块情绪强
2026-07-27,300940.SZ,南极光,chinext,12.88,0.013441523821309542,0.0,0.0420711974110032,0.0437601296596434,1.7900541822459135,88,0.0159362549800796,40,10,0.0,0.0,0.0,成交量放大，市场情绪强，板块情绪强
2026-07-27,688227.SH,品高股份,star,72.6,0.013440076551101039,0.0,-0.0598290598290598,-0.0343176376695931,0.6441217031649048,88,0.0159362549800796,40,3,0.0,0.0,0.0,市场情绪强
2026-07-27,603551.SH,奥普科技,main,8.92,0.013421912811218979,0.0,-0.0240700218818381,-0.0408602150537634,0.6171741375215042,88,0.0159362549800796,40,75,0.0,0.0,0.0,市场情绪强，板块情绪强
2026-07-27,002926.SZ,华西证券,main,8.44,0.013413794505732693,0.0,-0.0265282583621684,0.0,0.6140626709456024,88,0.0159362549800796,40,75,0.0,0.0,0.0,市场情绪强，板块情绪强
2026-07-27,301172.SZ,君逸数码,chinext,20.19,0.013407399294694899,0.0,-0.0246376811594202,-0.0700138185168125,0.5466017202172421,88,0.0159362549800796,40,10,0.0,0.0,0.0,市场情绪强，板块情绪强
2026-07-27,300342.SZ,天银机电,chinext,31.36,0.013404262713705194,0.0,-0.0242688238954573,-0.0473876063183476,0.6031158788776779,88,0.0159362549800796,40,10,0.0,0.0,0.0,市场情绪强，板块情绪强
2026-07-27,600639.SH,浦东金桥,main,9.07,0.013388650328721883,0.0,-0.0226293103448275,-0.0309829059829058,0.667023899224663,88,0.0159362549800796,40,75,0.0,0.0,0.0,市场情绪强，板块情绪强
2026-07-27,002818.SZ,富森美,main,10.5,0.013359577500966082,0.0,-0.0103675777568331,-0.0112994350282484,0.7035174572891256,88,0.0159362549800796,40,75,0.0,0.0,0.0,市场情绪强，板块情绪强
2026-07-27,300461.SZ,田中精机,chinext,28.4,0.013357582181688017,0.0,-0.0179806362378978,-0.0277302293735023,0.6039548581485195,88,0.0159362549800796,40,10,0.0,0.0,0.0,市场情绪强，板块情绪强
2026-07-27,601518.SH,吉林高速,main,2.73,0.013353571417191018,0.0,-0.0036496350364964,-0.021505376344086,0.6120393743819214,88,0.0159362549800796,40,75,0.0,0.0,0.0,市场情绪强，板块情绪强
2026-07-27,300853.SZ,申昊科技,chinext,21.0,0.013344017984758197,0.0,-0.0432801822323462,-0.0817665063401836,0.6014331174840206,88,0.0159362549800796,40,10,0.0,0.0,0.0,市场情绪强，板块情绪强
2026-07-27,300790.SZ,宇瞳光学,chinext,15.89,0.013341986584895053,0.0,-0.0552913198573127,-0.0707602339181286,0.5698746528316142,88,0.0159362549800796,40,10,0.0,0.0,0.0,市场情绪强，板块情绪强
2026-07-27,300965.SZ,恒宇信通,chinext,37.1,0.013339228998778888,0.0,0.0331384015594542,-0.0066934404283801,0.869150055560108,88,0.0159362549800796,40,10,0.0,0.0,0.0,市场情绪强，板块情绪强
2026-07-27,301286.SZ,侨源股份,chinext,37.7,0.013335863969901126,0.0,-0.0125720272393923,-0.0591464936361366,0.5784410053046463,88,0.0159362549800796,40,10,0.0,0.0,0.0,市场情绪强，板块情绪强
2026-07-27,600182.SH,S佳通,main,12.63,0.013316614386407239,0.0,-0.0201706749418153,-0.0284615384615384,0.6143524284408678,88,0.0159362549800796,40,75,0.0,0.0,0.0,市场情绪强，板块情绪强
2026-07-27,601059.SH,信达证券,main,16.45,0.01331200617332638,0.0,-0.0114182692307692,-0.0036341611144762,0.5922546210399346,88,0.0159362549800796,40,75,0.0,0.0,0.0,市场情绪强，板块情绪强
2026-07-27,688717.SH,艾罗能源,star,56.08,0.013311719826424623,0.0,-0.0121543068522107,-0.0289177489177488,1.1598922107867466,88,0.0159362549800796,40,3,0.0,0.0,0.0,市场情绪强
2026-07-27,600548.SH,深高速,main,8.45,0.013310487032463373,0.0,-0.0128504672897197,-0.0011820330969268,0.5403869071077386,88,0.0159362549800796,40,75,0.0,0.0,0.0,市场情绪强，板块情绪强
2026-07-27,300554.SZ,三超新材,chinext,18.14,0.013291942853104007,0.0,0.0033185840707965,-0.0273458445040213,0.6625381147294492,88,0.0159362549800796,40,10,0.0,0.0,0.0,市场情绪强，板块情绪强
2026-07-27,002059.SZ,云南旅游,main,4.18,0.013282245639321058,0.0,-0.0118203309692672,-0.0233644859813085,0.8292421937175718,88,0.0159362549800796,40,75,0.0,0.0,0.0,市场情绪强，板块情绪强
2026-07-27,600197.SH,伊力特,main,10.03,0.013276947420878255,0.0,-0.0098716683119448,-0.0176297747306564,0.7808907381583527,88,0.0159362549800796,40,75,0.0,0.0,0.0,市场情绪强，板块情绪强
2026-07-27,301397.SZ,溯联股份,chinext,26.35,0.013268218417234178,0.0,0.0698335363377995,0.0816912972085386,1.049473810850965,88,0.0159362549800796,40,10,0.0,0.0,0.0,短线动量强，市场情绪强，板块情绪强
2026-07-27,600897.SH,厦门空港,main,14.45,0.013256381963650107,0.0,-0.0048209366391184,0.0020804438280166,0.5709937192627779,88,0.0159362549800796,40,75,0.0,0.0,0.0,市场情绪强，板块情绪强
2026-07-27,600755.SH,厦门国贸,main,5.71,0.013253142424097721,0.0,-0.0205831903945111,-0.0338409475465313,0.5506546820578043,88,0.0159362549800796,40,75,0.0,0.0,0.0,市场情绪强，板块情绪强
2026-07-27,600528.SH,中铁工业,main,7.02,0.013239918870065046,0.0,-0.0084745762711865,-0.0014224751066856,0.6613198268267068,88,0.0159362549800796,40,75,0.0,0.0,0.0,市场情绪强，板块情绪强
2026-07-27,688030.SH,山石网科,star,14.05,0.013236191108566709,0.0,-0.0174825174825175,-0.01056338028169,0.6610809400726235,88,0.0159362549800796,40,3,0.0,0.0,0.0,市场情绪强
2026-07-27,300710.SZ,万隆光电,chinext,25.64,0.01323133318913688,0.0,-0.0157389635316699,0.0198886237072395,0.7884083153872314,88,0.0159362549800796,40,10,0.0,0.0,0.0,市场情绪强，板块情绪强
2026-07-27,300401.SZ,花园生物,chinext,12.04,0.013211381096837446,0.0,-0.0452022204599524,-0.1319394376351839,0.7654644755634626,88,0.0159362549800796,40,10,0.0,0.0,0.0,市场情绪强，板块情绪强
2026-07-27,301391.SZ,卡莱特,chinext,44.18,0.013210503725600366,0.0,-0.0242932862190813,-0.0245087215720909,0.7240513188333478,88,0.0159362549800796,40,10,0.0,0.0,0.0,市场情绪强，板块情绪强
2026-07-27,301303.SZ,真兰仪表,chinext,12.95,0.013209047207118647,0.0,0.0077821011673151,-0.0270473328324568,0.6321670097030285,88,0.0159362549800796,40,10,0.0,0.0,0.0,市场情绪强，板块情绪强
2026-07-27,601686.SH,友发集团,main,5.0,0.013208138023574026,0.0,-0.0196078431372548,-0.027237354085603,1.0532403195574769,88,0.0159362549800796,40,75,0.0,0.0,0.0,市场情绪强，板块情绪强
2026-07-27,688011.SH,新光光电,star,62.21,0.013203241334390228,0.0,0.0749956799723519,0.1180805176132278,0.7424451722503227,88,0.0159362549800796,40,3,0.0,0.0,0.0,短线动量强，市场情绪强
2026-07-27,603418.SH,友升股份,main,42.66,0.013195030436796205,0.0,-0.0246913580246914,-0.0104384133611691,0.6661468957427463,88,0.0159362549800796,40,75,0.0,0.0,0.0,市场情绪强，板块情绪强
2026-07-27,002327.SZ,富安娜,main,6.25,0.013189499825071753,0.0,-0.0157480314960629,-0.0310077519379845,0.8101459546160916,88,0.0159362549800796,40,75,0.0,0.0,0.0,市场情绪强，板块情绪强
2026-07-27,000828.SZ,东莞控股,main,9.81,0.013176128538359765,0.0,-0.0110887096774192,-0.0020345879959308,0.7649281643707297,88,0.0159362549800796,40,75,0.0,0.0,0.0,市场情绪强，板块情绪强
2026-07-27,000869.SZ,张 裕Ａ,main,16.65,0.013168850156116964,0.0,-0.0319767441860465,-0.0101070154577884,0.5870531848417562,88,0.0159362549800796,40,75,0.0,0.0,0.0,市场情绪强，板块情绪强
2026-07-27,301552.SZ,科力装备,chinext,22.16,0.013140855068126692,0.0,0.076773566569485,0.0193192272309108,2.1992896848990364,88,0.0159362549800796,40,10,0.0,0.0,0.0,成交量放大，短线动量强，市场情绪强，板块情绪强
2026-07-27,600369.SH,西南证券,main,4.06,0.013126183835901091,0.0,-0.0145631067961166,-0.0049019607843138,0.6047611999723058,88,0.0159362549800796,40,75,0.0,0.0,0.0,市场情绪强，板块情绪强
2026-07-27,000088.SZ,盐 田 港,main,4.33,0.01312237652762955,0.0,-0.0045977011494251,0.0023148148148146,0.6004275242281061,88,0.0159362549800796,40,75,0.0,0.0,0.0,市场情绪强，板块情绪强
2026-07-27,601607.SH,上海医药,main,16.38,0.013118353837404605,0.0,-0.0156250000000001,-0.0138470800722456,0.5586484828696104,88,0.0159362549800796,40,75,0.0,0.0,0.0,市场情绪强，板块情绪强
2026-07-27,600861.SH,北京人力,main,12.66,0.01311528373515084,0.0,-0.0147859922178987,-0.0193648334624322,0.6090428919708332,88,0.0159362549800796,40,75,0.0,0.0,0.0,市场情绪强，板块情绪强
2026-07-27,300782.SZ,卓胜微,chinext,71.0,0.013107967920615929,0.0,-0.0625825191444414,-0.0793568464730291,0.5929427444711757,88,0.0159362549800796,40,10,0.0,0.0,0.0,市场情绪强，板块情绪强
2026-07-27,300920.SZ,润阳科技,chinext,27.4,0.013098485586721597,0.0,-0.0743243243243244,-0.1501240694789083,0.7480032299477698,88,0.0159362549800796,40,10,0.0,0.0,0.0,市场情绪强，板块情绪强
2026-07-27,600917.SH,重庆燃气,main,4.75,0.013095708241873345,0.0,-0.0104166666666666,-0.026639344262295,0.7623636943245848,88,0.0159362549800796,40,75,0.0,0.0,0.0,市场情绪强，板块情绪强
2026-07-27,688176.SH,亚虹医药,star,12.58,0.013080796431525718,0.0,-0.0790629575402636,-0.0345356868764389,0.7606163163179155,88,0.0159362549800796,40,3,0.0,0.0,0.0,市场情绪强
2026-07-27,000750.SZ,国海证券,main,3.76,0.013058350145678601,0.0,-0.0284237726098192,-0.0131233595800526,0.6559113641722362,88,0.0159362549800796,40,75,0.0,0.0,0.0,市场情绪强，板块情绪强
2026-07-27,002500.SZ,山西证券,main,5.27,0.013054943251423234,0.0,-0.0240740740740742,-0.0112570356472796,0.6205562424855859,88,0.0159362549800796,40,75,0.0,0.0,0.0,市场情绪强，板块情绪强
2026-07-27,300899.SZ,上海凯鑫,chinext,24.6,0.013046692050906174,0.0,0.0161090458488228,-0.0409356725146198,0.7650439689226325,88,0.0159362549800796,40,10,0.0,0.0,0.0,市场情绪强，板块情绪强
2026-07-27,300558.SZ,贝达药业,chinext,58.32,0.013012259471519332,0.0,-0.0357142857142857,0.0070799516491106,0.6401050179731784,88,0.0159362549800796,40,10,0.0,0.0,0.0,市场情绪强，板块情绪强
2026-07-27,301439.SZ,泓淋电力,chinext,14.14,0.013006446131281374,0.0,0.0560119492158326,0.0520833333333334,1.3213692167208526,88,0.0159362549800796,40,10,0.0,0.0,0.0,短线动量强，市场情绪强，板块情绪强
2026-07-27,000900.SZ,现代投资,main,3.67,0.012977267296925214,0.0,-0.0107816711590296,-0.0213333333333333,0.6715622154397393,88,0.0159362549800796,40,75,0.0,0.0,0.0,市场情绪强，板块情绪强
2026-07-27,603408.SH,建霖家居,main,9.65,0.012971933850661277,0.0,-0.0203045685279187,-0.0301507537688441,0.7836954191381404,88,0.0159362549800796,40,75,0.0,0.0,0.0,市场情绪强，板块情绪强
2026-07-27,601377.SH,兴业证券,main,6.08,0.012968667765535846,0.0,-0.0161812297734627,-0.0065359477124182,0.8049586847079987,88,0.0159362549800796,40,75,0.0,0.0,0.0,市场情绪强，板块情绪强
2026-07-27,300528.SZ,幸福蓝海,chinext,13.28,0.012962716937178646,0.0,-0.1069266980497646,-0.1694809255784866,0.8066036806404863,88,0.0159362549800796,40,10,0.0,0.0,0.0,市场情绪强，板块情绪强
2026-07-27,300619.SZ,金银河,chinext,23.11,0.01293978626366888,0.0,0.0113785557986869,-0.0094299185597942,0.7360472500778088,88,0.0159362549800796,40,10,0.0,0.0,0.0,市场情绪强，板块情绪强
2026-07-27,301222.SZ,浙江恒威,chinext,23.52,0.012931622417204143,0.0,-0.0576923076923077,-0.074015748031496,0.7251708951313287,88,0.0159362549800796,40,10,0.0,0.0,0.0,市场情绪强，板块情绪强
2026-07-27,301638.SZ,南网数字,chinext,23.0,0.012927807854678867,0.0,0.0379061371841156,0.112723754233188,1.056776393601586,88,0.0159362549800796,40,10,0.0,0.0,0.0,市场情绪强，板块情绪强
2026-07-27,600018.SH,上港集团,main,5.14,0.012920407966769677,0.0,-0.0153256704980843,-0.0058027079303675,0.5823840507845746,88,0.0159362549800796,40,75,0.0,0.0,0.0,市场情绪强，板块情绪强
2026-07-27,600529.SH,山东药玻,main,18.59,0.0128994843586813,0.0,-0.0169222633527234,-0.0111702127659575,0.5482069021088166,88,0.0159362549800796,40,75,0.0,0.0,0.0,市场情绪强，板块情绪强
2026-07-27,300545.SZ,联得装备,chinext,24.89,0.01289278571618493,0.0,-0.0296296296296295,-0.0474550325296593,0.8257164583735735,88,0.0159362549800796,40,10,0.0,0.0,0.0,市场情绪强，板块情绪强
2026-07-27,300812.SZ,易天股份,chinext,17.26,0.012887826646741655,0.0,-0.0506050605060505,-0.0568306010928961,0.7586032890889544,88,0.0159362549800796,40,10,0.0,0.0,0.0,市场情绪强，板块情绪强
2026-07-27,688469.SH,芯联集成,star,7.44,0.012865732002962128,0.0,-0.0534351145038167,0.0735930735930736,0.5426269951833386,88,0.0159362549800796,40,3,0.0,0.0,0.0,市场情绪强
2026-07-27,300766.SZ,每日互动,chinext,20.38,0.012859664108352131,0.0,-0.1715447154471545,-0.0715261958997722,0.7553758209782069,88,0.0159362549800796,40,10,0.0,0.0,0.0,市场情绪强，板块情绪强
2026-07-27,603167.SH,渤海轮渡,main,8.58,0.01285760950375935,0.0,0.0117924528301887,0.0,0.7421761378375629,88,0.0159362549800796,40,75,0.0,0.0,0.0,市场情绪强，板块情绪强
2026-07-27,688279.SH,峰岹科技,star,163.37,0.012841493420622147,0.0,-0.115005417118093,-0.1336373760407275,0.9279795223455034,88,0.0159362549800796,40,3,0.0,0.0,0.0,市场情绪强
2026-07-27,300767.SZ,震安科技,chinext,14.7,0.012818552877936523,0.0,-0.0619017230376516,-0.2023874118285404,0.3853211279405194,88,0.0159362549800796,40,10,0.0,0.0,0.0,市场情绪强，板块情绪强
2026-07-27,301381.SZ,赛维时代,chinext,22.32,0.012809274901098445,0.0,0.0941176470588236,0.0935815776580109,1.009042155120468,88,0.0159362549800796,40,10,0.0,0.0,0.0,短线动量强，市场情绪强，板块情绪强
2026-07-27,601990.SH,南京证券,main,6.76,0.012790097963501884,0.0,-0.0160116448326055,-0.0116959064327485,0.6099469041490768,88,0.0159362549800796,40,75,0.0,0.0,0.0,市场情绪强，板块情绪强
2026-07-27,300050.SZ,世纪鼎利,chinext,5.16,0.012787160690794453,0.0,-0.0038610038610037,-0.0979020979020978,0.6776690742671464,88,0.0159362549800796,40,10,0.0,0.0,0.0,市场情绪强，板块情绪强
2026-07-27,688235.SH,百济神州,star,271.0,0.012778328266770184,0.0,-0.0163339382940108,0.0817931419903397,0.9431972603586398,88,0.0159362549800796,40,3,0.0,0.0,0.0,市场情绪强
2026-07-27,300774.SZ,倍杰特,chinext,9.2,0.012766503806033305,0.0,0.0290827740492169,0.0065645514223193,0.7842211402267302,88,0.0159362549800796,40,10,0.0,0.0,0.0,市场情绪强，板块情绪强
2026-07-27,001213.SZ,中铁特货,main,3.47,0.012745493064993459,0.0,-0.0142045454545454,-0.0225352112676054,0.5625398744823591,88,0.0159362549800796,40,75,0.0,0.0,0.0,市场情绪强，板块情绪强
2026-07-27,600035.SH,楚天高速,main,3.44,0.012727900354303968,0.0,-0.0227272727272727,-0.0337078651685394,0.937510694255037,88,0.0159362549800796,40,75,0.0,0.0,0.0,市场情绪强，板块情绪强
2026-07-27,301428.SZ,世纪恒通,chinext,25.39,0.012716875567433896,0.0,-0.0253358925143953,-0.0561338289962825,0.9776771451060956,88,0.0159362549800796,40,10,0.0,0.0,0.0,市场情绪强，板块情绪强
2026-07-27,688543.SH,国科军工,star,37.04,0.012712447690559752,0.0,0.0674351585014407,0.0894117647058823,1.6110809289496126,88,0.0159362549800796,40,3,0.0,0.0,0.0,成交量放大，短线动量强，市场情绪强
2026-07-27,300055.SZ,万邦达,chinext,5.38,0.012701490526942253,0.0,0.0,-0.0037037037037037,0.970577636852806,88,0.0159362549800796,40,10,0.0,0.0,0.0,市场情绪强，板块情绪强
2026-07-27,688523.SH,航天环宇,star,40.5,0.012700686307500948,0.0,-0.0515222482435597,-0.0581395348837209,0.6719232048069541,88,0.0159362549800796,40,3,0.0,0.0,0.0,市场情绪强
2026-07-27,301076.SZ,新瀚新材,chinext,19.5,0.012696185202382002,0.0,-0.0575157080715321,-0.1536458333333332,0.459199001224568,88,0.0159362549800796,40,10,0.0,0.0,0.0,市场情绪强，板块情绪强
2026-07-27,688506.SH,百利天恒,star,311.0,0.012691354202526366,0.0,-0.089844893181153,-0.0063897763578274,0.8895533892983873,88,0.0159362549800796,40,3,0.0,0.0,0.0,市场情绪强
2026-07-27,688329.SH,艾隆科技,star,15.97,0.0126892536117799,0.0,-0.0638921453692847,-0.1210787011557512,0.7520955359636239,88,0.0159362549800796,40,3,0.0,0.0,0.0,市场情绪强
2026-07-27,688290.SH,景业智能,star,52.43,0.012673535523782338,0.0,0.0280392156862745,0.0204359673024523,0.6259733111893826,88,0.0159362549800796,40,3,0.0,0.0,0.0,市场情绪强
2026-07-27,688488.SH,艾迪药业,star,15.0,0.012664137409584107,0.0,-0.0390775144138372,-0.0234375,0.7589592220084673,88,0.0159362549800796,40,3,0.0,0.0,0.0,市场情绪强
2026-07-27,301280.SZ,珠城科技,chinext,37.02,0.012655576906935154,0.0,-0.0587337909992371,-0.0611209738777579,0.5539941181016025,88,0.0159362549800796,40,10,0.0,0.0,0.0,市场情绪强，板块情绪强
2026-07-27,688345.SH,博力威,star,41.51,0.01264261366567155,0.0,0.0181506009320577,-0.0400092506938021,0.7944494829392654,88,0.0159362549800796,40,3,0.0,0.0,0.0,市场情绪强
2026-07-27,603368.SH,柳药集团,main,15.07,0.012625726736165483,0.0,-0.0182410423452767,-0.0358285348688419,0.7345441420499774,88,0.0159362549800796,40,75,0.0,0.0,0.0,市场情绪强，板块情绪强
2026-07-27,300876.SZ,蒙泰高新,chinext,12.65,0.012623669148732773,0.0,-0.0147975077881619,-0.0739385065885798,0.8592628766889456,88,0.0159362549800796,40,10,0.0,0.0,0.0,市场情绪强，板块情绪强
2026-07-27,301290.SZ,东星医疗,chinext,24.42,0.012582867223063506,0.0,0.0516795865633075,-0.0556844547563804,0.990233386420486,88,0.0159362549800796,40,10,0.0,0.0,0.0,短线动量强，市场情绪强，板块情绪强
2026-07-27,688818.SH,电科蓝天,star,45.6,0.012562356048221712,0.0,-0.0784155214227969,-0.109375,0.7174574559956993,88,0.0159362549800796,40,3,0.0,0.0,0.0,市场情绪强
2026-07-27,601878.SH,浙商证券,main,9.41,0.012555098131705274,0.0,-0.027892561983471,-0.0136268343815512,0.7906855189860476,88,0.0159362549800796,40,75,0.0,0.0,0.0,市场情绪强，板块情绪强
2026-07-27,300417.SZ,南华仪器,chinext,9.01,0.012545541278329877,0.0,-0.0098901098901098,-0.0465608465608464,0.6209895527506503,88,0.0159362549800796,40,10,0.0,0.0,0.0,市场情绪强，板块情绪强
2026-07-27,601158.SH,重庆水务,main,4.17,0.012542797413159178,0.0,-0.009501187648456,0.002403846153846,0.6651336899830984,88,0.0159362549800796,40,75,0.0,0.0,0.0,市场情绪强，板块情绪强
2026-07-27,300304.SZ,云意电气,chinext,10.56,0.012506615202066747,0.0,-0.025830258302583,-0.0373746581586144,0.698002734147157,88,0.0159362549800796,40,10,0.0,0.0,0.0,市场情绪强，板块情绪强
2026-07-27,688799.SH,华纳药厂,star,44.74,0.012503892157925852,0.0,-0.0610703043022035,-0.0284473398479911,0.7474935103570384,88,0.0159362549800796,40,3,0.0,0.0,0.0,市场情绪强
2026-07-27,688004.SH,博汇科技,star,19.73,0.012494183255963746,0.0,0.0888520971302428,0.1517805020431992,1.2306773115537673,88,0.0159362549800796,40,3,0.0,0.0,0.0,短线动量强，市场情绪强
2026-07-27,688215.SH,瑞晟智能,star,30.93,0.012490767671128198,0.0,-0.0421183028801486,-0.0783671036948748,0.5658380131588635,88,0.0159362549800796,40,3,0.0,0.0,0.0,市场情绪强
2026-07-27,301291.SZ,明阳电气,chinext,38.04,0.012483828532586803,0.0,-0.0111775409409929,0.0308943089430895,1.050755882126532,88,0.0159362549800796,40,10,0.0,0.0,0.0,市场情绪强，板块情绪强
2026-07-27,301201.SZ,诚达药业,chinext,27.8,0.012483797822787182,0.0,-0.0831134564643799,-0.1649143887053168,0.6530289767007849,88,0.0159362549800796,40,10,0.0,0.0,0.0,市场情绪强，板块情绪强
2026-07-27,300363.SZ,博腾股份,chinext,15.67,0.01245518999796796,0.0,-0.0650357995226731,-0.0273122284295468,0.8577845695836029,88,0.0159362549800796,40,10,0.0,0.0,0.0,市场情绪强，板块情绪强
2026-07-27,688375.SH,国博电子,star,74.13,0.012454949372635415,0.0,-0.0155378486055777,0.0821897810218976,0.4818569259008616,88,0.0159362549800796,40,3,0.0,0.0,0.0,市场情绪强
2026-07-27,301031.SZ,中熔电气,chinext,81.45,0.01242280639543109,0.0,0.0181249999999999,0.0419598311372648,0.543802296461451,88,0.0159362549800796,40,10,0.0,0.0,0.0,市场情绪强，板块情绪强
2026-07-27,688148.SH,芳源股份,star,6.13,0.012412740343455587,0.0,0.0115511551155116,-0.022328548644338,0.7206906716769028,88,0.0159362549800796,40,3,0.0,0.0,0.0,市场情绪强
2026-07-27,300328.SZ,宜安科技,chinext,10.41,0.012403278557986836,0.0,-0.0009596928982725,-0.007626310772164,0.6825689562756598,88,0.0159362549800796,40,10,0.0,0.0,0.0,市场情绪强，板块情绪强
2026-07-27,301230.SZ,泓博医药,chinext,24.7,0.012380403048747652,0.0,-0.0895687430888315,-0.1399721448467966,0.66372412943752,88,0.0159362549800796,40,10,0.0,0.0,0.0,市场情绪强，板块情绪强
2026-07-27,688767.SH,博拓生物,star,33.6,0.012374496670410996,0.0,0.0023866348448686,-0.026086956521739,0.8505393390726066,88,0.0159362549800796,40,3,0.0,0.0,0.0,市场情绪强
2026-07-27,688428.SH,诺诚健华,star,27.68,0.012366600857366,0.0,-0.0478156174750602,0.0437405731523379,0.6992156444567967,88,0.0159362549800796,40,3,0.0,0.0,0.0,市场情绪强
2026-07-27,688325.SH,赛微微电,star,100.9,0.012359317053626036,0.0,-0.0499952923453533,-0.1286701208981001,0.6736906673495436,88,0.0159362549800796,40,3,0.0,0.0,0.0,市场情绪强
2026-07-27,300836.SZ,佰奥智能,chinext,57.5,0.012358909546868364,0.0,-0.0267433987813134,0.0284385619746021,0.4354349403958919,88,0.0159362549800796,40,10,0.0,0.0,0.0,市场情绪强，板块情绪强
2026-07-27,600283.SH,钱江水利,main,7.65,0.012348812225334925,0.0,0.0,0.0026212319790301,0.72325285183022,88,0.0159362549800796,40,75,0.0,0.0,0.0,市场情绪强，板块情绪强
2026-07-27,688158.SH,优刻得,star,29.27,0.01234469013311613,0.0,-0.0722662440570522,-0.0240080026675557,0.6615984346181341,88,0.0159362549800796,40,3,0.0,0.0,0.0,市场情绪强
2026-07-27,301662.SZ,宏工科技,chinext,62.23,0.01229248739831693,0.0,-0.0275042975464917,-0.029173166926677,0.7631343812456663,88,0.0159362549800796,40,10,0.0,0.0,0.0,市场情绪强，板块情绪强
2026-07-27,300405.SZ,科隆股份,chinext,4.6,0.012244621015869843,0.0,-0.0043290043290044,-0.065040650406504,0.7009039318485575,88,0.0159362549800796,40,10,0.0,0.0,0.0,市场情绪强，板块情绪强
2026-07-27,688021.SH,奥福科技,star,16.88,0.012235359535965648,0.0,0.0005927682276227,-0.054341736694678,0.739934133749248,88,0.0159362549800796,40,3,0.0,0.0,0.0,市场情绪强
2026-07-27,600054.SH,黄山旅游,main,10.82,0.012206765220594367,0.0,-0.0243462578899908,-0.0073394495412844,0.9914931776994708,88,0.0159362549800796,40,75,0.0,0.0,0.0,市场情绪强，板块情绪强
2026-07-27,601456.SH,国联民生,main,8.89,0.01220233957824993,0.0,-0.0220022002200219,-0.0089186176142698,0.6843193819868456,88,0.0159362549800796,40,75,0.0,0.0,0.0,市场情绪强，板块情绪强
2026-07-27,301279.SZ,金道科技,chinext,16.07,0.012197830069435629,0.0,-0.0165238678090574,-0.0895184135977336,0.4855395997213321,88,0.0159362549800796,40,10,0.0,0.0,0.0,市场情绪强，板块情绪强
2026-07-27,301027.SZ,华蓝集团,chinext,18.75,0.012184280324088878,0.0,-0.0219092331768389,-0.0601503759398496,0.5004414344018533,88,0.0159362549800796,40,10,0.0,0.0,0.0,市场情绪强，板块情绪强
2026-07-27,688081.SH,兴图新科,star,28.07,0.01215278441004627,0.0,-0.0053153791637136,-0.094516129032258,0.5956784122333065,88,0.0159362549800796,40,3,0.0,0.0,0.0,市场情绪强
2026-07-27,301148.SZ,嘉戎技术,chinext,41.73,0.012146636879355617,0.0,0.0050578034682078,0.0055421686746988,0.5491971800943556,88,0.0159362549800796,40,10,0.0,0.0,0.0,市场情绪强，板块情绪强
2026-07-27,688273.SH,麦澜德,star,28.5,0.012124177321785608,0.0,-0.0269716626835097,-0.1127023661270235,0.5292691308537661,88,0.0159362549800796,40,3,0.0,0.0,0.0,市场情绪强
2026-07-27,301596.SZ,瑞迪智驱,chinext,38.99,0.01211533358600572,0.0,-0.1124516275893466,-0.1633047210300429,0.8031273837229657,88,0.0159362549800796,40,10,0.0,0.0,0.0,市场情绪强，板块情绪强
2026-07-27,300807.SZ,天迈科技,chinext,33.99,0.012088146474526095,0.0,-0.0425352112676056,0.0173600718347801,0.5256359067101957,88,0.0159362549800796,40,10,0.0,0.0,0.0,市场情绪强，板块情绪强
2026-07-27,688117.SH,圣诺生物,star,22.06,0.012082782278771433,0.0,-0.1050709939148073,-0.1140562248995984,0.6826907769321807,88,0.0159362549800796,40,3,0.0,0.0,0.0,市场情绪强
2026-07-27,300919.SZ,中伟新材,chinext,39.96,0.012039733106688303,0.0,0.0251410979989739,0.0912069907154562,0.712155003145173,88,0.0159362549800796,40,10,0.0,0.0,0.0,市场情绪强，板块情绪强
2026-07-27,300738.SZ,奥飞数据,chinext,20.8,0.012022647279323381,0.0,-0.0449954086317723,0.0206084396467125,0.8383624683569569,88,0.0159362549800796,40,10,0.0,0.0,0.0,市场情绪强，板块情绪强
2026-07-27,688623.SH,双元科技,star,60.07,0.012017180637065155,0.0,-0.0449920508744038,-0.0149229255493603,0.5583845639390741,88,0.0159362549800796,40,3,0.0,0.0,0.0,市场情绪强
2026-07-27,300001.SZ,特锐德,chinext,35.84,0.012009230102413436,0.0,0.0181818181818183,0.1628812459441921,0.732679978174799,88,0.0159362549800796,40,10,0.0,0.0,0.0,市场情绪强，板块情绪强
2026-07-27,301687.SZ,新广益,chinext,46.2,0.01198954025831989,0.0,-0.0404984423676011,-0.0851485148514851,0.7215632463261334,88,0.0159362549800796,40,10,0.0,0.0,0.0,市场情绪强，板块情绪强
2026-07-27,300225.SZ,金力泰,chinext,6.12,0.011986946147078181,0.0,-0.0699088145896656,-0.107871720116618,0.5719996555233611,88,0.0159362549800796,40,10,0.0,0.0,0.0,市场情绪强，板块情绪强
2026-07-27,300397.SZ,天和防务,chinext,9.87,0.011980003225800718,0.0,0.0196280991735535,-0.0130000000000001,1.1371912928979058,88,0.0159362549800796,40,10,0.0,0.0,0.0,市场情绪强，板块情绪强
2026-07-27,300041.SZ,回天新材,chinext,9.94,0.01197902522171552,0.0,-0.0330739299610894,-0.0423892100192679,0.6015755146185737,88,0.0159362549800796,40,10,0.0,0.0,0.0,市场情绪强，板块情绪强
2026-07-27,301016.SZ,雷尔伟,chinext,11.45,0.011978053645383548,0.0,0.0123784261715296,-0.0426421404682275,0.7250079224344251,88,0.0159362549800796,40,10,0.0,0.0,0.0,市场情绪强，板块情绪强
2026-07-27,300478.SZ,杭州高新,chinext,27.45,0.011977047943259966,0.0,-0.0392019600980049,-0.0272856130403968,0.5077170890784481,88,0.0159362549800796,40,10,0.0,0.0,0.0,市场情绪强，板块情绪强
2026-07-27,300725.SZ,药石科技,chinext,37.46,0.01196415734079417,0.0,-0.0394871794871795,0.0154513418270534,0.7931059945624604,88,0.0159362549800796,40,10,0.0,0.0,0.0,市场情绪强，板块情绪强
2026-07-27,300617.SZ,安靠智电,chinext,40.43,0.011960501725889193,0.0,-0.0085826385483079,-0.0122159784998778,0.8758944546521449,88,0.0159362549800796,40,10,0.0,0.0,0.0,市场情绪强，板块情绪强
2026-07-27,600004.SH,白云机场,main,7.67,0.01195215498641151,0.0,-0.0303413400758534,-0.0291139240506329,0.6952637409931252,88,0.0159362549800796,40,75,0.0,0.0,0.0,市场情绪强，板块情绪强
2026-07-27,301314.SZ,科瑞思,chinext,35.0,0.011946761117559832,0.0,0.0005717552887365,-0.0387256248283437,0.8111132136439076,88,0.0159362549800796,40,10,0.0,0.0,0.0,市场情绪强，板块情绪强
2026-07-27,301682.SZ,宏明电子,chinext,118.63,0.01194413679393544,0.0,-0.0169870732515745,0.022584259977588,0.6652057881053494,88,0.0159362549800796,40,10,0.0,0.0,0.0,市场情绪强，板块情绪强
2026-07-27,688777.SH,中控技术,star,81.9,0.01191289993372928,0.0,-0.1340663988158171,-0.0639999999999999,0.6472585481907719,88,0.0159362549800796,40,3,0.0,0.0,0.0,市场情绪强
2026-07-27,300199.SZ,翰宇药业,chinext,19.89,0.01190702535382827,0.0,-0.1084715374271626,-0.072294776119403,0.6635659789032655,88,0.0159362549800796,40,10,0.0,0.0,0.0,市场情绪强，板块情绪强
2026-07-27,688244.SH,永信至诚,star,12.95,0.011903708541046836,0.0,-0.0561224489795919,-0.0676745860331174,0.5762063498745004,88,0.0159362549800796,40,3,0.0,0.0,0.0,市场情绪强
2026-07-27,688411.SH,海博思创,star,192.68,0.01182501097180815,0.0,0.0292735042735043,0.0605460149713783,0.6698632360962077,88,0.0159362549800796,40,3,0.0,0.0,0.0,市场情绪强
2026-07-27,300255.SZ,常山药业,chinext,25.25,0.011813187635320598,0.0,-0.1155866900175132,-0.2049748110831234,0.7316382059996488,88,0.0159362549800796,40,10,0.0,0.0,0.0,市场情绪强，板块情绪强
2026-07-27,300652.SZ,雷迪克,chinext,26.5,0.011803360653030214,0.0,0.0363707469691043,-0.1026075177785303,0.507271737824886,88,0.0159362549800796,40,10,0.0,0.0,0.0,市场情绪强，板块情绪强
2026-07-27,300004.SZ,南风股份,chinext,7.34,0.011767552563776434,0.0,-0.00944669365722,-0.0589743589743589,0.7856455369792673,88,0.0159362549800796,40,10,0.0,0.0,0.0,市场情绪强，板块情绪强
2026-07-27,688709.SH,成都华微,star,23.3,0.011764974460179259,0.0,-0.0574433656957927,-0.0127118644067797,0.5916638841967748,88,0.0159362549800796,40,3,0.0,0.0,0.0,市场情绪强
2026-07-27,688159.SH,有方科技,star,29.89,0.011747881366713476,0.0,-0.0301752109020116,-0.0496025437201907,0.6249803657281001,88,0.0159362549800796,40,3,0.0,0.0,0.0,市场情绪强
2026-07-27,688690.SH,纳微科技,star,35.21,0.011744906517074067,0.0,0.0097505018640666,0.0900928792569659,0.6910570510067902,88,0.0159362549800796,40,3,0.0,0.0,0.0,市场情绪强
2026-07-27,688716.SH,中研股份,star,24.7,0.01173222947820744,0.0,-0.0841675936225435,-0.1482758620689656,0.5820314275524457,88,0.0159362549800796,40,3,0.0,0.0,0.0,市场情绪强
2026-07-27,300670.SZ,大烨智能,chinext,5.23,0.011731135439066745,0.0,-0.0038095238095237,-0.0593525179856113,0.6654149218723457,88,0.0159362549800796,40,10,0.0,0.0,0.0,市场情绪强，板块情绪强
2026-07-27,688097.SH,XD博众精,star,41.67,0.011711738179266388,0.0,-0.0780973451327433,-0.0742057320595422,0.6773545421033567,88,0.0159362549800796,40,3,0.0,0.0,0.0,市场情绪强
2026-07-27,301087.SZ,可孚医疗,chinext,53.73,0.011707857687866955,0.0,0.0238185975609757,0.1156561461794019,0.9521598726147412,88,0.0159362549800796,40,10,0.0,0.0,0.0,市场情绪强，板块情绪强
2026-07-27,300493.SZ,润欣科技,chinext,12.14,0.011702897383429006,0.0,-0.0041017227235438,0.0108243130724396,0.8890709806791477,88,0.0159362549800796,40,10,0.0,0.0,0.0,市场情绪强，板块情绪强
2026-07-27,300102.SZ,乾照光电,chinext,16.04,0.011690979964284868,0.0,-0.0372148859543818,-0.0354780517137702,0.6742121651933188,88,0.0159362549800796,40,10,0.0,0.0,0.0,市场情绪强，板块情绪强
2026-07-27,688759.SH,必贝特,star,30.83,0.011669995261550806,0.0,-0.1332583637897104,-0.075007500750075,1.0536006250001784,88,0.0159362549800796,40,3,0.0,0.0,0.0,市场情绪强
2026-07-27,300519.SZ,新光药业,chinext,12.42,0.011665700343541866,0.0,-0.0235849056603774,-0.0731343283582089,0.5792933005860007,88,0.0159362549800796,40,10,0.0,0.0,0.0,市场情绪强，板块情绪强
2026-07-27,300057.SZ,万顺新材,chinext,5.77,0.011662377952286317,0.0,-0.0170357751277684,-0.0170357751277684,0.7683247856240105,88,0.0159362549800796,40,10,0.0,0.0,0.0,市场情绪强，板块情绪强
2026-07-27,300733.SZ,西菱动力,chinext,12.38,0.011662298430274718,0.0,0.067241379310345,0.0590248075278017,1.662020413748682,88,0.0159362549800796,40,10,0.0,0.0,0.0,成交量放大，短线动量强，市场情绪强，板块情绪强
2026-07-27,300490.SZ,华自科技,chinext,10.73,0.01165531037851947,0.0,0.0199619771863117,0.0103578154425614,0.8635722503059262,88,0.0159362549800796,40,10,0.0,0.0,0.0,市场情绪强，板块情绪强
2026-07-27,300677.SZ,英科医疗,chinext,47.62,0.011653297386242024,0.0,0.0025263157894737,0.1115779645191408,0.8914859278756757,88,0.0159362549800796,40,10,0.0,0.0,0.0,市场情绪强，板块情绪强
2026-07-27,688252.SH,天德钰,star,16.71,0.011648657056158801,0.0,-0.0153211549793752,0.0145719489981785,0.727784637036782,88,0.0159362549800796,40,3,0.0,0.0,0.0,市场情绪强
2026-07-27,300106.SZ,西部牧业,chinext,8.15,0.011644692743901843,0.0,-0.0274463007159905,-0.1348195329087048,0.6299146900483605,88,0.0159362549800796,40,10,0.0,0.0,0.0,市场情绪强，板块情绪强
2026-07-27,301560.SZ,众捷汽车,chinext,22.04,0.011633510044775312,0.0,0.0352278064819164,-0.0147518998658918,0.691744231715952,88,0.0159362549800796,40,10,0.0,0.0,0.0,市场情绪强，板块情绪强
2026-07-27,300017.SZ,网宿科技,chinext,13.0,0.01163194119071769,0.0,-0.1310160427807487,-0.0173847316704459,0.7972627267490033,88,0.0159362549800796,40,10,0.0,0.0,0.0,市场情绪强，板块情绪强
2026-07-27,300823.SZ,建科智能,chinext,12.67,0.011624799546939556,0.0,-0.0208655332302936,-0.0593912397921306,0.6435571752794647,88,0.0159362549800796,40,10,0.0,0.0,0.0,市场情绪强，板块情绪强
2026-07-27,688131.SH,皓元医药,star,68.15,0.011617353813938565,0.0,-0.0649012074643248,-0.0416256504007874,0.5914987953114899,88,0.0159362549800796,40,3,0.0,0.0,0.0,市场情绪强
2026-07-27,301226.SZ,祥明智能,chinext,24.64,0.011610350154567132,0.0,-0.0008110300081103,-0.0613333333333333,0.7183675002121973,88,0.0159362549800796,40,10,0.0,0.0,0.0,市场情绪强，板块情绪强
2026-07-27,300995.SZ,奇德新材,chinext,23.0,0.011605107504094912,0.0,-0.0030342436064152,-0.0480132450331125,0.6725296532844551,88,0.0159362549800796,40,10,0.0,0.0,0.0,市场情绪强，板块情绪强
2026-07-27,300132.SZ,青松股份,chinext,6.1,0.011593034084902058,0.0,-0.0348101265822785,0.1010830324909746,0.6593729661498883,88,0.0159362549800796,40,10,0.0,0.0,0.0,市场情绪强，板块情绪强
2026-07-27,688335.SH,复洁科技,star,18.62,0.011586684051179614,0.0,0.0037735849056603,0.0048569886670264,0.6848313769563682,88,0.0159362549800796,40,3,0.0,0.0,0.0,市场情绪强
2026-07-27,688670.SH,金迪克,star,12.97,0.01157089121302409,0.0,-0.0218702865761688,-0.107977991746905,0.6179292643087428,88,0.0159362549800796,40,3,0.0,0.0,0.0,市场情绪强
2026-07-27,301212.SZ,联盛化学,chinext,19.24,0.011534667736563387,0.0,-0.0198675496688741,-0.0881516587677726,0.6796140715364655,88,0.0159362549800796,40,10,0.0,0.0,0.0,市场情绪强，板块情绪强
2026-07-27,301056.SZ,森赫股份,chinext,9.13,0.011522309619797604,0.0,-0.0065288356909682,-0.0869999999999999,0.5807297555397772,88,0.0159362549800796,40,10,0.0,0.0,0.0,市场情绪强，板块情绪强
2026-07-27,688031.SH,星环科技,star,84.6,0.011510203427799744,0.0,-0.0612516644474036,-0.0411424685481129,0.6651598620793585,88,0.0159362549800796,40,3,0.0,0.0,0.0,市场情绪强
2026-07-27,300244.SZ,迪安诊断,chinext,15.66,0.011501727603924653,0.0,-0.13,-0.1423877327491786,0.8320859293716153,88,0.0159362549800796,40,10,0.0,0.0,0.0,市场情绪强，板块情绪强
2026-07-27,300166.SZ,东方国信,chinext,12.99,0.011499817948450647,0.0,-0.049743964886613,0.0069767441860464,0.5634814666331052,88,0.0159362549800796,40,10,0.0,0.0,0.0,市场情绪强，板块情绪强
2026-07-27,300071.SZ,福石控股,chinext,3.69,0.01149933502159096,0.0,-0.110843373493976,-0.097799511002445,0.6752262148331427,88,0.0159362549800796,40,10,0.0,0.0,0.0,市场情绪强，板块情绪强
2026-07-27,300614.SZ,百川畅银,chinext,8.82,0.011482491210377341,0.0,0.0057012542759407,-0.0339539978094195,0.6719043719008276,88,0.0159362549800796,40,10,0.0,0.0,0.0,市场情绪强，板块情绪强
2026-07-27,688171.SH,纬德信息,star,23.5,0.011481350474011753,0.0,-0.0029698769622401,-0.0289256198347107,0.7208765424400317,88,0.0159362549800796,40,3,0.0,0.0,0.0,市场情绪强
2026-07-27,688133.SH,泰坦科技,star,20.14,0.01142191524044841,0.0,-0.0803652968036529,0.0360082304526747,0.8319230215833463,88,0.0159362549800796,40,3,0.0,0.0,0.0,市场情绪强
2026-07-27,300752.SZ,隆利科技,chinext,8.97,0.011393315669323613,0.0,-0.0164473684210524,-0.0292207792207791,0.9359826369111568,88,0.0159362549800796,40,10,0.0,0.0,0.0,市场情绪强，板块情绪强
2026-07-27,300933.SZ,中辰股份,chinext,5.69,0.011392800171988926,0.0,0.012455516014235,-0.0223367697594502,0.7600795472559726,88,0.0159362549800796,40,10,0.0,0.0,0.0,市场情绪强，板块情绪强
2026-07-27,300435.SZ,中泰股份,chinext,16.28,0.011389667567662319,0.0,-0.0292188431723314,-0.0985603543743077,0.5164927944837249,88,0.0159362549800796,40,10,0.0,0.0,0.0,市场情绪强，板块情绪强
2026-07-27,301202.SZ,朗威股份,chinext,30.55,0.011389023010539272,0.0,-0.0026118184786156,-0.010045366169799,0.6057013727785212,88,0.0159362549800796,40,10,0.0,0.0,0.0,市场情绪强，板块情绪强
2026-07-27,301680.SZ,固德电材,chinext,86.37,0.011360835133973495,0.0,-0.0423550282736444,-0.0240677966101694,0.99354582196623,88,0.0159362549800796,40,10,0.0,0.0,0.0,市场情绪强，板块情绪强
2026-07-27,688109.SH,品茗科技,star,62.48,0.01135428480313222,0.0,-0.0365458750963761,-0.074096028452875,0.685993227495971,88,0.0159362549800796,40,3,0.0,0.0,0.0,市场情绪强
2026-07-27,300746.SZ,汉嘉数智,chinext,9.97,0.011344502590520342,0.0,-0.0206286836935165,-0.0531813865147197,0.5473888233360477,88,0.0159362549800796,40,10,0.0,0.0,0.0,市场情绪强，板块情绪强
2026-07-27,301365.SZ,矩阵股份,chinext,36.66,0.011339877946096649,0.0,0.0543572044866262,0.0540540540540539,0.5808258104234656,88,0.0159362549800796,40,10,0.0,0.0,0.0,短线动量强，市场情绪强，板块情绪强
2026-07-27,688196.SH,卓越新能,star,31.56,0.011323464328823715,0.0,0.0015867978419548,-0.0106583072100313,1.105239132361213,88,0.0159362549800796,40,3,0.0,0.0,0.0,市场情绪强
2026-07-27,300635.SZ,中达安,chinext,9.8,0.011305310738040373,0.0,-0.0060851926977686,-0.1131221719457014,0.645731350396922,88,0.0159362549800796,40,10,0.0,0.0,0.0,市场情绪强，板块情绪强
2026-07-27,301628.SZ,强达电路,chinext,72.0,0.011288973217842835,0.0,-0.0210740992522093,-0.0158556588299616,0.6739276322957883,88,0.0159362549800796,40,10,0.0,0.0,0.0,市场情绪强，板块情绪强
2026-07-27,688314.SH,康拓医疗,star,29.57,0.011285077270376084,0.0,-0.042422279792746,-0.178839211330186,0.3886370175486373,88,0.0159362549800796,40,3,0.0,0.0,0.0,市场情绪强
2026-07-27,300241.SZ,瑞丰光电,chinext,5.09,0.011280807934156267,0.0,0.0119284294234591,0.0159680638722554,1.2895149630500795,88,0.0159362549800796,40,10,0.0,0.0,0.0,市场情绪强，板块情绪强
2026-07-27,300145.SZ,南方泵业,chinext,4.07,0.011274627226820256,0.0,-0.0707762557077624,-0.1303418803418802,0.6554294014113022,88,0.0159362549800796,40,10,0.0,0.0,0.0,市场情绪强，板块情绪强
2026-07-27,688455.SH,科捷智能,star,13.35,0.011246708781242745,0.0,0.0015003750937734,-0.0949152542372882,0.5195449030789046,88,0.0159362549800796,40,3,0.0,0.0,0.0,市场情绪强
2026-07-27,300847.SZ,中船汉光,chinext,14.23,0.011238293766999169,0.0,0.0731523378582201,0.0862595419847329,2.5882023116459587,88,0.0159362549800796,40,10,0.0,0.0,0.0,成交量放大，短线动量强，市场情绪强，板块情绪强
2026-07-27,300327.SZ,中颖电子,chinext,21.76,0.011223663125124128,0.0,-0.0510248582642824,-0.0539130434782607,0.6290712153672062,88,0.0159362549800796,40,10,0.0,0.0,0.0,市场情绪强，板块情绪强
2026-07-27,301119.SZ,正强股份,chinext,18.8,0.011204212417490637,0.0,0.010752688172043,-0.0319258496395469,0.6098258562259796,88,0.0159362549800796,40,10,0.0,0.0,0.0,市场情绪强，板块情绪强
2026-07-27,688513.SH,苑东生物,star,48.93,0.011198686474622715,0.0,-0.0997240110395584,-0.1043382756727073,0.9813973266190494,88,0.0159362549800796,40,3,0.0,0.0,0.0,市场情绪强
2026-07-27,688686.SH,奥普特,star,106.84,0.011195034950931462,0.0,-0.1121821505733754,-0.1348987854251011,0.8118995621526884,88,0.0159362549800796,40,3,0.0,0.0,0.0,市场情绪强
2026-07-27,301302.SZ,华如科技,chinext,21.14,0.011183147698072368,0.0,0.0139088729016785,-0.0284926470588235,1.1611987164713689,88,0.0159362549800796,40,10,0.0,0.0,0.0,市场情绪强，板块情绪强
2026-07-27,300654.SZ,世纪天鸿,chinext,11.17,0.0111816512378896,0.0,0.048826291079812,0.0210237659963437,0.8037792968004169,88,0.0159362549800796,40,10,0.0,0.0,0.0,市场情绪强，板块情绪强
2026-07-27,300046.SZ,台基股份,chinext,22.4,0.011175111465469074,0.0,-0.0588235294117648,-0.048428207306712,0.6768354025278088,88,0.0159362549800796,40,10,0.0,0.0,0.0,市场情绪强，板块情绪强
2026-07-27,301033.SZ,迈普医学,chinext,54.0,0.011171859266468024,0.0,0.0150375939849622,-0.015676266861101,0.7047512980534316,88,0.0159362549800796,40,10,0.0,0.0,0.0,市场情绪强，板块情绪强
2026-07-27,688550.SH,瑞联新材,star,41.3,0.011162003516210162,0.0,-0.0339181286549707,-0.0628545495802134,0.7016807264534841,88,0.0159362549800796,40,3,0.0,0.0,0.0,市场情绪强
2026-07-27,301028.SZ,鼎熔岩,chinext,11.0,0.011153675045123355,0.0,-0.0393013100436681,-0.1143317230273751,0.5243703479605731,88,0.0159362549800796,40,10,0.0,0.0,0.0,市场情绪强，板块情绪强
2026-07-27,688795.SH,摩尔线程,star,600.01,0.01114821331129246,0.0,-0.0687412695949091,-0.0211589285131652,0.5361606383575481,88,0.0159362549800796,40,3,0.0,0.0,0.0,市场情绪强
2026-07-27,688612.SH,威迈斯,star,28.47,0.011144387843218702,0.0,-0.0355691056910569,-0.0114583333333333,0.5178151665873014,88,0.0159362549800796,40,3,0.0,0.0,0.0,市场情绪强
2026-07-27,300517.SZ,海波重科,chinext,8.47,0.011127879920751513,0.0,0.0217129071170085,-0.0196759259259259,0.7693158367710753,88,0.0159362549800796,40,10,0.0,0.0,0.0,市场情绪强，板块情绪强
2026-07-27,300551.SZ,古鳌科技,chinext,8.39,0.011126266144065488,0.0,0.0035885167464115,-0.0476730987514187,0.6040893863440479,88,0.0159362549800796,40,10,0.0,0.0,0.0,市场情绪强，板块情绪强
2026-07-27,300128.SZ,锦富技术,chinext,4.07,0.011119904822660119,0.0,-0.0239808153477217,-0.0355450236966823,0.677256420672218,88,0.0159362549800796,40,10,0.0,0.0,0.0,市场情绪强，板块情绪强
2026-07-27,301105.SZ,鸿铭股份,chinext,39.1,0.011119737429513867,0.0,0.0126910126910126,-0.048661800486618,0.4985316198360116,88,0.0159362549800796,40,10,0.0,0.0,0.0,市场情绪强，板块情绪强
2026-07-27,300418.SZ,昆仑万维,chinext,36.68,0.011081953977441666,0.0,-0.1563937442502299,-0.1264586806382472,0.7670936409005075,88,0.0159362549800796,40,10,0.0,0.0,0.0,市场情绪强，板块情绪强
2026-07-27,300921.SZ,南凌科技,chinext,13.02,0.011080231528265396,0.0,-0.0143830431491295,-0.0283582089552238,0.6242813561950217,88,0.0159362549800796,40,10,0.0,0.0,0.0,市场情绪强，板块情绪强
2026-07-27,300905.SZ,宝丽迪,chinext,36.57,0.011070399773735496,0.0,-0.0214075461600213,-0.0310015898251192,0.634503750215559,88,0.0159362549800796,40,10,0.0,0.0,0.0,市场情绪强，板块情绪强
2026-07-27,688036.SH,传音控股,star,59.96,0.011052838790485535,0.0,0.0,-0.0372511239563262,0.4775645100992092,88,0.0159362549800796,40,3,0.0,0.0,0.0,市场情绪强
2026-07-27,301168.SZ,通灵股份,chinext,39.52,0.011047223504039663,0.0,0.0272939953210293,0.0122950819672131,0.6259841489319939,88,0.0159362549800796,40,10,0.0,0.0,0.0,市场情绪强，板块情绪强
2026-07-27,301595.SZ,太力科技,chinext,33.88,0.011044587909517714,0.0,-0.0093567251461987,-0.0862998921251347,1.0609532464554148,88,0.0159362549800796,40,10,0.0,0.0,0.0,市场情绪强，板块情绪强
2026-07-27,301555.SZ,惠柏新材,chinext,28.09,0.011040894082442132,0.0,-0.0215952629745733,-0.0535714285714286,0.5679503977569438,88,0.0159362549800796,40,10,0.0,0.0,0.0,市场情绪强，板块情绪强
2026-07-27,300505.SZ,川金诺,chinext,16.42,0.011023139707970746,0.0,-0.0232004759071978,-0.0508670520231213,0.9398159748657302,88,0.0159362549800796,40,10,0.0,0.0,0.0,市场情绪强，板块情绪强
2026-07-27,300432.SZ,富临精工,chinext,15.22,0.0110207615370965,0.0,0.0052840158520475,0.0256064690026953,0.6794898539133485,88,0.0159362549800796,40,10,0.0,0.0,0.0,市场情绪强，板块情绪强
2026-07-27,688213.SH,思特威,star,91.08,0.011020634670149325,0.0,-0.0524344569288389,0.0123374458152718,0.8709598314494942,88,0.0159362549800796,40,3,0.0,0.0,0.0,市场情绪强
2026-07-27,688155.SH,先惠技术,star,55.15,0.010996636067537107,0.0,-0.0341506129597198,-0.0206002486236903,0.7022288662719655,88,0.0159362549800796,40,3,0.0,0.0,0.0,市场情绪强
2026-07-27,688638.SH,誉辰智能,star,26.34,0.01097732515941597,0.0,-0.0030280090840273,-0.0521770421014753,0.7066443307887464,88,0.0159362549800796,40,3,0.0,0.0,0.0,市场情绪强
2026-07-27,688609.SH,九联科技,star,8.78,0.010974495831688639,0.0,-0.0022727272727274,0.0103567318757191,0.6130323984397318,88,0.0159362549800796,40,3,0.0,0.0,0.0,市场情绪强
2026-07-27,300650.SZ,太龙股份,chinext,10.15,0.010972714504597775,0.0,0.0029644268774704,-0.0145631067961164,0.7054717698703911,88,0.0159362549800796,40,10,0.0,0.0,0.0,市场情绪强，板块情绪强
2026-07-27,300189.SZ,神农种业,chinext,4.1,0.010964310191206703,0.0,0.0073710073710071,0.0024449877750609,0.979317353855374,88,0.0159362549800796,40,10,0.0,0.0,0.0,市场情绪强，板块情绪强
2026-07-27,688577.SH,浙海德曼,star,39.0,0.010960970395329728,0.0,-0.0827845719661336,-0.1386925795053003,0.6126446776432786,88,0.0159362549800796,40,3,0.0,0.0,0.0,市场情绪强
2026-07-27,300082.SZ,奥克股份,chinext,7.02,0.010948757394143223,0.0,0.0173913043478259,-0.0014224751066856,1.1420863586300856,88,0.0159362549800796,40,10,0.0,0.0,0.0,市场情绪强，板块情绪强
2026-07-27,300549.SZ,优德精密,chinext,12.08,0.010947754992924413,0.0,-0.0033003300330032,-0.0458135860979462,0.8307301634144039,88,0.0159362549800796,40,10,0.0,0.0,0.0,市场情绪强，板块情绪强
2026-07-27,300442.SZ,润泽科技,chinext,64.8,0.010939718788562751,0.0,-0.056905836122835,0.0068365444375388,0.5931464530785167,88,0.0159362549800796,40,10,0.0,0.0,0.0,市场情绪强，板块情绪强
2026-07-27,688636.SH,智明达,star,16.79,0.01093660794969026,0.0,-0.176153091265947,-0.3804428044280443,0.8733331958915952,88,0.0159362549800796,40,3,0.0,0.0,0.0,市场情绪强
2026-07-27,300992.SZ,泰福泵业,chinext,19.89,0.010931543929981408,0.0,-0.0269080234833659,-0.1140311804008907,0.4894293913111698,88,0.0159362549800796,40,10,0.0,0.0,0.0,市场情绪强，板块情绪强
2026-07-27,688356.SH,键凯科技,star,72.79,0.010921068371564433,0.0,-0.0184735706580365,-0.0655969191270859,0.8041596573817511,88,0.0159362549800796,40,3,0.0,0.0,0.0,市场情绪强
2026-07-27,300902.SZ,国安达,chinext,13.43,0.010918955373905031,0.0,0.037065637065637,-0.0014869888475835,0.763358907156012,88,0.0159362549800796,40,10,0.0,0.0,0.0,市场情绪强，板块情绪强
2026-07-27,300756.SZ,金马游乐,chinext,24.13,0.01089535243210263,0.0,-0.0650910499806276,-0.0722798923490966,0.5637625861560343,88,0.0159362549800796,40,10,0.0,0.0,0.0,市场情绪强，板块情绪强
2026-07-27,301288.SZ,清研环境,chinext,14.25,0.010886778570262705,0.0,-0.0111034004163774,-0.0692357935989549,0.8361775583589401,88,0.0159362549800796,40,10,0.0,0.0,0.0,市场情绪强，板块情绪强
2026-07-27,300487.SZ,蓝晓科技,chinext,61.6,0.010885589008007924,0.0,-0.0541992937202516,-0.0452572845629261,0.7024482248183113,88,0.0159362549800796,40,10,0.0,0.0,0.0,市场情绪强，板块情绪强
2026-07-27,688553.SH,汇宇制药,star,10.06,0.01087981293226095,0.0,-0.1025869759143621,-0.1259774109470025,0.776974037106944,88,0.0159362549800796,40,3,0.0,0.0,0.0,市场情绪强
2026-07-27,301413.SZ,安培龙,chinext,54.21,0.010879508497964898,0.0,-0.0439153439153439,-0.0492809540512101,0.6701203549941891,88,0.0159362549800796,40,10,0.0,0.0,0.0,市场情绪强，板块情绪强
2026-07-27,688367.SH,工大高科,star,24.4,0.01087208243082043,0.0,-0.0232185748598879,-0.0754073512694203,0.7490680225376257,88,0.0159362549800796,40,3,0.0,0.0,0.0,市场情绪强
2026-07-27,301667.SZ,纳百川,chinext,55.0,0.010859754409850183,0.0,0.0,0.0027347310847767,0.8405837760096386,88,0.0159362549800796,40,10,0.0,0.0,0.0,市场情绪强，板块情绪强
2026-07-27,688580.SH,伟思医疗,star,45.26,0.01085514720017442,0.0,-0.0800813008130082,-0.1048259493670886,0.9578386898895296,88,0.0159362549800796,40,3,0.0,0.0,0.0,市场情绪强
2026-07-27,300810.SZ,中科海讯,chinext,22.04,0.010852540979947277,0.0,0.0485252140818268,0.016136468418626,1.1270161213791428,88,0.0159362549800796,40,10,0.0,0.0,0.0,市场情绪强，板块情绪强
2026-07-27,300377.SZ,赢时胜,chinext,12.58,0.010851534415987785,0.0,-0.1215083798882681,-0.0729550478997789,0.8112585799815863,88,0.0159362549800796,40,10,0.0,0.0,0.0,市场情绪强，板块情绪强
2026-07-27,301040.SZ,中环海陆,chinext,21.54,0.010850411315979453,0.0,-0.0064575645756458,-0.0186788154897494,0.7586734850650798,88,0.0159362549800796,40,10,0.0,0.0,0.0,市场情绪强，板块情绪强
2026-07-27,688556.SH,高测股份,star,7.73,0.010826651453659403,0.0,-0.0664251207729467,-0.0916568742655699,0.7284118821265163,88,0.0159362549800796,40,3,0.0,0.0,0.0,市场情绪强
2026-07-27,301398.SZ,星源卓镁,chinext,32.04,0.010826285954524645,0.0,-0.0515097690941386,-0.1269754768392371,0.7050779121018634,88,0.0159362549800796,40,10,0.0,0.0,0.0,市场情绪强，板块情绪强
2026-07-27,300154.SZ,瑞凌股份,chinext,7.14,0.01080053084793686,0.0,-0.0259208731241473,-0.0751295336787565,0.4778699637649652,88,0.0159362549800796,40,10,0.0,0.0,0.0,市场情绪强，板块情绪强
2026-07-27,300735.SZ,光弘科技,chinext,18.75,0.010790325856143415,0.0,-0.0208877284595299,-0.0354938271604938,0.5897065073770144,88,0.0159362549800796,40,10,0.0,0.0,0.0,市场情绪强，板块情绪强
2026-07-27,300723.SZ,一品红,chinext,33.85,0.010762463439804798,0.0,-0.0871089536138078,-0.0769020998091082,0.815212162218692,88,0.0159362549800796,40,10,0.0,0.0,0.0,市场情绪强，板块情绪强
2026-07-27,300588.SZ,熙菱信息,chinext,19.77,0.010756894029432114,0.0,-0.0237037037037036,-0.0040302267002519,0.5663287469412083,88,0.0159362549800796,40,10,0.0,0.0,0.0,市场情绪强，板块情绪强
2026-07-27,301057.SZ,汇隆新材,chinext,18.4,0.010752982223440918,0.0,-0.029023746701847,-0.0505675954592363,0.671406756953572,88,0.0159362549800796,40,10,0.0,0.0,0.0,市场情绪强，板块情绪强
2026-07-27,688310.SH,迈得医疗,star,13.44,0.01074298259022578,0.0,0.0338461538461538,0.0607734806629833,0.5606871876504829,88,0.0159362549800796,40,3,0.0,0.0,0.0,市场情绪强
2026-07-27,300596.SZ,利安隆,chinext,37.75,0.010735025780096191,0.0,0.0015919342000532,0.0272108843537415,0.9023188158824438,88,0.0159362549800796,40,10,0.0,0.0,0.0,市场情绪强，板块情绪强
2026-07-27,300120.SZ,经纬辉开,chinext,6.02,0.010731700788518098,0.0,-0.0368,-0.0892586989409985,0.6076443560753553,88,0.0159362549800796,40,10,0.0,0.0,0.0,市场情绪强，板块情绪强
2026-07-27,300562.SZ,乐心医疗,chinext,12.7,0.01072569728973968,0.0,0.017628205128205,-0.0364188163884674,0.773660539423352,88,0.0159362549800796,40,10,0.0,0.0,0.0,市场情绪强，板块情绪强
2026-07-27,301227.SZ,森鹰窗业,chinext,16.99,0.010720926194127626,0.0,-0.0005882352941177,-0.0962765957446809,0.4668683465397965,88,0.0159362549800796,40,10,0.0,0.0,0.0,市场情绪强，板块情绪强
2026-07-27,688552.SH,航天南湖,star,23.9,0.010714829420616303,0.0,-0.0008361204013379,0.0266323024054981,1.1739848867563554,88,0.0159362549800796,40,3,0.0,0.0,0.0,市场情绪强
2026-07-27,300222.SZ,科大智能,chinext,9.05,0.010695074806353861,0.0,-0.0109289617486338,-0.0413135593220337,0.7549102374820208,88,0.0159362549800796,40,10,0.0,0.0,0.0,市场情绪强，板块情绪强
2026-07-27,301019.SZ,宁波色母,chinext,13.9,0.01069468579869567,0.0,-0.0639730639730639,-0.1565533980582524,0.8440204217575663,88,0.0159362549800796,40,10,0.0,0.0,0.0,市场情绪强，板块情绪强
2026-07-27,301380.SZ,挖金客,chinext,28.56,0.010690293913013228,0.0,0.0325379609544467,-0.0192307692307692,0.6569277373106062,88,0.0159362549800796,40,10,0.0,0.0,0.0,市场情绪强，板块情绪强
2026-07-27,300901.SZ,中胤时尚,chinext,12.21,0.010687562399394886,0.0,0.0251889168765744,-0.0975609756097559,0.5934499132124845,88,0.0159362549800796,40,10,0.0,0.0,0.0,市场情绪强，板块情绪强
2026-07-27,301305.SZ,朗坤科技,chinext,20.77,0.0106849020527617,0.0,0.0102140077821011,0.0024131274131273,0.8235399530987904,88,0.0159362549800796,40,10,0.0,0.0,0.0,市场情绪强，板块情绪强
2026-07-27,301017.SZ,漱玉平民,chinext,12.04,0.010684293575886777,0.0,-0.0227272727272728,-0.0171428571428572,0.5540385756968749,88,0.0159362549800796,40,10,0.0,0.0,0.0,市场情绪强，板块情绪强
2026-07-27,300845.SZ,捷安高科,chinext,9.92,0.01066819442647543,0.0,-0.0303030303030303,-0.1134941912421805,0.4861635815355343,88,0.0159362549800796,40,10,0.0,0.0,0.0,市场情绪强，板块情绪强
2026-07-27,300437.SZ,清水源,chinext,9.79,0.010659122629746396,0.0,0.0187304890738813,-0.0040691759918617,0.820243088485541,88,0.0159362549800796,40,10,0.0,0.0,0.0,市场情绪强，板块情绪强
2026-07-27,300609.SZ,汇纳科技,chinext,23.71,0.010654545977814844,0.0,-0.0214609987618654,-0.0546251993620413,0.5745435841906337,88,0.0159362549800796,40,10,0.0,0.0,0.0,市场情绪强，板块情绪强
2026-07-27,300486.SZ,东杰智能,chinext,16.51,0.010652267532635307,0.0,-0.0709060213843555,-0.1137949543746643,0.5643162348391336,88,0.0159362549800796,40,10,0.0,0.0,0.0,市场情绪强，板块情绪强
2026-07-27,300866.SZ,安克创新,chinext,114.26,0.010647604211940474,0.0,-0.0641330166270783,0.0330922242314648,0.6755732878959818,88,0.0159362549800796,40,10,0.0,0.0,0.0,市场情绪强，板块情绪强
2026-07-27,301696.SZ,三瑞智能,chinext,93.8,0.010644834813856375,0.0,-0.0654578061173658,-0.0831785749193627,0.7568466846666212,88,0.0159362549800796,40,10,0.0,0.0,0.0,市场情绪强，板块情绪强
2026-07-27,688518.SH,联赢激光,star,17.41,0.010642293981011576,0.0,-0.0434065934065933,-0.0568797399783315,0.5837926829063816,88,0.0159362549800796,40,3,0.0,0.0,0.0,市场情绪强
2026-07-27,300927.SZ,江天化学,chinext,19.9,0.010640204887156373,0.0,0.0025188916876572,-0.0478468899521531,0.6706776461240567,88,0.0159362549800796,40,10,0.0,0.0,0.0,市场情绪强，板块情绪强
2026-07-27,300436.SZ,广生堂,chinext,86.33,0.010628538331477878,0.0,-0.0459719306000663,-0.0364955357142856,0.5962793208994374,88,0.0159362549800796,40,10,0.0,0.0,0.0,市场情绪强，板块情绪强
2026-07-27,301618.SZ,长联科技,chinext,30.8,0.010627096128291134,0.0,-0.0689238210399032,-0.1999999999999999,0.7792163127265094,88,0.0159362549800796,40,10,0.0,0.0,0.0,市场情绪强，板块情绪强
2026-07-27,301231.SZ,荣信文化,chinext,21.68,0.01062544517354659,0.0,-0.0445130013221684,-0.0836855452240067,0.591929168145863,88,0.0159362549800796,40,10,0.0,0.0,0.0,市场情绪强，板块情绪强
2026-07-27,688239.SH,航宇科技,star,39.98,0.010622910848208048,0.0,-0.0366265060240964,-0.0546228422794987,0.7233089297675219,88,0.0159362549800796,40,3,0.0,0.0,0.0,市场情绪强
2026-07-27,688255.SH,凯尔达,star,22.14,0.010605544788389867,0.0,-0.0929946743138058,-0.0767306088407006,0.566615519852821,88,0.0159362549800796,40,3,0.0,0.0,0.0,市场情绪强
2026-07-27,301097.SZ,天益医疗,chinext,30.72,0.010568274879780381,0.0,-0.04,-0.0682438580527752,0.5716572691311718,88,0.0159362549800796,40,10,0.0,0.0,0.0,市场情绪强，板块情绪强
2026-07-27,300805.SZ,电声股份,chinext,7.48,0.01056781051235567,0.0,-0.1105826397146254,-0.0855745721271392,0.7606659020289411,88,0.0159362549800796,40,10,0.0,0.0,0.0,市场情绪强，板块情绪强
2026-07-27,300667.SZ,必创科技,chinext,13.33,0.010556026545037995,0.0,0.0030097817908203,0.0007507507507507,0.9160768320034404,88,0.0159362549800796,40,10,0.0,0.0,0.0,市场情绪强，板块情绪强
2026-07-27,300031.SZ,宝通科技,chinext,17.99,0.010550033192115999,0.0,-0.0816743236345074,-0.0451167728237792,0.5447404875154044,88,0.0159362549800796,40,10,0.0,0.0,0.0,市场情绪强，板块情绪强
2026-07-27,688299.SH,长阳科技,star,11.35,0.010523544848526915,0.0,-0.0282534246575342,-0.0764849471114726,0.5777935019298772,88,0.0159362549800796,40,3,0.0,0.0,0.0,市场情绪强
2026-07-27,300531.SZ,优博讯,chinext,16.0,0.010522659128591589,0.0,-0.0903922683342808,-0.0243902439024389,0.7613484239064741,88,0.0159362549800796,40,10,0.0,0.0,0.0,市场情绪强，板块情绪强
2026-07-27,688265.SH,南模生物,star,32.05,0.010492702950432954,0.0,-0.0461309523809525,-0.0570756104736688,0.6092942691778319,88,0.0159362549800796,40,3,0.0,0.0,0.0,市场情绪强
2026-07-27,301395.SZ,仁信新材,chinext,8.46,0.010491753175392943,0.0,-0.0264672036823934,-0.1331967213114753,0.5788621435632376,88,0.0159362549800796,40,10,0.0,0.0,0.0,市场情绪强，板块情绪强
2026-07-27,300838.SZ,浙江力诺,chinext,11.39,0.01048942360280603,0.0,0.02152466367713,-0.0347457627118644,0.6312418536151008,88,0.0159362549800796,40,10,0.0,0.0,0.0,市场情绪强，板块情绪强
2026-07-27,300615.SZ,欣天科技,chinext,8.69,0.010486366491437008,0.0,0.0081206496519721,-0.0125000000000001,0.8569707748453217,88,0.0159362549800796,40,10,0.0,0.0,0.0,市场情绪强，板块情绪强
2026-07-27,301113.SZ,雅艺科技,chinext,13.24,0.01046657907152652,0.0,-0.0192592592592591,-0.0805555555555556,0.7731448773235187,88,0.0159362549800796,40,10,0.0,0.0,0.0,市场情绪强，板块情绪强
2026-07-27,688078.SH,龙软科技,star,20.21,0.010461401652287547,0.0,-0.0969615728328864,-0.0511737089201878,0.8124525814795189,88,0.0159362549800796,40,3,0.0,0.0,0.0,市场情绪强
2026-07-27,688790.SH,昂瑞微,star,88.29,0.01043597725147814,0.0,-0.0609444798978939,-0.1070092040052593,0.6773238464009632,88,0.0159362549800796,40,3,0.0,0.0,0.0,市场情绪强
2026-07-27,301163.SZ,宏德股份,chinext,20.04,0.010428864331667013,0.0,-0.0029850746268658,-0.0425226946966077,0.733361625869879,88,0.0159362549800796,40,10,0.0,0.0,0.0,市场情绪强，板块情绪强
2026-07-27,301516.SZ,中远通,chinext,16.08,0.010412703353252634,0.0,-0.0971364402021336,-0.1031790295593977,0.7465159041609876,88,0.0159362549800796,40,10,0.0,0.0,0.0,市场情绪强，板块情绪强
2026-07-27,688336.SH,三生国健,star,42.7,0.010409580668415559,0.0,-0.0343735866123925,-0.0310869071931018,0.6421726828922116,88,0.0159362549800796,40,3,0.0,0.0,0.0,市场情绪强
2026-07-27,688073.SH,毕得医药,star,47.07,0.010394268619367587,0.0,-0.0525362318840579,-0.0324768756423432,0.7591875638139414,88,0.0159362549800796,40,3,0.0,0.0,0.0,市场情绪强
2026-07-27,688522.SH,纳睿雷达,star,18.05,0.010378078061688008,0.0,-0.0676652892561983,-0.1355363984674329,0.607320591882212,88,0.0159362549800796,40,3,0.0,0.0,0.0,市场情绪强
2026-07-27,300608.SZ,思特奇,chinext,9.01,0.010374430415610703,0.0,0.0123595505617977,0.0078299776286354,0.7151105469038076,88,0.0159362549800796,40,10,0.0,0.0,0.0,市场情绪强，板块情绪强
2026-07-27,300103.SZ,达刚控股,chinext,6.37,0.010374130801659415,0.0,0.0175718849840256,-0.0548961424332344,0.6424990360952576,88,0.0159362549800796,40,10,0.0,0.0,0.0,市场情绪强，板块情绪强
2026-07-27,300343.SZ,联创股份,chinext,5.7,0.010370766779984606,0.0,-0.0222984562607203,0.0160427807486631,0.8057009672166225,88,0.0159362549800796,40,10,0.0,0.0,0.0,市场情绪强，板块情绪强
2026-07-27,301510.SZ,固高科技,chinext,24.0,0.010368601218267957,0.0,-0.0751445086705202,-0.0804597701149425,0.7356947521467485,88,0.0159362549800796,40,10,0.0,0.0,0.0,市场情绪强，板块情绪强
2026-07-27,688656.SH,浩欧博,star,79.04,0.010366175616604044,0.0,-0.0443719018256557,-0.0303030303030302,0.6109809051907859,88,0.0159362549800796,40,3,0.0,0.0,0.0,市场情绪强
2026-07-27,688391.SH,钜泉科技,star,23.32,0.010356710899793859,0.0,-0.0442622950819671,-0.0679456434852118,0.6110048039409677,88,0.0159362549800796,40,3,0.0,0.0,0.0,市场情绪强
2026-07-27,300715.SZ,凯伦股份,chinext,11.74,0.010351455385624366,0.0,-0.0408496732026143,-0.0623003194888178,0.6656423835549572,88,0.0159362549800796,40,10,0.0,0.0,0.0,市场情绪强，板块情绪强
2026-07-27,688283.SH,坤恒顺维,star,24.41,0.010347376376128746,0.0,-0.0301946762018275,-0.0760787282361847,0.6539395431482588,88,0.0159362549800796,40,3,0.0,0.0,0.0,市场情绪强
2026-07-27,688798.SH,艾为电子,star,54.4,0.010345402535677263,0.0,-0.0899966543994646,-0.1168831168831169,0.8732563653579034,88,0.0159362549800796,40,3,0.0,0.0,0.0,市场情绪强
2026-07-27,301590.SZ,优优绿能,chinext,99.0,0.010333453279340472,0.0,-0.0195107457660691,-0.0658614832987356,0.690349332874337,88,0.0159362549800796,40,10,0.0,0.0,0.0,市场情绪强，板块情绪强
2026-07-27,688316.SH,青云科技,star,43.8,0.010332697013162431,0.0,-0.0494791666666667,-0.0177169769006505,0.7371173955288085,88,0.0159362549800796,40,3,0.0,0.0,0.0,市场情绪强
2026-07-27,300693.SZ,盛弘股份,chinext,34.33,0.010332436107723606,0.0,-0.0183014012010295,0.0241646778042958,0.7589215993737864,88,0.0159362549800796,40,10,0.0,0.0,0.0,市场情绪强，板块情绪强
2026-07-27,688251.SH,井松智能,star,18.21,0.010323890894704231,0.0,-0.0214938205265985,-0.0709183673469388,0.8559408086379533,88,0.0159362549800796,40,3,0.0,0.0,0.0,市场情绪强
2026-07-27,688737.SH,中自科技,star,16.13,0.0103173738237049,0.0,-0.0061614294516328,-0.0055487053020961,0.661376447745613,88,0.0159362549800796,40,3,0.0,0.0,0.0,市场情绪强
2026-07-27,300970.SZ,华绿生物,chinext,14.97,0.010315268371871645,0.0,0.0074024226110365,-0.0561160151324084,0.7285818109836314,88,0.0159362549800796,40,10,0.0,0.0,0.0,市场情绪强，板块情绪强
2026-07-27,300424.SZ,航新科技,chinext,12.72,0.010305550621942196,0.0,0.0127388535031847,-0.0085736554949337,0.99882623527315,88,0.0159362549800796,40,10,0.0,0.0,0.0,市场情绪强，板块情绪强
2026-07-27,300254.SZ,仟源医药,chinext,7.27,0.010284985746350207,0.0,-0.0332446808510638,-0.1057810578105782,0.5768043582166097,88,0.0159362549800796,40,10,0.0,0.0,0.0,市场情绪强，板块情绪强
2026-07-27,300844.SZ,山水比德,chinext,19.86,0.01028081485080955,0.0,-0.026470588235294,-0.0565320665083135,0.5073362216586973,88,0.0159362549800796,40,10,0.0,0.0,0.0,市场情绪强，板块情绪强
2026-07-27,688083.SH,中望软件,star,42.65,0.010268576109060602,0.0,-0.1366396761133603,-0.1720054358377014,0.6538047420172988,88,0.0159362549800796,40,3,0.0,0.0,0.0,市场情绪强
2026-07-27,300316.SZ,晶盛机电,chinext,39.01,0.010260816681707884,0.0,0.0129836406128278,0.0416555407209611,0.6451870536363228,88,0.0159362549800796,40,10,0.0,0.0,0.0,市场情绪强，板块情绪强
2026-07-27,301287.SZ,康力源,chinext,31.45,0.010257257602746789,0.0,0.0102794731769997,-0.0411585365853658,1.2015173384307516,88,0.0159362549800796,40,10,0.0,0.0,0.0,市场情绪强，板块情绪强
2026-07-27,300235.SZ,方直科技,chinext,10.15,0.0102557915305415,0.0,-0.0230991337824831,-0.0722120658135282,0.7232838729988089,88,0.0159362549800796,40,10,0.0,0.0,0.0,市场情绪强，板块情绪强
2026-07-27,688160.SH,步科股份,star,95.0,0.010254902908436177,0.0,-0.1317064253724522,-0.1122325016353612,0.8844377571947394,88,0.0159362549800796,40,3,0.0,0.0,0.0,市场情绪强
2026-07-27,300942.SZ,易瑞生物,chinext,5.72,0.010250682511153186,0.0,-0.0272108843537415,-0.0789049919484702,0.6993798091085343,88,0.0159362549800796,40,10,0.0,0.0,0.0,市场情绪强，板块情绪强
2026-07-27,301118.SZ,恒光股份,chinext,18.43,0.010247650021721422,0.0,-0.0064690026954178,-0.0548717948717948,0.6316326571728077,88,0.0159362549800796,40,10,0.0,0.0,0.0,市场情绪强，板块情绪强
2026-07-27,301513.SZ,尚水智能,chinext,45.71,0.010247230821215968,0.0,-0.0080295138888888,-0.0490950696900353,0.7339070582705269,88,0.0159362549800796,40,10,0.0,0.0,0.0,市场情绪强，板块情绪强
2026-07-27,300913.SZ,兆龙互连,chinext,33.0,0.010234279454772762,0.0,-0.0367775831873904,-0.0066225165562913,0.7048437731876087,88,0.0159362549800796,40,10,0.0,0.0,0.0,市场情绪强，板块情绪强
2026-07-27,300058.SZ,蓝色光标,chinext,11.21,0.010232465459181488,0.0,-0.1096108022239872,-0.0766062602965403,0.8089527045919556,88,0.0159362549800796,40,10,0.0,0.0,0.0,市场情绪强，板块情绪强
2026-07-27,688229.SH,博睿数据,star,59.54,0.01020975698971859,0.0,-0.052815781100859,-0.0965098634294386,0.7837215747627552,88,0.0159362549800796,40,3,0.0,0.0,0.0,市场情绪强
2026-07-27,301152.SZ,天力锂能,chinext,19.11,0.010209375691675454,0.0,0.0219251336898396,-0.02,0.8205814055697171,88,0.0159362549800796,40,10,0.0,0.0,0.0,市场情绪强，板块情绪强
2026-07-27,300713.SZ,英可瑞,chinext,11.25,0.010185513770253708,0.0,0.0026737967914438,-0.0293356341673857,0.6778960450571103,88,0.0159362549800796,40,10,0.0,0.0,0.0,市场情绪强，板块情绪强
2026-07-27,301219.SZ,腾远钴业,chinext,43.35,0.010177562955504918,0.0,-0.0214446952595935,0.0133239831697054,0.8658348440627932,88,0.0159362549800796,40,10,0.0,0.0,0.0,市场情绪强，板块情绪强
2026-07-27,300468.SZ,四方精创,chinext,18.97,0.010165427540795875,0.0,-0.0728250244379277,0.0265151515151513,0.5655608070916357,88,0.0159362549800796,40,10,0.0,0.0,0.0,市场情绪强，板块情绪强
2026-07-27,300578.SZ,会畅科技,chinext,14.12,0.010161205380866655,0.0,0.0136396267049532,0.007132667617689,0.6598452716466222,88,0.0159362549800796,40,10,0.0,0.0,0.0,市场情绪强，板块情绪强
2026-07-27,688597.SH,煜邦电力,star,5.77,0.010154282165134662,0.0,-0.026981450252951,-0.1012461059190031,0.6444538728272269,88,0.0159362549800796,40,3,0.0,0.0,0.0,市场情绪强
2026-07-27,300536.SZ,农尚环境,chinext,7.22,0.010150046212766729,0.0,-0.0190217391304348,-0.0779054916985951,0.5917414959968151,88,0.0159362549800796,40,10,0.0,0.0,0.0,市场情绪强，板块情绪强
2026-07-27,688180.SH,君实生物,star,35.88,0.0101167123430688,0.0,-0.0204750204750204,0.0222222222222221,0.8281934507078371,88,0.0159362549800796,40,3,0.0,0.0,0.0,市场情绪强
2026-07-27,688157.SH,松井股份,star,16.44,0.010109696166840973,0.0,-0.0447414294015107,-0.0524495677233429,0.6329364820720476,88,0.0159362549800796,40,3,0.0,0.0,0.0,市场情绪强
2026-07-27,301079.SZ,邵阳液压,chinext,25.23,0.01008029064513218,0.0,-0.0186697782963827,-0.0511470477623166,0.6671645568698532,88,0.0159362549800796,40,10,0.0,0.0,0.0,市场情绪强，板块情绪强
2026-07-27,301329.SZ,信音电子,chinext,17.37,0.010071566895452433,0.0,-0.0125071063104035,-0.0247052217855135,0.7554867517283623,88,0.0159362549800796,40,10,0.0,0.0,0.0,市场情绪强，板块情绪强
2026-07-27,300785.SZ,值得买,chinext,32.15,0.010068912099696193,0.0,-0.0721500721500721,-0.0969101123595506,0.5176570856555245,88,0.0159362549800796,40,10,0.0,0.0,0.0,市场情绪强，板块情绪强
2026-07-27,300582.SZ,英飞特,chinext,9.6,0.010064173502867528,0.0,-0.0214067278287463,-0.0380761523046092,0.8721149660710289,88,0.0159362549800796,40,10,0.0,0.0,0.0,市场情绪强，板块情绪强
2026-07-27,300268.SZ,佳沃食品,chinext,9.48,0.010058454953514862,0.0,-0.0186335403726707,-0.0875842155919153,0.629624352225704,88,0.0159362549800796,40,10,0.0,0.0,0.0,市场情绪强，板块情绪强
2026-07-27,688217.SH,睿昂基因,star,18.73,0.01004907230312925,0.0,-0.0350334878928387,-0.1308584686774941,0.5303571297564488,88,0.0159362549800796,40,3,0.0,0.0,0.0,市场情绪强
2026-07-27,300287.SZ,飞利信,chinext,3.46,0.01004550116876437,0.0,-0.128463476070529,-0.0597826086956522,0.7859396684320339,88,0.0159362549800796,40,10,0.0,0.0,0.0,市场情绪强，板块情绪强
2026-07-27,301059.SZ,金三江,chinext,10.13,0.010039867724275911,0.0,-0.0009861932938856,-0.0807622504537204,0.5066048106264449,88,0.0159362549800796,40,10,0.0,0.0,0.0,市场情绪强，板块情绪强
2026-07-27,688779.SH,五矿新能,star,7.01,0.010032535259699195,0.0,-0.0042613636363636,0.0478325859491777,1.2318798837023588,88,0.0159362549800796,40,3,0.0,0.0,0.0,市场情绪强
2026-07-27,300126.SZ,锐奇股份,chinext,5.25,0.010027677508237062,0.0,-0.0075614366729678,-0.0591397849462366,0.6349213259277786,88,0.0159362549800796,40,10,0.0,0.0,0.0,市场情绪强，板块情绪强
2026-07-27,300885.SZ,海昌新材,chinext,18.45,0.010027621623262904,0.0,-0.0345368916797488,-0.0489690721649483,0.5815566176566863,88,0.0159362549800796,40,10,0.0,0.0,0.0,市场情绪强，板块情绪强
2026-07-27,300445.SZ,康斯特,chinext,16.97,0.01001686267957862,0.0,0.0259975816203144,-0.0104956268221574,0.72133388960146,88,0.0159362549800796,40,10,0.0,0.0,0.0,市场情绪强，板块情绪强
2026-07-27,300828.SZ,锐新科技,chinext,13.69,0.010009918187134544,0.0,-0.0207439198855508,-0.0616860863605209,0.596355159449583,88,0.0159362549800796,40,10,0.0,0.0,0.0,市场情绪强，板块情绪强
2026-07-27,688087.SH,英科再生,star,36.94,0.010007227604427288,0.0,-0.0375195414278271,0.0210060807075731,0.4092847427939651,88,0.0159362549800796,40,3,0.0,0.0,0.0,市场情绪强
2026-07-27,688781.SH,视涯科技,star,35.7,0.010005128558722898,0.0,-0.0555555555555553,-0.0385133315378399,0.6611408732558014,88,0.0159362549800796,40,3,0.0,0.0,0.0,市场情绪强
2026-07-27,688051.SH,佳华科技,star,20.15,0.010002746001436011,0.0,-0.0108001963672067,-0.0194647201946472,0.778759073507821,88,0.0159362549800796,40,3,0.0,0.0,0.0,市场情绪强
2026-07-27,301181.SZ,标榜股份,chinext,19.01,0.00998325571346369,0.0,-0.0073107049608353,-0.0394138453764526,0.6604212387442185,88,0.0159362549800796,40,10,0.0,0.0,0.0,市场情绪强，板块情绪强
2026-07-27,300197.SZ,节能铁汉,chinext,1.7,0.009981606106689592,0.0,-0.0058479532163743,0.0059171597633136,0.8550739790750045,88,0.0159362549800796,40,10,0.0,0.0,0.0,市场情绪强，板块情绪强
2026-07-27,300708.SZ,聚灿光电,chinext,7.28,0.009980707195489479,0.0,0.0,-0.0135501355013549,1.0293651710987457,88,0.0159362549800796,40,10,0.0,0.0,0.0,市场情绪强，板块情绪强
2026-07-27,300286.SZ,安科瑞,chinext,19.46,0.009966944846883293,0.0,0.0082901554404144,0.0610687022900764,0.8897141821612231,88,0.0159362549800796,40,10,0.0,0.0,0.0,市场情绪强，板块情绪强
2026-07-27,300881.SZ,盛德鑫泰,chinext,31.65,0.009964307413647427,0.0,0.0105363984674329,-0.0285451197053406,0.978360988516094,88,0.0159362549800796,40,10,0.0,0.0,0.0,市场情绪强，板块情绪强
2026-07-27,301617.SZ,博苑新材,chinext,45.31,0.009963784188884986,0.0,-0.0119930222416048,0.0100312082032991,0.7260389390302532,88,0.0159362549800796,40,10,0.0,0.0,0.0,市场情绪强，板块情绪强
2026-07-27,300252.SZ,金信诺,chinext,10.52,0.009953410014835413,0.0,-0.0471014492753623,-0.0479638009049774,0.7057385957971787,88,0.0159362549800796,40,10,0.0,0.0,0.0,市场情绪强，板块情绪强
2026-07-27,301126.SZ,达嘉维康,chinext,8.0,0.00994728707408676,0.0,-0.0361445783132531,-0.1101223581757508,0.6579627176137314,88,0.0159362549800796,40,10,0.0,0.0,0.0,市场情绪强，板块情绪强
2026-07-27,300053.SZ,航宇微,chinext,11.52,0.009943857140782822,0.0,-0.0565110565110565,-0.0534100246507805,0.7351502870798138,88,0.0159362549800796,40,10,0.0,0.0,0.0,市场情绪强，板块情绪强
2026-07-27,688395.SH,正弦电气,star,18.76,0.00994351449474645,0.0,-0.0289855072463767,-0.0544354838709676,0.6038952528829391,88,0.0159362549800796,40,3,0.0,0.0,0.0,市场情绪强
2026-07-27,688600.SH,皖仪科技,star,22.31,0.009941136235552997,0.0,-0.0044622936189201,-0.0486140724946695,0.5712016704479189,88,0.0159362549800796,40,3,0.0,0.0,0.0,市场情绪强
2026-07-27,301192.SZ,泰祥股份,chinext,16.82,0.009938964679234231,0.0,-0.0140679953106681,-0.0582306830907054,0.8110485225812827,88,0.0159362549800796,40,10,0.0,0.0,0.0,市场情绪强，板块情绪强
2026-07-27,688611.SH,杭州柯林,star,55.52,0.009930300530724644,0.0,-0.056744818212708,0.0065264684554025,0.3679096400594929,88,0.0159362549800796,40,3,0.0,0.0,0.0,市场情绪强
2026-07-27,301333.SZ,诺思格,chinext,47.67,0.009921637875171089,0.0,-0.0795520370727939,-0.0923457730388424,0.8637883361796511,88,0.0159362549800796,40,10,0.0,0.0,0.0,市场情绪强，板块情绪强
2026-07-27,688321.SH,微芯生物,star,28.2,0.009917063219995552,0.0,-0.0269151138716357,0.0089445438282647,0.8200483900566639,88,0.0159362549800796,40,3,0.0,0.0,0.0,市场情绪强
2026-07-27,300880.SZ,迦南智能,chinext,17.24,0.00991293852834565,0.0,-0.0464601769911504,-0.0954879328436516,1.0797505546183583,88,0.0159362549800796,40,10,0.0,0.0,0.0,市场情绪强，板块情绪强
2026-07-27,300086.SZ,康芝药业,chinext,5.81,0.009910628899337734,0.0,-0.021885521885522,-0.0659163987138263,0.6726841965361879,88,0.0159362549800796,40,10,0.0,0.0,0.0,市场情绪强，板块情绪强
2026-07-27,301408.SZ,华人健康,chinext,13.08,0.009902524182637783,0.0,-0.0743099787685775,-0.1010309278350516,0.7837549000482197,88,0.0159362549800796,40,10,0.0,0.0,0.0,市场情绪强，板块情绪强
2026-07-27,300423.SZ,昇辉科技,chinext,5.29,0.009900547886464776,0.0,0.029182879377432,-0.0075046904315196,0.9174170659855057,88,0.0159362549800796,40,10,0.0,0.0,0.0,市场情绪强，板块情绪强
2026-07-27,300953.SZ,震裕科技,chinext,90.6,0.009897066238356579,0.0,-0.0818808269152818,-0.0876132930513595,0.8279475310195452,88,0.0159362549800796,40,10,0.0,0.0,0.0,市场情绪强，板块情绪强
2026-07-27,301010.SZ,晶雪节能,chinext,14.34,0.009895139267926078,0.0,-0.0110344827586207,-0.0682261208576998,0.7384394539575618,88,0.0159362549800796,40,10,0.0,0.0,0.0,市场情绪强，板块情绪强
2026-07-27,301211.SZ,亨迪药业,chinext,10.21,0.00988930899746846,0.0,-0.0972590627763041,-0.102022867194371,0.7200304553711808,88,0.0159362549800796,40,10,0.0,0.0,0.0,市场情绪强，板块情绪强
2026-07-27,301020.SZ,密封科技,chinext,17.13,0.009885087828745007,0.0,0.0005841121495326,-0.0278093076049944,0.6626097250998613,88,0.0159362549800796,40,10,0.0,0.0,0.0,市场情绪强，板块情绪强
2026-07-27,300840.SZ,酷特智能,chinext,14.9,0.009868907932592175,0.0,-0.0768277571251548,-0.0936739659367397,0.5820535497530155,88,0.0159362549800796,40,10,0.0,0.0,0.0,市场情绪强，板块情绪强
2026-07-27,300520.SZ,科大国创,chinext,22.31,0.009850722994351298,0.0,-0.0295780774249673,-0.0057932263814617,0.6492975996666193,88,0.0159362549800796,40,10,0.0,0.0,0.0,市场情绪强，板块情绪强
2026-07-27,300692.SZ,中赋科技,chinext,7.98,0.009841285123868154,0.0,0.0012547051442912,-0.0817031070195626,0.6562248356015165,88,0.0159362549800796,40,10,0.0,0.0,0.0,市场情绪强，板块情绪强
2026-07-27,300051.SZ,琏升科技,chinext,7.15,0.0098377399525548,0.0,0.0199714693295294,0.0028050490883591,0.793331458433129,88,0.0159362549800796,40,10,0.0,0.0,0.0,市场情绪强，板块情绪强
2026-07-27,688573.SH,信宇人,star,13.66,0.009826363389176676,0.0,-0.0249821556031405,-0.0650239561943873,0.7076369528419522,88,0.0159362549800796,40,3,0.0,0.0,0.0,市场情绪强
2026-07-27,688516.SH,奥特维,star,37.36,0.009823627171475778,0.0,-0.0539377057482908,-0.0457215836526181,0.719734341532586,88,0.0159362549800796,40,3,0.0,0.0,0.0,市场情绪强
2026-07-27,300861.SZ,美畅股份,chinext,15.25,0.009820332720121248,0.0,-0.0438871473354232,-0.0551425030978934,0.6497791616270002,88,0.0159362549800796,40,10,0.0,0.0,0.0,市场情绪强，板块情绪强
2026-07-27,300890.SZ,翔丰华,chinext,23.95,0.009814372313740487,0.0,-0.0004173622704508,-0.0127782357790602,0.7240548621955435,88,0.0159362549800796,40,10,0.0,0.0,0.0,市场情绪强，板块情绪强
2026-07-27,688592.SH,司南导航,star,21.1,0.009798506757222516,0.0,-0.0204271123491178,-0.1017454235845038,0.7559755677989186,88,0.0159362549800796,40,3,0.0,0.0,0.0,市场情绪强
2026-07-27,300541.SZ,先进数通,chinext,9.83,0.009792999671527306,0.0,-0.0511583011583011,0.0061412487205732,0.811202724746983,88,0.0159362549800796,40,10,0.0,0.0,0.0,市场情绪强，板块情绪强
2026-07-27,300095.SZ,华伍股份,chinext,7.47,0.009787945349543458,0.0,0.0067385444743934,-0.0639097744360903,0.6649494039493398,88,0.0159362549800796,40,10,0.0,0.0,0.0,市场情绪强，板块情绪强
2026-07-27,300393.SZ,中来股份,chinext,5.42,0.00977991728081584,0.0,-0.0198915009041591,-0.0216606498194945,0.649484685448195,88,0.0159362549800796,40,10,0.0,0.0,0.0,市场情绪强，板块情绪强
2026-07-27,300231.SZ,银信科技,chinext,7.96,0.00975770598060087,0.0,-0.1145717463848721,-0.0591016548463357,0.6813047660124025,88,0.0159362549800796,40,10,0.0,0.0,0.0,市场情绪强，板块情绪强
2026-07-27,300264.SZ,佳创视讯,chinext,6.06,0.009749788716370913,0.0,-0.1035502958579882,-0.1440677966101695,0.7518141147239202,88,0.0159362549800796,40,10,0.0,0.0,0.0,市场情绪强，板块情绪强
2026-07-27,300621.SZ,维业股份,chinext,5.92,0.009749223405901198,0.0,-0.0116861435726211,-0.0573248407643313,0.7813141314670733,88,0.0159362549800796,40,10,0.0,0.0,0.0,市场情绪强，板块情绪强
2026-07-27,688772.SH,珠海冠宇,star,13.63,0.009747142610634644,0.0,-0.0401408450704224,-0.0408163265306122,0.6152452985241653,88,0.0159362549800796,40,3,0.0,0.0,0.0,市场情绪强
2026-07-27,688648.SH,中邮科技,star,28.07,0.009739427275861233,0.0,-0.0280470914127423,-0.033069238718567,0.6173909417256193,88,0.0159362549800796,40,3,0.0,0.0,0.0,市场情绪强
2026-07-27,300530.SZ,领湃科技,chinext,14.94,0.009717025230207073,0.0,-0.004,-0.0379909851899549,0.7698877232116348,88,0.0159362549800796,40,10,0.0,0.0,0.0,市场情绪强，板块情绪强
2026-07-27,300008.SZ,天海防务,chinext,6.12,0.009713738380420295,0.0,0.0533562822719451,0.0928571428571429,2.049729613053839,88,0.0159362549800796,40,10,0.0,0.0,0.0,成交量放大，短线动量强，市场情绪强，板块情绪强
2026-07-27,301517.SZ,陕西华达,chinext,36.32,0.00970736110045027,0.0,-0.0095445868557404,-0.0314666666666666,0.6831152223912214,88,0.0159362549800796,40,10,0.0,0.0,0.0,市场情绪强，板块情绪强
2026-07-27,300481.SZ,濮阳惠成,chinext,12.75,0.009701013612961659,0.0,-0.0391861341371514,-0.0631888317413665,0.5536339194593537,88,0.0159362549800796,40,10,0.0,0.0,0.0,市场情绪强，板块情绪强
2026-07-27,300354.SZ,东华测试,chinext,27.32,0.009697112577794638,0.0,-0.0595524956970739,-0.0767151064548834,0.5265978169187258,88,0.0159362549800796,40,10,0.0,0.0,0.0,市场情绪强，板块情绪强
2026-07-27,300320.SZ,海达股份,chinext,7.96,0.009693819724464488,0.0,0.0050505050505049,0.0012578616352201,1.4202692589232122,88,0.0159362549800796,40,10,0.0,0.0,0.0,市场情绪强，板块情绪强
2026-07-27,301487.SZ,盟固利,chinext,14.81,0.009666117908054382,0.0,-0.0269382391590012,-0.0205026455026454,0.652827556829663,88,0.0159362549800796,40,10,0.0,0.0,0.0,市场情绪强，板块情绪强
2026-07-27,300345.SZ,华民股份,chinext,5.2,0.009652963858509125,0.0,-0.069767441860465,-0.1289782244556113,0.7722738917123435,88,0.0159362549800796,40,10,0.0,0.0,0.0,市场情绪强，板块情绪强
2026-07-27,688571.SH,杭华股份,star,6.79,0.009652954046399414,0.0,-0.0490196078431371,-0.0946666666666666,0.5332816667565959,88,0.0159362549800796,40,3,0.0,0.0,0.0,市场情绪强
2026-07-27,301363.SZ,美好医疗,chinext,15.25,0.009650313034314146,0.0,-0.0426867545511613,-0.1107871720116617,0.6863826241156719,88,0.0159362549800796,40,10,0.0,0.0,0.0,市场情绪强，板块情绪强
2026-07-27,301388.SZ,欣灵电气,chinext,21.03,0.009646217683699342,0.0,0.0134939759036145,-0.015449438202247,0.6994823602441228,88,0.0159362549800796,40,10,0.0,0.0,0.0,市场情绪强，板块情绪强
2026-07-27,688101.SH,三达膜,star,14.35,0.00964341723961668,0.0,-0.105361596009975,-0.180468303826385,0.5852717925327793,88,0.0159362549800796,40,3,0.0,0.0,0.0,市场情绪强
2026-07-27,688238.SH,和元生物,star,5.43,0.009638140563087198,0.0,-0.0506993006993007,-0.0904522613065327,0.6611635193641507,88,0.0159362549800796,40,3,0.0,0.0,0.0,市场情绪强
2026-07-27,300865.SZ,大宏立,chinext,20.21,0.009629604536049614,0.0,-0.0004945598417407,-0.0457979225684607,0.5584635798734364,88,0.0159362549800796,40,10,0.0,0.0,0.0,市场情绪强，板块情绪强
2026-07-27,300886.SZ,华业香料,chinext,19.66,0.00962772807483578,0.0,0.005626598465473,-0.0602294455066921,0.6991000445944299,88,0.0159362549800796,40,10,0.0,0.0,0.0,市场情绪强，板块情绪强
2026-07-27,301171.SZ,易点天下,chinext,25.2,0.009622969923351243,0.0,-0.081967213114754,-0.0526315789473684,0.7760659916587587,88,0.0159362549800796,40,10,0.0,0.0,0.0,市场情绪强，板块情绪强
2026-07-27,300750.SZ,宁德时代,chinext,383.01,0.009611982933716791,0.0,0.0021193092621663,0.0639166666666666,0.7015440326270281,88,0.0159362549800796,40,10,0.0,0.0,0.0,市场情绪强，板块情绪强
2026-07-27,301636.SZ,泽润新能,chinext,35.76,0.00960772873275178,0.0,0.0164866401364411,-0.0242837653478854,0.6509986403481726,88,0.0159362549800796,40,10,0.0,0.0,0.0,市场情绪强，板块情绪强
2026-07-27,688658.SH,悦康药业,star,11.42,0.009604314941511618,0.0,-0.0986582478295186,-0.1098986749805144,0.9007869536863912,88,0.0159362549800796,40,3,0.0,0.0,0.0,市场情绪强
2026-07-27,688105.SH,诺唯赞,star,16.88,0.009593059715369981,0.0,-0.022016222479722,0.0,0.7980241361181255,88,0.0159362549800796,40,3,0.0,0.0,0.0,市场情绪强
2026-07-27,688259.SH,创耀科技,star,27.27,0.009592111555448717,0.0,-0.0583563535911603,-0.0730795377294358,0.6953839423897693,88,0.0159362549800796,40,3,0.0,0.0,0.0,市场情绪强
2026-07-27,301155.SZ,海力风电,chinext,38.86,0.009574695011986227,0.0,0.0036157024793388,0.0277704311028827,1.207708178761958,88,0.0159362549800796,40,10,0.0,0.0,0.0,市场情绪强，板块情绪强
2026-07-27,300695.SZ,兆丰股份,chinext,42.21,0.009570081365960346,0.0,-0.0510341726618703,-0.1401507435322876,0.5235072723365168,88,0.0159362549800796,40,10,0.0,0.0,0.0,市场情绪强，板块情绪强
2026-07-27,300564.SZ,筑博设计,chinext,10.96,0.009568672938021295,0.0,-0.0196779964221823,-0.1045751633986927,0.5464784129899544,88,0.0159362549800796,40,10,0.0,0.0,0.0,市场情绪强，板块情绪强
2026-07-27,301512.SZ,智信精密,chinext,36.3,0.009566038147247264,0.0,-0.0092794759825328,-0.0345744680851064,0.6608871484486825,88,0.0159362549800796,40,10,0.0,0.0,0.0,市场情绪强，板块情绪强
2026-07-27,688701.SH,卓锦股份,star,6.24,0.009561446618389131,0.0,-0.0157728706624604,-0.0602409638554216,0.7095359415178742,88,0.0159362549800796,40,3,0.0,0.0,0.0,市场情绪强
2026-07-27,688292.SH,浩瀚深度,star,14.88,0.009556422917730149,0.0,-0.0461538461538461,-0.0558375634517765,0.666894520735474,88,0.0159362549800796,40,3,0.0,0.0,0.0,市场情绪强
2026-07-27,688005.SH,容百科技,star,25.6,0.009538783276358088,0.0,-0.0397599399849961,0.067556296914095,0.7408531584570331,88,0.0159362549800796,40,3,0.0,0.0,0.0,市场情绪强
2026-07-27,300603.SZ,立昂技术,chinext,7.29,0.009524337560495411,0.0,0.0282087447108603,0.0238764044943819,0.5749338796389314,88,0.0159362549800796,40,10,0.0,0.0,0.0,市场情绪强，板块情绪强
2026-07-27,300930.SZ,屹通新材,chinext,21.7,0.009523554185715906,0.0,-0.0104879160966712,-0.0406719717064545,0.5979028218246902,88,0.0159362549800796,40,10,0.0,0.0,0.0,市场情绪强，板块情绪强
2026-07-27,688355.SH,明志科技,star,15.08,0.009522013831919354,0.0,-0.0233160621761657,-0.0997014925373134,0.408412687657414,88,0.0159362549800796,40,3,0.0,0.0,0.0,市场情绪强
2026-07-27,688681.SH,科汇股份,star,14.02,0.009516173386853123,0.0,0.0241051862673484,-0.016140350877193,0.7690020851662059,88,0.0159362549800796,40,3,0.0,0.0,0.0,市场情绪强
2026-07-27,300550.SZ,和仁科技,chinext,10.12,0.009515657329883076,0.0,-0.0550887021475258,-0.1538461538461539,0.5260505758762425,88,0.0159362549800796,40,10,0.0,0.0,0.0,市场情绪强，板块情绪强
2026-07-27,300146.SZ,汤臣倍健,chinext,9.7,0.009512867725490818,0.0,-0.0857681432610745,-0.0357852882703778,0.4980540373009887,88,0.0159362549800796,40,10,0.0,0.0,0.0,市场情绪强，板块情绪强
2026-07-27,300949.SZ,奥雅股份,chinext,18.56,0.009494474078693214,0.0,-0.0148619957537156,-0.053061224489796,0.6452976082405043,88,0.0159362549800796,40,10,0.0,0.0,0.0,市场情绪强，板块情绪强
2026-07-27,300737.SZ,科顺股份,chinext,4.55,0.009477655350375125,0.0,-0.0599173553719007,-0.0770791075050709,0.9951859364500965,88,0.0159362549800796,40,10,0.0,0.0,0.0,市场情绪强，板块情绪强
2026-07-27,300827.SZ,上能电气,chinext,24.03,0.009476761029262207,0.0,0.0113636363636362,0.0160676532769556,0.975422967742438,88,0.0159362549800796,40,10,0.0,0.0,0.0,市场情绪强，板块情绪强
2026-07-27,688248.SH,南网科技,star,41.52,0.009466312662262668,0.0,-0.0422145328719723,0.0886208704771893,0.519293859903118,88,0.0159362549800796,40,3,0.0,0.0,0.0,市场情绪强
2026-07-27,300422.SZ,博世科,chinext,4.11,0.00946163196113435,0.0,0.0148148148148148,-0.0306603773584905,0.8148023254728383,88,0.0159362549800796,40,10,0.0,0.0,0.0,市场情绪强，板块情绪强
2026-07-27,300281.SZ,金明精机,chinext,5.31,0.009458732047661032,0.0,-0.0111731843575419,-0.0797227036395147,0.6220618541700838,88,0.0159362549800796,40,10,0.0,0.0,0.0,市场情绪强，板块情绪强
2026-07-27,300977.SZ,深圳瑞捷,chinext,13.79,0.009457518000184142,0.0,0.0132255694342395,-0.0219858156028369,0.8620787181168247,88,0.0159362549800796,40,10,0.0,0.0,0.0,市场情绪强，板块情绪强
2026-07-27,300647.SZ,超频三,chinext,4.73,0.009454049153747571,0.0,-0.0327198364008178,-0.0539999999999999,0.8438315019815326,88,0.0159362549800796,40,10,0.0,0.0,0.0,市场情绪强，板块情绪强
2026-07-27,688026.SH,洁特生物,star,11.55,0.009451208542928557,0.0,-0.0655339805825241,-0.0926944226237235,0.50991134030047,88,0.0159362549800796,40,3,0.0,0.0,0.0,市场情绪强
2026-07-27,300404.SZ,博济医药,chinext,9.22,0.009447468941732994,0.0,-0.0274261603375527,-0.052415210688592,0.7199899215839872,88,0.0159362549800796,40,10,0.0,0.0,0.0,市场情绪强，板块情绪强
2026-07-27,688707.SH,振华新材,star,9.71,0.009441373005191796,0.0,-0.0172064777327934,-0.0162107396149947,0.8598457686198678,88,0.0159362549800796,40,3,0.0,0.0,0.0,市场情绪强
2026-07-27,688811.SH,XD有研复,star,20.3,0.009432809548011652,0.0,-0.0747493163172288,-0.0514018691588784,0.8129691838724944,88,0.0159362549800796,40,3,0.0,0.0,0.0,市场情绪强
2026-07-27,301236.SZ,软通动力,chinext,35.0,0.009427468692908492,0.0,-0.0904365904365903,-0.0646712987707108,0.9603000180536112,88,0.0159362549800796,40,10,0.0,0.0,0.0,市场情绪强，板块情绪强
2026-07-27,300269.SZ,联建光电,chinext,4.16,0.00942036370086588,0.0,-0.0348027842227377,-0.063063063063063,0.6644206621812017,88,0.0159362549800796,40,10,0.0,0.0,0.0,市场情绪强，板块情绪强
2026-07-27,688539.SH,高华科技,star,22.34,0.009417119754419327,0.0,-0.0629194630872482,-0.0711018711018711,0.6821700327508834,88,0.0159362549800796,40,3,0.0,0.0,0.0,市场情绪强
2026-07-27,300473.SZ,德尔股份,chinext,20.52,0.009415767470611448,0.0,-0.0517560073937154,-0.1023622047244094,0.6227805581772512,88,0.0159362549800796,40,10,0.0,0.0,0.0,市场情绪强，板块情绪强
2026-07-27,301565.SZ,中仑新材,chinext,18.11,0.009413962365696912,0.0,-0.012002182214948,-0.0498426023084994,0.5993499256374287,88,0.0159362549800796,40,10,0.0,0.0,0.0,市场情绪强，板块情绪强
2026-07-27,688113.SH,联测科技,star,32.27,0.009413846473672957,0.0,0.0528548123980425,0.0131868131868131,0.5852480169661284,88,0.0159362549800796,40,3,0.0,0.0,0.0,短线动量强，市场情绪强
2026-07-27,301469.SZ,恒达新材,chinext,23.72,0.009409852064381368,0.0,0.0004217629692111,-0.0576082638061185,0.7056998272619296,88,0.0159362549800796,40,10,0.0,0.0,0.0,市场情绪强，板块情绪强
2026-07-27,300443.SZ,金雷股份,chinext,20.6,0.009408422773501988,0.0,0.0785340314136124,0.1111111111111111,1.2056081797129512,88,0.0159362549800796,40,10,0.0,0.0,0.0,短线动量强，市场情绪强，板块情绪强
2026-07-27,301138.SZ,华研精机,chinext,23.44,0.009401706094958336,0.0,-0.0475416497358796,-0.1053435114503815,0.4467289479273775,88,0.0159362549800796,40,10,0.0,0.0,0.0,市场情绪强，板块情绪强
2026-07-27,300896.SZ,爱美客,chinext,98.6,0.009398879841605682,0.0,-0.0148866020581477,-0.0193933366484336,0.7880892310258577,88,0.0159362549800796,40,10,0.0,0.0,0.0,市场情绪强，板块情绪强
2026-07-27,688517.SH,金冠电气,star,14.62,0.009390764120703207,0.0,0.0159833217512159,-0.0227272727272728,0.8348252379895099,88,0.0159362549800796,40,3,0.0,0.0,0.0,市场情绪强
2026-07-27,301606.SZ,绿联科技,chinext,53.45,0.009384578382832735,0.0,-0.0892826716646787,-0.0573192239858906,0.5646876975378904,88,0.0159362549800796,40,10,0.0,0.0,0.0,市场情绪强，板块情绪强
2026-07-27,300340.SZ,科恒股份,chinext,7.54,0.009380082473736593,0.0,0.0093708165997323,-0.0143790849673203,0.9037806727463732,88,0.0159362549800796,40,10,0.0,0.0,0.0,市场情绪强，板块情绪强
2026-07-27,301233.SZ,盛帮股份,chinext,28.2,0.009373026980880956,0.0,-0.0191304347826086,-0.0517821116341626,0.6877939725150615,88,0.0159362549800796,40,10,0.0,0.0,0.0,市场情绪强，板块情绪强
2026-07-27,688443.SH,智翔金泰,star,23.35,0.00936837885006151,0.0,-0.0671194566520175,-0.0160134850400336,0.7078733692514808,88,0.0159362549800796,40,3,0.0,0.0,0.0,市场情绪强
2026-07-27,301061.SZ,匠心家居,chinext,35.19,0.009362535682805699,0.0,0.0414323764427344,0.0507614213197968,0.90457934108717,88,0.0159362549800796,40,10,0.0,0.0,0.0,市场情绪强，板块情绪强
2026-07-27,300781.SZ,因赛集团,chinext,22.89,0.009346734549105104,0.0,-0.0634206219312603,-0.0580246913580246,0.590536975438504,88,0.0159362549800796,40,10,0.0,0.0,0.0,市场情绪强，板块情绪强
2026-07-27,301049.SZ,超越科技,chinext,16.9,0.009342558488866764,0.0,-0.0029498525073746,-0.056393076493579,0.5879726117459104,88,0.0159362549800796,40,10,0.0,0.0,0.0,市场情绪强，板块情绪强
2026-07-27,688039.SH,当虹科技,star,29.94,0.00934130715604267,0.0,-0.0767807585568917,-0.0927272727272726,0.6343606019375819,88,0.0159362549800796,40,3,0.0,0.0,0.0,市场情绪强
2026-07-27,300832.SZ,新产业,chinext,48.32,0.009340399725130498,0.0,0.0529527130093703,0.0699734278122232,0.6917917709439979,88,0.0159362549800796,40,10,0.0,0.0,0.0,短线动量强，市场情绪强，板块情绪强
2026-07-27,301613.SZ,新铝时代,chinext,37.45,0.009339013376420138,0.0,-0.061638687045853,0.0140806932033576,0.5122081855746228,88,0.0159362549800796,40,10,0.0,0.0,0.0,市场情绪强，板块情绪强
2026-07-27,301518.SZ,长华化学,chinext,21.6,0.009338334745195496,0.0,-0.0208522212148684,-0.0463576158940396,0.7213488618017069,88,0.0159362549800796,40,10,0.0,0.0,0.0,市场情绪强，板块情绪强
2026-07-27,300014.SZ,亿纬锂能,chinext,53.96,0.009336359050601728,0.0,-0.0046116952591772,0.0443197213083026,0.7766800998041724,88,0.0159362549800796,40,10,0.0,0.0,0.0,市场情绪强，板块情绪强
2026-07-27,688311.SH,盟升电子,star,21.18,0.009330587265252922,0.0,-0.0783289817232376,-0.1404220779220779,0.656476174243696,88,0.0159362549800796,40,3,0.0,0.0,0.0,市场情绪强
2026-07-27,301108.SZ,洁雅股份,chinext,27.85,0.009316404704391443,0.0,0.0164233576642336,-0.0127614321162707,0.4499496333512389,88,0.0159362549800796,40,10,0.0,0.0,0.0,市场情绪强，板块情绪强
2026-07-27,300798.SZ,锦鸡股份,chinext,5.98,0.009315336279135342,0.0,-0.0196721311475408,-0.0016694490818029,0.8156405661486774,88,0.0159362549800796,40,10,0.0,0.0,0.0,市场情绪强，板块情绪强
2026-07-27,301309.SZ,万得凯,chinext,25.1,0.009310519348858614,0.0,-0.0156862745098038,-0.0842758117475374,0.5247177395926489,88,0.0159362549800796,40,10,0.0,0.0,0.0,市场情绪强，板块情绪强
2026-07-27,300983.SZ,尤安设计,chinext,31.39,0.009307833477331209,0.0,0.0359735973597359,0.0161864681126577,0.6476683031725363,88,0.0159362549800796,40,10,0.0,0.0,0.0,市场情绪强，板块情绪强
2026-07-27,300877.SZ,金春股份,chinext,21.62,0.00930311119194924,0.0,-0.111385121249486,-0.1751239984738649,1.0070105191612369,88,0.0159362549800796,40,10,0.0,0.0,0.0,市场情绪强，板块情绪强
2026-07-27,300303.SZ,聚飞光电,chinext,6.6,0.00930242044560876,0.0,-0.0611664295874823,-0.0265486725663717,0.6934664113809123,88,0.0159362549800796,40,10,0.0,0.0,0.0,市场情绪强，板块情绪强
2026-07-27,301106.SZ,骏成科技,chinext,14.89,0.009299740838710163,0.0,-0.0053440213760854,-0.0418275418275417,0.5075866863744194,88,0.0159362549800796,40,10,0.0,0.0,0.0,市场情绪强，板块情绪强
2026-07-27,300680.SZ,隆盛科技,chinext,19.76,0.009281955424364817,0.0,-0.0568019093078757,-0.0830626450116008,0.6701756096870901,88,0.0159362549800796,40,10,0.0,0.0,0.0,市场情绪强，板块情绪强
2026-07-27,300220.SZ,金运激光,chinext,9.09,0.009281951941836935,0.0,-0.0183585313174945,-0.0511482254697286,0.720196370718979,88,0.0159362549800796,40,10,0.0,0.0,0.0,市场情绪强，板块情绪强
2026-07-27,688589.SH,力合微,star,16.4,0.009260362851675316,0.0,-0.0574712643678161,-0.0893947806774015,0.6724598194613812,88,0.0159362549800796,40,3,0.0,0.0,0.0,市场情绪强
2026-07-27,688228.SH,开普云,star,60.0,0.00925653438484074,0.0,-0.0585281656990428,-0.0549692865018113,0.6594067548083373,88,0.0159362549800796,40,3,0.0,0.0,0.0,市场情绪强
2026-07-27,300923.SZ,研奥股份,chinext,19.2,0.009252528281888644,0.0,0.0089332632685232,-0.0428713858424725,0.7907802314417101,88,0.0159362549800796,40,10,0.0,0.0,0.0,市场情绪强，板块情绪强
2026-07-27,301137.SZ,哈焊华通,chinext,29.33,0.00925072528614926,0.0,0.0120772946859901,0.0180492884415133,0.7972100103055004,88,0.0159362549800796,40,10,0.0,0.0,0.0,市场情绪强，板块情绪强
2026-07-27,300618.SZ,寒锐钴业,chinext,31.75,0.009247972962285285,0.0,-0.0456868049293658,-0.0068814513606505,0.8249842523951454,88,0.0159362549800796,40,10,0.0,0.0,0.0,市场情绪强，板块情绪强
2026-07-27,688682.SH,霍莱沃,star,27.88,0.009247507106418962,0.0,-0.024833857992305,-0.0382890651948947,0.5912856023749852,88,0.0159362549800796,40,3,0.0,0.0,0.0,市场情绪强
2026-07-27,301557.SZ,常友科技,chinext,74.63,0.009235142241907923,0.0,-0.0440630203663379,-0.0432051282051282,0.432422972896317,88,0.0159362549800796,40,10,0.0,0.0,0.0,市场情绪强，板块情绪强
2026-07-27,688617.SH,惠泰医疗,star,207.5,0.009232933577585005,0.0,-0.0334451276318241,0.0162601626016258,0.635512058096682,88,0.0159362549800796,40,3,0.0,0.0,0.0,市场情绪强
2026-07-27,688084.SH,晶品特装,star,38.39,0.009221639264945267,0.0,-0.054899064500246,-0.0782713085234093,1.1144756030872816,88,0.0159362549800796,40,3,0.0,0.0,0.0,市场情绪强
2026-07-27,300332.SZ,天壕能源,chinext,4.58,0.009221292794575791,0.0,-0.0296610169491524,-0.0021786492374726,0.8667109803137992,88,0.0159362549800796,40,10,0.0,0.0,0.0,市场情绪强，板块情绪强
2026-07-27,688659.SH,元琛科技,star,8.05,0.00921988084137692,0.0,-0.0206812652068126,-0.0573770491803277,0.7936410275358412,88,0.0159362549800796,40,3,0.0,0.0,0.0,市场情绪强
2026-07-27,300658.SZ,延江股份,chinext,9.36,0.009216196305007713,0.0,-0.0063694267515923,-0.036045314109166,0.5491249590123348,88,0.0159362549800796,40,10,0.0,0.0,0.0,市场情绪强，板块情绪强
2026-07-27,300637.SZ,扬帆新材,chinext,7.51,0.009214192335000319,0.0,-0.005298013245033,-0.0384122919334186,0.7607900445105813,88,0.0159362549800796,40,10,0.0,0.0,0.0,市场情绪强，板块情绪强
2026-07-27,688726.SH,拉普拉斯,star,37.32,0.00920678872724499,0.0,-0.0406169665809768,-0.0132205182443151,0.6517576437009591,88,0.0159362549800796,40,3,0.0,0.0,0.0,市场情绪强
2026-07-27,688633.SH,星球石墨,star,20.86,0.009203816299615697,0.0,-0.029767441860465,-0.053109396277803,0.6765929532781685,88,0.0159362549800796,40,3,0.0,0.0,0.0,市场情绪强
2026-07-27,688023.SH,安恒信息,star,34.28,0.009194324950366336,0.0,-0.0590172934394729,-0.0272417707150964,0.9135949247944946,88,0.0159362549800796,40,3,0.0,0.0,0.0,市场情绪强
2026-07-27,300277.SZ,汽轮科技,chinext,11.26,0.00918694011878454,0.0,-0.0521885521885522,-0.0417021276595744,0.7134931225636241,88,0.0159362549800796,40,10,0.0,0.0,0.0,市场情绪强，板块情绪强
2026-07-27,300590.SZ,移为通信,chinext,9.82,0.009183446248251452,0.0,-0.0400782013685239,-0.087360594795539,0.5408168073535612,88,0.0159362549800796,40,10,0.0,0.0,0.0,市场情绪强，板块情绪强
2026-07-27,688528.SH,秦川物联,star,7.65,0.00918160975177746,0.0,-0.0217391304347825,-0.0727272727272726,0.7667055382650061,88,0.0159362549800796,40,3,0.0,0.0,0.0,市场情绪强
2026-07-27,300981.SZ,中红医疗,chinext,10.27,0.009177718609633064,0.0,0.0088408644400785,-0.0134486071085495,1.3530414110149176,88,0.0159362549800796,40,10,0.0,0.0,0.0,市场情绪强，板块情绪强
2026-07-27,300238.SZ,冠昊生物,chinext,10.39,0.00917353209707572,0.0,-0.0397412199630313,-0.0805309734513274,1.2773225625438895,88,0.0159362549800796,40,10,0.0,0.0,0.0,市场情绪强，板块情绪强
2026-07-27,688225.SH,亚信安全,star,11.26,0.009153171422492744,0.0,-0.0616666666666666,-0.0671085335542668,0.9003631099449292,88,0.0159362549800796,40,3,0.0,0.0,0.0,市场情绪强
2026-07-27,688529.SH,豪森智能,star,12.59,0.009135405073269699,0.0,-0.0070977917981072,-0.0843636363636364,0.5782774477004419,88,0.0159362549800796,40,3,0.0,0.0,0.0,市场情绪强
2026-07-27,301538.SZ,骏鼎达,chinext,34.55,0.009132004228650714,0.0,-0.0447884987558752,-0.0769436281057975,0.5992574276821346,88,0.0159362549800796,40,10,0.0,0.0,0.0,市场情绪强，板块情绪强
2026-07-27,301063.SZ,海锅股份,chinext,15.31,0.009131211460734945,0.0,-0.0058441558441558,-0.0496585971446306,0.8578894342506606,88,0.0159362549800796,40,10,0.0,0.0,0.0,市场情绪强，板块情绪强
2026-07-27,301390.SZ,经纬股份,chinext,25.49,0.009131056702635943,0.0,-0.0093276331130975,-0.0804473304473304,0.7834319498043494,88,0.0159362549800796,40,10,0.0,0.0,0.0,市场情绪强，板块情绪强
2026-07-27,300872.SZ,天阳科技,chinext,13.95,0.009120148398753608,0.0,-0.0755467196819086,-0.0305767894371091,0.7914910722213944,88,0.0159362549800796,40,10,0.0,0.0,0.0,市场情绪强，板块情绪强
2026-07-27,688660.SH,电气风电,star,7.69,0.009117709507681537,0.0,-0.030264817150063,-0.0102960102960102,0.8240123082068008,88,0.0159362549800796,40,3,0.0,0.0,0.0,市场情绪强
2026-07-27,300797.SZ,钢研纳克,chinext,11.45,0.009116721074228526,0.0,0.0168738898756659,0.0088105726872247,1.0020814336121793,88,0.0159362549800796,40,10,0.0,0.0,0.0,市场情绪强，板块情绪强
2026-07-27,301203.SZ,国泰环保,chinext,30.41,0.009087340032290404,0.0,-0.0782055168232798,-0.1311428571428571,0.6212382350168985,88,0.0159362549800796,40,10,0.0,0.0,0.0,市场情绪强，板块情绪强
2026-07-27,688246.SH,嘉和美康,star,15.55,0.009083116823479306,0.0,-0.066626650660264,-0.0705319784817692,0.568079445073903,88,0.0159362549800796,40,3,0.0,0.0,0.0,市场情绪强
2026-07-27,300032.SZ,金龙机电,chinext,3.3,0.009068644819613619,0.0,0.0060975609756097,-0.0207715133531157,0.7089545954985932,88,0.0159362549800796,40,10,0.0,0.0,0.0,市场情绪强，板块情绪强
2026-07-27,300559.SZ,佳发教育,chinext,10.27,0.009067276899970235,0.0,-0.023764258555133,0.0058765915768852,0.857510574759433,88,0.0159362549800796,40,10,0.0,0.0,0.0,市场情绪强，板块情绪强
2026-07-27,688190.SH,云路股份,star,68.86,0.009060651150346356,0.0,0.0375169504294108,0.0727527652282287,0.7278035785452692,88,0.0159362549800796,40,3,0.0,0.0,0.0,市场情绪强
2026-07-27,301525.SZ,儒竞科技,chinext,35.97,0.009055081425265761,0.0,-0.0842668024439918,-0.045128749668171,0.9964565889615976,88,0.0159362549800796,40,10,0.0,0.0,0.0,市场情绪强，板块情绪强
2026-07-27,300426.SZ,华智数媒,chinext,5.01,0.009053348134163045,0.0,-0.0705009276437848,-0.1195079086115994,0.6078156877821703,88,0.0159362549800796,40,10,0.0,0.0,0.0,市场情绪强，板块情绪强
2026-07-27,301121.SZ,紫建电子,chinext,28.22,0.00905275470211096,0.0,-0.0649436713055003,-0.0822764227642276,0.6337438814867724,88,0.0159362549800796,40,10,0.0,0.0,0.0,市场情绪强，板块情绪强
2026-07-27,688129.SH,东来技术,star,18.36,0.009051594826257895,0.0,-0.054095826893354,-0.0815407703851925,0.6411498146005937,88,0.0159362549800796,40,3,0.0,0.0,0.0,市场情绪强
2026-07-27,300789.SZ,唐源电气,chinext,15.2,0.00904933802165691,0.0,-0.0193548387096774,-0.0458254865034526,0.7368043248517903,88,0.0159362549800796,40,10,0.0,0.0,0.0,市场情绪强，板块情绪强
2026-07-27,688358.SH,祥生医疗,star,26.11,0.009044160404989326,0.0,-0.0275605214152701,-0.0934027777777778,0.4396556165245771,88,0.0159362549800796,40,3,0.0,0.0,0.0,市场情绪强
2026-07-27,300215.SZ,电科院,chinext,5.68,0.009041816763803247,0.0,0.0053097345132742,-0.0240549828178695,0.8505776591265406,88,0.0159362549800796,40,10,0.0,0.0,0.0,市场情绪强，板块情绪强
2026-07-27,300279.SZ,和晶科技,chinext,4.91,0.009038821213619236,0.0,-0.0080808080808081,-0.0391389432485322,0.6699191442887642,88,0.0159362549800796,40,10,0.0,0.0,0.0,市场情绪强，板块情绪强
2026-07-27,688373.SH,盟科药业,star,4.53,0.00902199469660742,0.0,-0.0402542372881354,-0.0792682926829267,0.748975732987595,88,0.0159362549800796,40,3,0.0,0.0,0.0,市场情绪强
2026-07-27,300450.SZ,先导智能,chinext,32.02,0.009009424509770533,0.0,-0.0225885225885223,0.0309079201545396,0.7243872605327202,88,0.0159362549800796,40,10,0.0,0.0,0.0,市场情绪强，板块情绪强
2026-07-27,300986.SZ,志特新材,chinext,9.71,0.00900761788837221,0.0,-0.0260782347041123,-0.0347912524850894,0.6873301549961779,88,0.0159362549800796,40,10,0.0,0.0,0.0,市场情绪强，板块情绪强
2026-07-27,300848.SZ,美瑞新材,chinext,12.26,0.009000112420703277,0.0,0.0132231404958678,0.0107172300082438,0.8714979100941664,88,0.0159362549800796,40,10,0.0,0.0,0.0,市场情绪强，板块情绪强
2026-07-27,300605.SZ,恒锋信息,chinext,8.42,0.008997520202155187,0.0,-0.0265895953757225,-0.0485875706214689,0.848356970134606,88,0.0159362549800796,40,10,0.0,0.0,0.0,市场情绪强，板块情绪强
2026-07-27,301179.SZ,泽宇智能,chinext,17.93,0.008991932549409276,0.0,-0.0132085855806275,-0.0477960701009027,0.7858340569325356,88,0.0159362549800796,40,10,0.0,0.0,0.0,市场情绪强，板块情绪强
2026-07-27,688339.SH,亿华通,star,16.12,0.008978840824180063,0.0,-0.0438908659549227,-0.0410469958358118,0.6185883503558435,88,0.0159362549800796,40,3,0.0,0.0,0.0,市场情绪强
2026-07-27,301038.SZ,深水规院,chinext,14.79,0.008974999283983466,0.0,0.0109364319890634,0.007493188010899,0.8432147924635226,88,0.0159362549800796,40,10,0.0,0.0,0.0,市场情绪强，板块情绪强
2026-07-27,300501.SZ,海顺新材,chinext,9.57,0.00896060614756061,0.0,-0.01340206185567,-0.1064425770308123,0.5996562899705465,88,0.0159362549800796,40,10,0.0,0.0,0.0,市场情绪强，板块情绪强
2026-07-27,300871.SZ,回盛生物,chinext,20.13,0.008945004506741955,0.0,-0.0083743842364533,-0.0654596100278551,0.7427599005922643,88,0.0159362549800796,40,10,0.0,0.0,0.0,市场情绪强，板块情绪强
2026-07-27,300904.SZ,威力传动,chinext,35.5,0.008940735290292774,0.0,-0.0005630630630631,-0.0244572684803517,0.7919700193234829,88,0.0159362549800796,40,10,0.0,0.0,0.0,市场情绪强，板块情绪强
2026-07-27,300552.SZ,万集科技,chinext,18.63,0.008934983813570793,0.0,-0.0163674762407604,-0.0347150259067358,0.6369945464209716,88,0.0159362549800796,40,10,0.0,0.0,0.0,市场情绪强，板块情绪强
2026-07-27,301238.SZ,瑞泰新材,chinext,14.87,0.008926107075425835,0.0,-0.0217105263157895,0.0150170648464162,0.7213305813981188,88,0.0159362549800796,40,10,0.0,0.0,0.0,市场情绪强，板块情绪强
2026-07-27,688006.SH,杭可科技,star,20.5,0.00891434075228822,0.0,-0.0362012223789374,-0.0101400289715113,0.5818007311551916,88,0.0159362549800796,40,3,0.0,0.0,0.0,市场情绪强
2026-07-27,301359.SZ,东南电子,chinext,14.15,0.008901301741825768,0.0,-0.0125610607117934,-0.0610484406104844,0.5931645109781521,88,0.0159362549800796,40,10,0.0,0.0,0.0,市场情绪强，板块情绪强
2026-07-27,301225.SZ,恒勃股份,chinext,50.54,0.008898602949560365,0.0,-0.0746979128524349,-0.1768729641693811,0.6613190941140918,88,0.0159362549800796,40,10,0.0,0.0,0.0,市场情绪强，板块情绪强
2026-07-27,300428.SZ,立中集团,chinext,18.08,0.008885802207220886,0.0,-0.0393198724760893,0.0957575757575757,0.4222192516720965,88,0.0159362549800796,40,10,0.0,0.0,0.0,市场情绪强，板块情绪强
2026-07-27,300118.SZ,东方日升,chinext,9.09,0.008881431349601253,0.0,-0.0215285252960171,-0.0076419213973799,0.7583017325788121,88,0.0159362549800796,40,10,0.0,0.0,0.0,市场情绪强，板块情绪强
2026-07-27,300412.SZ,迦南科技,chinext,3.73,0.008873589121368111,0.0,-0.0235602094240837,-0.0902439024390243,0.5729132171446223,88,0.0159362549800796,40,10,0.0,0.0,0.0,市场情绪强，板块情绪强
2026-07-27,300364.SZ,中文在线,chinext,18.51,0.008865171433485827,0.0,-0.1462177121771216,-0.1370629370629369,1.1108143013083809,88,0.0159362549800796,40,10,0.0,0.0,0.0,市场情绪强，板块情绪强
2026-07-27,301029.SZ,怡合达,chinext,23.69,0.008864033063106952,0.0,-0.0803571428571429,-0.0524,0.8456899200585803,88,0.0159362549800796,40,10,0.0,0.0,0.0,市场情绪强，板块情绪强
2026-07-27,300813.SZ,泰林生物,chinext,17.08,0.008861223404942662,0.0,-0.0526899611758182,-0.1351898734177216,0.5945877736753066,88,0.0159362549800796,40,10,0.0,0.0,0.0,市场情绪强，板块情绪强
2026-07-27,300855.SZ,图南股份,chinext,26.43,0.008859410637406702,0.0,-0.0265193370165744,-0.0304475421863537,0.6084289236769124,88,0.0159362549800796,40,10,0.0,0.0,0.0,市场情绪强，板块情绪强
2026-07-27,300159.SZ,新研股份,chinext,2.74,0.00885415997966218,0.0,-0.0179211469534049,-0.0318021201413427,0.8365577863804762,88,0.0159362549800796,40,10,0.0,0.0,0.0,市场情绪强，板块情绪强
2026-07-27,688776.SH,国光电气,star,44.87,0.008840837360207309,0.0,-0.0213740458015267,-0.0325571366968522,0.6827364291078972,88,0.0159362549800796,40,3,0.0,0.0,0.0,市场情绪强
2026-07-27,301130.SZ,西点药业,chinext,22.22,0.008830518216190717,0.0,-0.0368443866493282,-0.1025848142164782,0.7065709946844888,88,0.0159362549800796,40,10,0.0,0.0,0.0,市场情绪强，板块情绪强
2026-07-27,300109.SZ,新开源,chinext,13.37,0.008830419913742681,0.0,-0.0374370050395969,0.0704563650920735,0.4898737087642399,88,0.0159362549800796,40,10,0.0,0.0,0.0,市场情绪强，板块情绪强
2026-07-27,300691.SZ,联合光电,chinext,12.01,0.008829061862906936,0.0,-0.0066170388751033,-0.0291026677445431,0.7063985712107582,88,0.0159362549800796,40,10,0.0,0.0,0.0,市场情绪强，板块情绪强
2026-07-27,301157.SZ,华塑科技,chinext,48.88,0.008817167756821866,0.0,-0.0619842640568029,-0.1360904913396959,0.4920400615843689,88,0.0159362549800796,40,10,0.0,0.0,0.0,市场情绪强，板块情绪强
2026-07-27,688399.SH,硕世生物,star,26.27,0.008813582814020527,0.0,-0.1052452316076294,-0.166031746031746,0.7221099364604531,88,0.0159362549800796,40,3,0.0,0.0,0.0,市场情绪强
2026-07-27,301361.SZ,众智科技,chinext,26.31,0.008810330949354928,0.0,0.0053496369889185,0.0022857142857142,0.7156266655064771,88,0.0159362549800796,40,10,0.0,0.0,0.0,市场情绪强，板块情绪强
2026-07-27,301499.SZ,维科精密,chinext,22.2,0.008788292514159402,0.0,-0.0364583333333333,-0.0368763557483731,0.5866505503964868,88,0.0159362549800796,40,10,0.0,0.0,0.0,市场情绪强，板块情绪强
2026-07-27,300067.SZ,安诺其,chinext,4.43,0.008788174965108515,0.0,-0.0133630289532294,-0.0155555555555556,0.801658613101725,88,0.0159362549800796,40,10,0.0,0.0,0.0,市场情绪强，板块情绪强
2026-07-27,300416.SZ,苏试试验,chinext,13.61,0.008783702630416024,0.0,-0.0194524495677234,-0.0442415730337079,0.7619357120634951,88,0.0159362549800796,40,10,0.0,0.0,0.0,市场情绪强，板块情绪强
2026-07-27,300500.SZ,启迪设计,chinext,7.95,0.008768742204301303,0.0,-0.0136476426799008,-0.0701754385964913,0.8451274103516931,88,0.0159362549800796,40,10,0.0,0.0,0.0,市场情绪强，板块情绪强
2026-07-27,300879.SZ,大叶股份,chinext,14.63,0.00876712003419979,0.0,0.0124567474048444,-0.0121539500337609,1.1155229192526717,88,0.0159362549800796,40,10,0.0,0.0,0.0,市场情绪强，板块情绪强
2026-07-27,301159.SZ,三维天地,chinext,25.93,0.008754457030329415,0.0,-0.0487894350696992,-0.0588021778584392,0.7288863653195744,88,0.0159362549800796,40,10,0.0,0.0,0.0,市场情绪强，板块情绪强
2026-07-27,301266.SZ,宇邦新材,chinext,18.67,0.008754325913935232,0.0,0.0,-0.032642487046632,0.681609306603387,88,0.0159362549800796,40,10,0.0,0.0,0.0,市场情绪强，板块情绪强
2026-07-27,300142.SZ,沃森生物,chinext,11.94,0.00875413580914522,0.0,-0.1252747252747253,-0.0671875,1.1274332315788744,88,0.0159362549800796,40,10,0.0,0.0,0.0,市场情绪强，板块情绪强
2026-07-27,300169.SZ,天晟新材,chinext,4.31,0.008750934144343633,0.0,-0.0091954022988506,-0.0443458980044346,0.7803807981300585,88,0.0159362549800796,40,10,0.0,0.0,0.0,市场情绪强，板块情绪强
2026-07-27,301082.SZ,久盛电气,chinext,8.24,0.008739117540195731,0.0,0.0198019801980198,-0.0167064439140811,0.9000977018422879,88,0.0159362549800796,40,10,0.0,0.0,0.0,市场情绪强，板块情绪强
2026-07-27,300353.SZ,东土科技,chinext,16.7,0.008732280578230188,0.0,-0.1215149921094161,-0.1457800511508952,1.0459772774029052,88,0.0159362549800796,40,10,0.0,0.0,0.0,市场情绪强，板块情绪强
2026-07-27,301255.SZ,通力科技,chinext,17.99,0.008724282337387904,0.0,-0.0142465753424658,-0.0471398305084745,0.7396062383407325,88,0.0159362549800796,40,10,0.0,0.0,0.0,市场情绪强，板块情绪强
2026-07-27,300348.SZ,长亮科技,chinext,8.5,0.00871869136312458,0.0,-0.074074074074074,0.0240963855421685,0.6073309567071293,88,0.0159362549800796,40,10,0.0,0.0,0.0,市场情绪强，板块情绪强
2026-07-27,300642.SZ,透景生命,chinext,11.22,0.008718616516816706,0.0,-0.0483460559796435,-0.1081081081081081,0.7150438199142145,88,0.0159362549800796,40,10,0.0,0.0,0.0,市场情绪强，板块情绪强
2026-07-27,301069.SZ,凯盛新材,chinext,15.18,0.00871649250641277,0.0,-0.0262989095574086,-0.0355781448538755,0.7341871930154081,88,0.0159362549800796,40,10,0.0,0.0,0.0,市场情绪强，板块情绪强
2026-07-27,301376.SZ,致欧科技,chinext,18.02,0.00870818465784719,0.0,-0.0126027397260274,0.0203850509626273,0.5212142777129829,88,0.0159362549800796,40,10,0.0,0.0,0.0,市场情绪强，板块情绪强
2026-07-27,300882.SZ,万胜智能,chinext,13.7,0.008707441480593369,0.0,0.0110701107011068,0.0073529411764705,0.8772651878714212,88,0.0159362549800796,40,10,0.0,0.0,0.0,市场情绪强，板块情绪强
2026-07-27,301581.SZ,黄山谷捷,chinext,32.3,0.00870221543818858,0.0,-0.0395480225988702,-0.0460720614294153,0.8054091594834748,88,0.0159362549800796,40,10,0.0,0.0,0.0,市场情绪强，板块情绪强
2026-07-27,300200.SZ,高盟新材,chinext,7.76,0.008696412896039332,0.0,-0.033623910336239,-0.0650602409638555,0.6043101939744822,88,0.0159362549800796,40,10,0.0,0.0,0.0,市场情绪强，板块情绪强
2026-07-27,300130.SZ,新国都,chinext,17.33,0.008682299909765389,0.0,-0.0280426247896803,0.0152314001171645,0.8161189613030972,88,0.0159362549800796,40,10,0.0,0.0,0.0,市场情绪强，板块情绪强
2026-07-27,300337.SZ,银邦股份,chinext,8.84,0.008681588643417296,0.0,-0.0221238938053096,-0.0242825607064018,0.6887784589840308,88,0.0159362549800796,40,10,0.0,0.0,0.0,市场情绪强，板块情绪强
2026-07-27,300115.SZ,长盈精密,chinext,24.43,0.008677833184095598,0.0,-0.077765194412986,-0.0603846153846153,0.7896688020062997,88,0.0159362549800796,40,10,0.0,0.0,0.0,市场情绪强，板块情绪强
2026-07-27,300421.SZ,力星股份,chinext,15.16,0.0086555027496477,0.0,-0.0275817831943553,-0.0423246999368287,0.6695089276579536,88,0.0159362549800796,40,10,0.0,0.0,0.0,市场情绪强，板块情绪强
2026-07-27,301216.SZ,万凯新材,chinext,15.07,0.00864911877327951,0.0,-0.0474083438685208,-0.0948948948948947,0.718303608316327,88,0.0159362549800796,40,10,0.0,0.0,0.0,市场情绪强，板块情绪强
2026-07-27,300972.SZ,万辰集团,chinext,187.2,0.00864325996151169,0.0,-0.0306545153272577,-0.012137203166227,0.6804947591978278,88,0.0159362549800796,40,10,0.0,0.0,0.0,市场情绪强，板块情绪强
2026-07-27,301053.SZ,远信工业,chinext,37.82,0.00864184498675208,0.0,-0.0542635658914728,0.012041744715012,0.4531085268790187,88,0.0159362549800796,40,10,0.0,0.0,0.0,市场情绪强，板块情绪强
2026-07-27,300383.SZ,光环新网,chinext,12.31,0.008636772241076727,0.0,-0.0813432835820895,-0.0420233463035019,0.7139915789168609,88,0.0159362549800796,40,10,0.0,0.0,0.0,市场情绪强，板块情绪强
2026-07-27,300892.SZ,品渥食品,chinext,18.15,0.008636615352652331,0.0,-0.0257648953301127,-0.0842583249243189,0.79909262180243,88,0.0159362549800796,40,10,0.0,0.0,0.0,市场情绪强，板块情绪强
2026-07-27,300409.SZ,道氏技术,chinext,16.52,0.008633355020565902,0.0,-0.0597609561752988,0.0060901339829475,1.0518560988348868,88,0.0159362549800796,40,10,0.0,0.0,0.0,市场情绪强，板块情绪强
2026-07-27,300629.SZ,新劲刚,chinext,16.64,0.008632900025342914,0.0,0.0189834660134722,0.0177370030581038,1.1264495537050077,88,0.0159362549800796,40,10,0.0,0.0,0.0,市场情绪强，板块情绪强
2026-07-27,300111.SZ,向日葵,chinext,2.61,0.008630875348109393,0.0,-0.0261194029850747,-0.0645161290322581,0.698171902007303,88,0.0159362549800796,40,10,0.0,0.0,0.0,市场情绪强，板块情绪强
2026-07-27,301032.SZ,新柴股份,chinext,9.06,0.008626922699426548,0.0,0.0168350168350168,-0.0205405405405404,0.6215114814899608,88,0.0159362549800796,40,10,0.0,0.0,0.0,市场情绪强，板块情绪强
2026-07-27,300730.SZ,科创信息,chinext,10.6,0.008626507791870394,0.0,-0.0484739676840216,-0.0441839495040576,0.5427052151377384,88,0.0159362549800796,40,10,0.0,0.0,0.0,市场情绪强，板块情绪强
2026-07-27,300917.SZ,特发服务,chinext,23.62,0.008623904419297633,0.0,0.0051063829787234,-0.0012684989429174,0.6995620136019713,88,0.0159362549800796,40,10,0.0,0.0,0.0,市场情绪强，板块情绪强
2026-07-27,688302.SH,海创药业,star,34.23,0.00862235972111364,0.0,-0.0546810273405138,-0.0748648648648649,0.6823761507451163,88,0.0159362549800796,40,3,0.0,0.0,0.0,市场情绪强
2026-07-27,688093.SH,世华科技,star,24.53,0.008618464876326153,0.0,-0.068716780561883,-0.1079999999999999,0.4897857265759707,88,0.0159362549800796,40,3,0.0,0.0,0.0,市场情绪强
2026-07-27,300509.SZ,新美星,chinext,7.49,0.008613906925329491,0.0,-0.0079470198675496,-0.0322997416020671,0.7564871360143384,88,0.0159362549800796,40,10,0.0,0.0,0.0,市场情绪强，板块情绪强
2026-07-27,300293.SZ,蓝英装备,chinext,13.79,0.008611789354855168,0.0,-0.0268172194777699,-0.0336370007007709,0.7266004301956366,88,0.0159362549800796,40,10,0.0,0.0,0.0,市场情绪强，板块情绪强
2026-07-27,688288.SH,鸿泉技术,star,15.44,0.008608875851189544,0.0,-0.0283196979232221,-0.0596833130328868,0.7610277989068216,88,0.0159362549800796,40,3,0.0,0.0,0.0,市场情绪强
2026-07-27,301135.SZ,瑞德智能,chinext,14.23,0.008603101833841732,0.0,-0.0165860400829301,-0.0417508417508416,0.636765756183464,88,0.0159362549800796,40,10,0.0,0.0,0.0,市场情绪强，板块情绪强
2026-07-27,300960.SZ,通业科技,chinext,14.05,0.008590415264785396,0.0,-0.0070671378091872,-0.0435670524166098,0.6867114586383921,88,0.0159362549800796,40,10,0.0,0.0,0.0,市场情绪强，板块情绪强
2026-07-27,300681.SZ,英搏尔,chinext,19.61,0.008578481916761851,0.0,-0.0563041385948027,-0.0883310088331009,0.6363181812129562,88,0.0159362549800796,40,10,0.0,0.0,0.0,市场情绪强，板块情绪强
2026-07-27,300718.SZ,长盛轴承,chinext,53.13,0.00857563472341619,0.0,-0.0401084010840108,-0.0414937759336099,0.6794388686828295,88,0.0159362549800796,40,10,0.0,0.0,0.0,市场情绪强，板块情绪强
2026-07-27,301488.SZ,豪恩汽电,chinext,93.67,0.008574129523459833,0.0,-0.0589712678320273,-0.0538383838383837,0.6676215609657797,88,0.0159362549800796,40,10,0.0,0.0,0.0,市场情绪强，板块情绪强
2026-07-27,300808.SZ,久量股份,chinext,16.46,0.008572558699792716,0.0,-0.0300530347672361,-0.0896017699115042,0.4982340615720186,88,0.0159362549800796,40,10,0.0,0.0,0.0,市场情绪强，板块情绪强
2026-07-27,688188.SH,柏楚电子,star,98.42,0.008560725673440645,0.0,-0.0219616416575573,0.089922480620155,0.6342453214394684,88,0.0159362549800796,40,3,0.0,0.0,0.0,市场情绪强
2026-07-27,688558.SH,国盛智科,star,24.94,0.008557564271984121,0.0,-0.0502665651180502,-0.0921004732435383,0.5432856090599393,88,0.0159362549800796,40,3,0.0,0.0,0.0,市场情绪强
2026-07-27,300313.SZ,天山生物,chinext,7.48,0.008546348378346377,0.0,0.0053763440860215,-0.0483460559796437,0.5373625026753683,88,0.0159362549800796,40,10,0.0,0.0,0.0,市场情绪强，板块情绪强
2026-07-27,300219.SZ,鸿利智汇,chinext,6.09,0.008545587229142336,0.0,-0.074468085106383,-0.0800604229607251,0.6682451034508297,88,0.0159362549800796,40,10,0.0,0.0,0.0,市场情绪强，板块情绪强
2026-07-27,688327.SH,云从科技,star,9.85,0.008527272806062023,0.0,-0.0988106129917657,-0.0979853479853479,0.701623704173654,88,0.0159362549800796,40,3,0.0,0.0,0.0,市场情绪强
2026-07-27,300434.SZ,金石亚药,chinext,9.92,0.008525168928255462,0.0,-0.065032987747408,-0.0907424381301558,0.5334408703131573,88,0.0159362549800796,40,10,0.0,0.0,0.0,市场情绪强，板块情绪强
2026-07-27,688613.SH,奥精医疗,star,13.11,0.008521399119898286,0.0,-0.0493110949963742,-0.0921052631578946,0.637401173573092,88,0.0159362549800796,40,3,0.0,0.0,0.0,市场情绪强
2026-07-27,300181.SZ,佐力药业,chinext,13.65,0.008517032912435675,0.0,-0.0573204419889502,-0.0158615717375629,0.7676395086745503,88,0.0159362549800796,40,10,0.0,0.0,0.0,市场情绪强，板块情绪强
2026-07-27,300610.SZ,晨化股份,chinext,8.68,0.008505879607178317,0.0,-0.008,-0.0513661202185793,0.7205376523702648,88,0.0159362549800796,40,10,0.0,0.0,0.0,市场情绪强，板块情绪强
2026-07-27,300192.SZ,科德教育,chinext,10.16,0.00850294217820891,0.0,-0.0387890255439924,-0.0116731517509727,0.690115724919701,88,0.0159362549800796,40,10,0.0,0.0,0.0,市场情绪强，板块情绪强
2026-07-27,688697.SH,纽威数控,star,11.43,0.00849875166355278,0.0,0.0052770448548813,0.016,0.743913368954127,88,0.0159362549800796,40,3,0.0,0.0,0.0,市场情绪强
2026-07-27,688091.SH,上海谊众,star,37.15,0.00847951143875906,0.0,-0.0691556001002254,-0.0606826801517066,0.909192574880825,88,0.0159362549800796,40,3,0.0,0.0,0.0,市场情绪强
2026-07-27,300025.SZ,华星创业,chinext,4.03,0.008471671354629555,0.0,-0.0073891625615761,-0.0450236966824643,0.672946131816292,88,0.0159362549800796,40,10,0.0,0.0,0.0,市场情绪强，板块情绪强
2026-07-27,688136.SH,科兴制药,star,17.35,0.008467861554781918,0.0,-0.0667025282409896,-0.0963541666666665,0.8642251199016683,88,0.0159362549800796,40,3,0.0,0.0,0.0,市场情绪强
2026-07-27,688510.SH,航亚科技,star,19.93,0.008456140359799521,0.0,-0.059017941454202,-0.0509523809523809,0.8056380476905567,88,0.0159362549800796,40,3,0.0,0.0,0.0,市场情绪强
2026-07-27,301509.SZ,金凯生科,chinext,26.76,0.008438906099690769,0.0,-0.0463292943692087,-0.1127320954907161,0.6669092851599102,88,0.0159362549800796,40,10,0.0,0.0,0.0,市场情绪强，板块情绪强
2026-07-27,688560.SH,明冠新材,star,10.43,0.008437895860152379,0.0,0.0,-0.0132450331125828,0.6700312346469885,88,0.0159362549800796,40,3,0.0,0.0,0.0,市场情绪强
2026-07-27,688398.SH,赛特新材,star,19.05,0.008436845820768082,0.0,-0.0403022670025189,-0.1383989145183174,0.3960261345761617,88,0.0159362549800796,40,3,0.0,0.0,0.0,市场情绪强
2026-07-27,688360.SH,德马科技,star,13.43,0.00843578328701376,0.0,-0.0407142857142857,-0.0845262440354465,0.6576967711183213,88,0.0159362549800796,40,3,0.0,0.0,0.0,市场情绪强
2026-07-27,301539.SZ,宏鑫科技,chinext,12.81,0.008432384157444876,0.0,-0.060850439882698,-0.0817204301075268,0.6195697463890038,88,0.0159362549800796,40,10,0.0,0.0,0.0,市场情绪强，板块情绪强
2026-07-27,300030.SZ,阳普医疗,chinext,5.8,0.008416176159139149,0.0,-0.0268456375838926,-0.067524115755627,0.7611408815221591,88,0.0159362549800796,40,10,0.0,0.0,0.0,市场情绪强，板块情绪强
2026-07-27,300129.SZ,泰胜风能,chinext,7.08,0.008413113940863495,0.0,-0.0432432432432432,-0.0261348005502062,0.7123451726816532,88,0.0159362549800796,40,10,0.0,0.0,0.0,市场情绪强，板块情绪强
2026-07-27,301035.SZ,润丰股份,chinext,51.81,0.008410428897254357,0.0,0.0160815846244362,0.0575627679118186,0.8768350868579363,88,0.0159362549800796,40,10,0.0,0.0,0.0,市场情绪强，板块情绪强
2026-07-27,301261.SZ,恒工精密,chinext,51.59,0.008399517593001787,0.0,-0.0373203955961932,-0.219751966122202,0.6342760311131908,88,0.0159362549800796,40,10,0.0,0.0,0.0,市场情绪强，板块情绪强
2026-07-27,688047.SH,龙芯中科,star,106.92,0.008397010035914396,0.0,-0.0898101642972674,-0.0645669291338582,0.7126621575330558,88,0.0159362549800796,40,3,0.0,0.0,0.0,市场情绪强
2026-07-27,301331.SZ,恩威医药,chinext,19.09,0.008393203023096178,0.0,-0.021025641025641,-0.0935422602089268,0.7166281460001251,88,0.0159362549800796,40,10,0.0,0.0,0.0,市场情绪强，板块情绪强
2026-07-27,688680.SH,海优新材,star,32.68,0.008389220372032578,0.0,0.0030693677102517,-0.0590267780017275,0.8696117333175224,88,0.0159362549800796,40,3,0.0,0.0,0.0,市场情绪强
2026-07-27,301300.SZ,远翔新材,chinext,26.63,0.00838888243928034,0.0,-0.0319883678662306,-0.0730943264879917,0.6031125879390462,88,0.0159362549800796,40,10,0.0,0.0,0.0,市场情绪强，板块情绪强
2026-07-27,300153.SZ,科泰电源,chinext,19.34,0.008388425992343986,0.0,-0.033,-0.0232323232323232,0.6735674194463818,88,0.0159362549800796,40,10,0.0,0.0,0.0,市场情绪强，板块情绪强
2026-07-27,300563.SZ,神宇股份,chinext,21.07,0.00838109823379502,0.0,-0.0213655364607524,-0.0457427536231883,0.5468255625374865,88,0.0159362549800796,40,10,0.0,0.0,0.0,市场情绪强，板块情绪强
2026-07-27,300449.SZ,汉邦高科,chinext,6.07,0.008380112292163216,0.0,-0.0016447368421051,-0.0097879282218595,0.7281532801611982,88,0.0159362549800796,40,10,0.0,0.0,0.0,市场情绪强，板块情绪强
2026-07-27,688338.SH,赛科希德,star,25.38,0.008377348263752691,0.0,-0.0422641509433963,-0.1287332646755922,0.6167105654904084,88,0.0159362549800796,40,3,0.0,0.0,0.0,市场情绪强
2026-07-27,301505.SZ,苏州规划,chinext,14.21,0.008375300784814571,0.0,-0.021349862258953,-0.100632911392405,0.583520317805368,88,0.0159362549800796,40,10,0.0,0.0,0.0,市场情绪强，板块情绪强
2026-07-27,688393.SH,安必平,star,16.21,0.008372365394579386,0.0,-0.0368389780154484,-0.0826259196378041,0.6592199405058112,88,0.0159362549800796,40,3,0.0,0.0,0.0,市场情绪强
2026-07-27,300350.SZ,华鹏飞,chinext,3.82,0.008363025952128096,0.0,-0.0255102040816326,-0.0329113924050633,0.6497448765287014,88,0.0159362549800796,40,10,0.0,0.0,0.0,市场情绪强，板块情绪强
2026-07-27,300365.SZ,恒华科技,chinext,4.38,0.008363019900514487,0.0,-0.024498886414254,0.0138888888888888,0.7782462783909116,88,0.0159362549800796,40,10,0.0,0.0,0.0,市场情绪强，板块情绪强
2026-07-27,301263.SZ,泰恩康,chinext,18.5,0.008362912481898712,0.0,-0.0439276485788114,-0.0414507772020725,0.7326417344269555,88,0.0159362549800796,40,10,0.0,0.0,0.0,市场情绪强，板块情绪强
2026-07-27,300535.SZ,达威股份,chinext,12.42,0.00835665388337117,0.0,-0.00877893056664,-0.0626415094339623,0.8385051297865284,88,0.0159362549800796,40,10,0.0,0.0,0.0,市场情绪强，板块情绪强
2026-07-27,301180.SZ,万祥科技,chinext,10.15,0.00834575003625726,0.0,-0.0230991337824831,-0.0514018691588784,0.6866122954231582,88,0.0159362549800796,40,10,0.0,0.0,0.0,市场情绪强，板块情绪强
2026-07-27,688193.SH,仁度生物,star,41.57,0.008320317664933977,0.0,-0.0045498084291186,-0.0601401763508929,0.7087650104284472,88,0.0159362549800796,40,3,0.0,0.0,0.0,市场情绪强
2026-07-27,300267.SZ,尔康制药,chinext,2.88,0.008318912475076498,0.0,-0.0367892976588629,-0.0857142857142857,0.7232112735451223,88,0.0159362549800796,40,10,0.0,0.0,0.0,市场情绪强，板块情绪强
2026-07-27,301311.SZ,昆船智能,chinext,12.78,0.008316025062645881,0.0,0.0248596631916597,0.0,1.740615632543484,88,0.0159362549800796,40,10,0.0,0.0,0.0,成交量放大，市场情绪强，板块情绪强
2026-07-27,300897.SZ,山科智能,chinext,12.45,0.008311519936998423,0.0,-0.0008025682182987,-0.044512663085188,0.570964361360848,88,0.0159362549800796,40,10,0.0,0.0,0.0,市场情绪强，板块情绪强
2026-07-27,301023.SZ,奕帆传动,chinext,25.22,0.008307626271652952,0.0,-0.0624535315985129,-0.0731348768834987,0.6506294714810265,88,0.0159362549800796,40,10,0.0,0.0,0.0,市场情绪强，板块情绪强
2026-07-27,688621.SH,阳光诺和,star,55.22,0.008306796426823738,0.0,-0.0329246935201401,-0.0409864536297325,0.7134970653541826,88,0.0159362549800796,40,3,0.0,0.0,0.0,市场情绪强
2026-07-27,300815.SZ,玉禾田,chinext,15.5,0.00829766437757874,0.0,0.0051880674448767,-0.04143475572047,0.7576045018359099,88,0.0159362549800796,40,10,0.0,0.0,0.0,市场情绪强，板块情绪强
2026-07-27,300455.SZ,航天智装,chinext,16.88,0.008295272384853048,0.0,-0.0242774566473988,-0.0197444831591172,0.6305201152334721,88,0.0159362549800796,40,10,0.0,0.0,0.0,市场情绪强，板块情绪强
2026-07-27,688165.SH,埃夫特,star,15.18,0.008288395515885609,0.0,-0.1001778304682869,-0.1096774193548387,0.6910749857445369,88,0.0159362549800796,40,3,0.0,0.0,0.0,市场情绪强
2026-07-27,301068.SZ,大地海洋,chinext,23.48,0.008280902086968933,0.0,-0.0451403009353394,-0.0955315870570108,0.835429464075309,88,0.0159362549800796,40,10,0.0,0.0,0.0,市场情绪强，板块情绪强
2026-07-27,301278.SZ,快可电子,chinext,24.7,0.00827556134750958,0.0,0.0106382978723402,-0.0248716936439005,0.6600810665026048,88,0.0159362549800796,40,10,0.0,0.0,0.0,市场情绪强，板块情绪强
2026-07-27,300963.SZ,中洲特材,chinext,10.58,0.008270118575138295,0.0,0.0028436018957345,-0.0194624652455976,0.7928733397113442,88,0.0159362549800796,40,10,0.0,0.0,0.0,市场情绪强，板块情绪强
2026-07-27,688626.SH,翔宇医疗,star,39.61,0.008257878397538863,0.0,-0.0723653395784543,-0.0935926773455377,1.23876061923989,88,0.0159362549800796,40,3,0.0,0.0,0.0,市场情绪强
2026-07-27,301399.SZ,英特科技,chinext,14.23,0.008257290533047516,0.0,-0.0062849162011172,-0.0532268795741849,0.4735833449289705,88,0.0159362549800796,40,10,0.0,0.0,0.0,市场情绪强，板块情绪强
2026-07-27,688108.SH,赛诺医疗,star,15.18,0.00825488533138946,0.0,-0.0155642023346304,-0.0612244897959184,0.6409979616288618,88,0.0159362549800796,40,3,0.0,0.0,0.0,市场情绪强
2026-07-27,301298.SZ,东利机械,chinext,10.63,0.008250512512510478,0.0,-0.012081784386617,-0.07805724197745,0.618872227111839,88,0.0159362549800796,40,10,0.0,0.0,0.0,市场情绪强，板块情绪强
2026-07-27,688297.SH,中无人机,star,39.83,0.008246203782295798,0.0,-0.0079701120797011,0.0399477806788513,1.186660471646274,88,0.0159362549800796,40,3,0.0,0.0,0.0,市场情绪强
2026-07-27,300837.SZ,浙矿股份,chinext,19.9,0.00822940958815274,0.0,-0.009950248756219,-0.0478468899521531,0.6363640963234332,88,0.0159362549800796,40,10,0.0,0.0,0.0,市场情绪强，板块情绪强
2026-07-27,688778.SH,厦钨新能,star,43.8,0.008220322065825713,0.0,-0.0238466681524404,-0.0077027639329406,0.753449255362222,88,0.0159362549800796,40,3,0.0,0.0,0.0,市场情绪强
2026-07-27,300013.SZ,新宁物流,chinext,3.3,0.008217681441077688,0.0,-0.0322580645161291,-0.0909090909090909,0.7626420078709341,88,0.0159362549800796,40,10,0.0,0.0,0.0,市场情绪强，板块情绪强
2026-07-27,301022.SZ,海泰科,chinext,19.68,0.008210414189930952,0.0,-0.0233250620347393,-0.0637488106565176,0.6504072754855554,88,0.0159362549800796,40,10,0.0,0.0,0.0,市场情绪强，板块情绪强
2026-07-27,300513.SZ,恒实科技,chinext,6.45,0.008193052772947407,0.0,-0.0092165898617511,-0.057017543859649,0.8467968133706932,88,0.0159362549800796,40,10,0.0,0.0,0.0,市场情绪强，板块情绪强
2026-07-27,688007.SH,光峰科技,star,9.97,0.008187688357025113,0.0,-0.0612052730696797,-0.09936766034327,0.5543524398143506,88,0.0159362549800796,40,3,0.0,0.0,0.0,市场情绪强
2026-07-27,300052.SZ,中青宝,chinext,8.97,0.008173803858949938,0.0,-0.0507936507936506,-0.0865580448065173,0.7763107398736904,88,0.0159362549800796,40,10,0.0,0.0,0.0,市场情绪强，板块情绪强
2026-07-27,301519.SZ,舜禹股份,chinext,10.15,0.008173108401610485,0.0,0.0059464816650149,-0.0653775322283608,0.7014959783934334,88,0.0159362549800796,40,10,0.0,0.0,0.0,市场情绪强，板块情绪强
2026-07-27,300758.SZ,七彩化学,chinext,9.15,0.008172514619062144,0.0,-0.035827186512118,-0.0663265306122449,0.642970006873516,88,0.0159362549800796,40,10,0.0,0.0,0.0,市场情绪强，板块情绪强
2026-07-27,688278.SH,特宝生物,star,58.9,0.008171493091678033,0.0,-0.0215946843853821,0.0238136624369893,1.0790030901180014,88,0.0159362549800796,40,3,0.0,0.0,0.0,市场情绪强
2026-07-27,300809.SZ,华辰装备,chinext,21.28,0.008166377127024468,0.0,-0.0567375886524821,-0.0621419127368885,0.7319895398876687,88,0.0159362549800796,40,10,0.0,0.0,0.0,市场情绪强，板块情绪强
2026-07-27,301429.SZ,森泰股份,chinext,14.93,0.008157638766939744,0.0,-0.000669344042838,-0.0392535392535392,1.1153102798257457,88,0.0159362549800796,40,10,0.0,0.0,0.0,市场情绪强，板块情绪强
2026-07-27,688501.SH,青达环保,star,15.68,0.008140449857733715,0.0,-0.0230529595015577,-0.0661107802263252,0.6534966967680409,88,0.0159362549800796,40,3,0.0,0.0,0.0,市场情绪强
2026-07-27,300777.SZ,中简科技,chinext,22.39,0.008140195133388074,0.0,-0.0290546400693841,-0.0179824561403508,0.6788242802014166,88,0.0159362549800796,40,10,0.0,0.0,0.0,市场情绪强，板块情绪强
2026-07-27,688369.SH,致远互联,star,15.75,0.008136116896973269,0.0,-0.0454545454545454,-0.0540540540540539,0.5783189986727318,88,0.0159362549800796,40,3,0.0,0.0,0.0,市场情绪强
2026-07-27,300997.SZ,欢乐家,chinext,13.7,0.008134607354518875,0.0,-0.0221270521056388,-0.0492713393476752,0.5867873318709672,88,0.0159362549800796,40,10,0.0,0.0,0.0,市场情绪强，板块情绪强
2026-07-27,300007.SZ,汉威科技,chinext,29.6,0.008129018344624645,0.0,-0.0718093446221386,-0.0950779578110669,0.7320000399512855,88,0.0159362549800796,40,10,0.0,0.0,0.0,市场情绪强，板块情绪强
2026-07-27,300474.SZ,景嘉微,chinext,50.61,0.008118154648222907,0.0,-0.0556073894383281,-0.0070629782224838,0.695965878360914,88,0.0159362549800796,40,10,0.0,0.0,0.0,市场情绪强，板块情绪强
2026-07-27,300457.SZ,赢合科技,chinext,18.19,0.00811504324644018,0.0,-0.0038335158817086,0.0236353404614519,0.8444716625439066,88,0.0159362549800796,40,10,0.0,0.0,0.0,市场情绪强，板块情绪强
2026-07-27,688060.SH,云涌科技,star,29.4,0.008106728179945457,0.0,-0.035749426041325,-0.0619017230376516,0.7213881841524488,88,0.0159362549800796,40,3,0.0,0.0,0.0,市场情绪强
2026-07-27,300946.SZ,恒而达,chinext,35.18,0.008078715711936501,0.0,-0.0042456835550522,-0.0073363431151241,0.7457763123293474,88,0.0159362549800796,40,10,0.0,0.0,0.0,市场情绪强，板块情绪强
2026-07-27,300624.SZ,万兴科技,chinext,44.38,0.008077457977660008,0.0,-0.0937308556258933,-0.0290964777947931,0.7327093789112499,88,0.0159362549800796,40,10,0.0,0.0,0.0,市场情绪强，板块情绪强
2026-07-27,688162.SH,巨一科技,star,19.69,0.008075836066742373,0.0,-0.0281342546890425,-0.066824644549763,0.6829679888871879,88,0.0159362549800796,40,3,0.0,0.0,0.0,市场情绪强
2026-07-27,300771.SZ,智莱科技,chinext,10.32,0.008075824812034655,0.0,-0.0133843212237094,-0.0245746691871455,0.673063127287232,88,0.0159362549800796,40,10,0.0,0.0,0.0,市场情绪强，板块情绪强
2026-07-27,688058.SH,宝兰德,star,19.1,0.008075056672404709,0.0,-0.0402010050251254,-0.0319310694374048,0.9045759400310216,88,0.0159362549800796,40,3,0.0,0.0,0.0,市场情绪强
2026-07-27,688132.SH,邦彦技术,star,11.41,0.008071211660749748,0.0,-0.013828867761452,-0.0632183908045976,0.6345940135966066,88,0.0159362549800796,40,3,0.0,0.0,0.0,市场情绪强
2026-07-27,300074.SZ,华平股份,chinext,3.19,0.008069840573971834,0.0,-0.0093167701863354,-0.0362537764350453,0.6612362427874294,88,0.0159362549800796,40,10,0.0,0.0,0.0,市场情绪强，板块情绪强
2026-07-27,300694.SZ,蠡湖股份,chinext,9.36,0.008065227832189128,0.0,-0.0448979591836735,-0.1161473087818697,0.6427588117901265,88,0.0159362549800796,40,10,0.0,0.0,0.0,市场情绪强，板块情绪强
2026-07-27,300448.SZ,浩云科技,chinext,4.81,0.00805822317578654,0.0,-0.0321931589537223,-0.0302419354838709,0.6214674890385028,88,0.0159362549800796,40,10,0.0,0.0,0.0,市场情绪强，板块情绪强
2026-07-27,301658.SZ,首航新能,chinext,22.67,0.008056180452326157,0.0,-0.0039543057996485,0.0030973451327434,0.9003464809138089,88,0.0159362549800796,40,10,0.0,0.0,0.0,市场情绪强，板块情绪强
2026-07-27,301479.SZ,弘景光电,chinext,45.13,0.008046534041522505,0.0,-0.0518907563025209,-0.0564499268241688,0.6913025198582893,88,0.0159362549800796,40,10,0.0,0.0,0.0,市场情绪强，板块情绪强
2026-07-27,301256.SZ,华融化学,chinext,9.18,0.008046221400202683,0.0,-0.0075675675675676,-0.0377358490566037,0.6220210191795315,88,0.0159362549800796,40,10,0.0,0.0,0.0,市场情绪强，板块情绪强
2026-07-27,688267.SH,中触媒,star,16.54,0.008042261092664246,0.0,0.0024242424242424,-0.041159420289855,1.0377383212117344,88,0.0159362549800796,40,3,0.0,0.0,0.0,市场情绪强
2026-07-27,688695.SH,中创股份,star,15.96,0.008035270674431988,0.0,-0.0488676996424314,-0.0843373493975903,0.8489738157713946,88,0.0159362549800796,40,3,0.0,0.0,0.0,市场情绪强
2026-07-27,300133.SZ,华策影视,chinext,6.3,0.008035252437353311,0.0,-0.125,-0.1025641025641025,0.969089021304025,88,0.0159362549800796,40,10,0.0,0.0,0.0,市场情绪强，板块情绪强
2026-07-27,300583.SZ,赛托生物,chinext,10.95,0.008027654187656882,0.0,-0.0301151461470328,-0.091286307053942,0.6807198850001046,88,0.0159362549800796,40,10,0.0,0.0,0.0,市场情绪强，板块情绪强
2026-07-27,300496.SZ,中科创达,chinext,57.37,0.008027312342250476,0.0,-0.0619686069326357,0.021727515583259,0.5628138211136796,88,0.0159362549800796,40,10,0.0,0.0,0.0,市场情绪强，板块情绪强
2026-07-27,301683.SZ,慧谷新材,chinext,94.51,0.00802019586450062,0.0,-0.0548999999999999,-0.0938638542665387,0.713939575966691,88,0.0159362549800796,40,10,0.0,0.0,0.0,市场情绪强，板块情绪强
2026-07-27,688568.SH,中科星图,star,32.35,0.008016652798821385,0.0,-0.0644881434355117,0.0084164588528679,0.6067507727203507,88,0.0159362549800796,40,3,0.0,0.0,0.0,市场情绪强
2026-07-27,688295.SH,中复神鹰,star,38.89,0.008012666549899322,0.0,-0.034987593052109,0.0002572016460904,0.7660622955451772,88,0.0159362549800796,40,3,0.0,0.0,0.0,市场情绪强
2026-07-27,688095.SH,福昕软件,star,49.35,0.00799449678583297,0.0,-0.0944954128440366,-0.0471133423440818,0.7591691030549396,88,0.0159362549800796,40,3,0.0,0.0,0.0,市场情绪强
2026-07-27,301001.SZ,凯淳股份,chinext,20.14,0.007992082500837877,0.0,-0.0213799805636539,-0.0786825251601097,0.7459305765851659,88,0.0159362549800796,40,10,0.0,0.0,0.0,市场情绪强，板块情绪强
2026-07-27,688365.SH,光云科技,star,12.65,0.00797806293819647,0.0,-0.0698529411764705,-0.0629629629629628,0.7797999738429666,88,0.0159362549800796,40,3,0.0,0.0,0.0,市场情绪强
2026-07-27,688085.SH,三友医疗,star,11.71,0.00797705914967716,0.0,-0.0456397718011408,-0.1115326251896812,0.7156566113225638,88,0.0159362549800796,40,3,0.0,0.0,0.0,市场情绪强
2026-07-27,300612.SZ,宣亚国际,chinext,10.3,0.007975824081359568,0.0,-0.0400745573159365,-0.0559120073327221,0.689173346349454,88,0.0159362549800796,40,10,0.0,0.0,0.0,市场情绪强，板块情绪强
2026-07-27,300291.SZ,百纳千成,chinext,4.43,0.007971317801329505,0.0,-0.0452586206896551,-0.0712788259958071,0.6685597902069672,88,0.0159362549800796,40,10,0.0,0.0,0.0,市场情绪强，板块情绪强
2026-07-27,300250.SZ,初灵信息,chinext,13.02,0.007955675764510213,0.0,-0.0341246290801187,-0.03125,0.7508853333257257,88,0.0159362549800796,40,10,0.0,0.0,0.0,市场情绪强，板块情绪强
2026-07-27,688775.SH,影石创新,star,122.8,0.007950560174441307,0.0,-0.0581377511888326,-0.1123319358103224,0.7113868748616885,88,0.0159362549800796,40,3,0.0,0.0,0.0,市场情绪强
2026-07-27,300305.SZ,裕兴股份,chinext,4.72,0.007946581529555762,0.0,-0.0166666666666667,-0.0578842315369261,0.7008956524357248,88,0.0159362549800796,40,10,0.0,0.0,0.0,市场情绪强，板块情绪强
2026-07-27,300063.SZ,天龙集团,chinext,7.32,0.007943548226489372,0.0,-0.0675159235668788,-0.0493506493506493,0.9494628457978456,88,0.0159362549800796,40,10,0.0,0.0,0.0,市场情绪强，板块情绪强
2026-07-27,688063.SH,派能科技,star,40.73,0.007933741580381353,0.0,-0.0211487623167508,-0.0232613908872902,0.751657904200959,88,0.0159362549800796,40,3,0.0,0.0,0.0,市场情绪强
2026-07-27,300292.SZ,吴通控股,chinext,3.87,0.00793113405443468,0.0,-0.0276381909547738,-0.0227272727272727,0.6878520322538885,88,0.0159362549800796,40,10,0.0,0.0,0.0,市场情绪强，板块情绪强
2026-07-27,301567.SZ,贝隆精密,chinext,29.87,0.00793000924080454,0.0,-0.0066511473229131,-0.0601006922592826,0.708568539893841,88,0.0159362549800796,40,10,0.0,0.0,0.0,市场情绪强，板块情绪强
2026-07-27,300514.SZ,友讯达,chinext,8.4,0.007927822716269737,0.0,-0.0175438596491228,-0.0625,0.6818287204183053,88,0.0159362549800796,40,10,0.0,0.0,0.0,市场情绪强，板块情绪强
2026-07-27,301533.SZ,威马农机,chinext,22.96,0.007917043399652646,0.0,0.0114537444933922,-0.0304054054054053,0.8317904795567694,88,0.0159362549800796,40,10,0.0,0.0,0.0,市场情绪强，板块情绪强
2026-07-27,688599.SH,天合光能,star,12.72,0.007913964976318294,0.0,-0.0147172734314484,0.0316301703163017,0.7523733350424441,88,0.0159362549800796,40,3,0.0,0.0,0.0,市场情绪强
2026-07-27,300016.SZ,北陆药业,chinext,7.39,0.007910358293413978,0.0,-0.0185922974767597,-0.0501285347043702,0.7789994937662044,88,0.0159362549800796,40,10,0.0,0.0,0.0,市场情绪强，板块情绪强
2026-07-27,300101.SZ,振芯科技,chinext,13.52,0.007901980442650202,0.0,-0.0424929178470254,-0.0342857142857143,0.9158708922215422,88,0.0159362549800796,40,10,0.0,0.0,0.0,市场情绪强，板块情绪强
2026-07-27,688119.SH,中钢洛耐,star,3.63,0.007878766108719562,0.0,-0.0162601626016259,-0.0497382198952879,0.5255537766231656,88,0.0159362549800796,40,3,0.0,0.0,0.0,市场情绪强
2026-07-27,688067.SH,爱威科技,star,18.31,0.007871822945756028,0.0,-0.0296767355590886,-0.0686673448626653,0.5543612132220159,88,0.0159362549800796,40,3,0.0,0.0,0.0,市场情绪强
2026-07-27,300357.SZ,我武生物,chinext,22.8,0.007860629024354502,0.0,-0.0909090909090908,-0.0440251572327043,1.077274128871739,88,0.0159362549800796,40,10,0.0,0.0,0.0,市场情绪强，板块情绪强
2026-07-27,300447.SZ,全信股份,chinext,12.47,0.007857614216069534,0.0,0.0056451612903225,-0.0242566510172143,0.7593237999568906,88,0.0159362549800796,40,10,0.0,0.0,0.0,市场情绪强，板块情绪强
2026-07-27,301000.SZ,肇民科技,chinext,21.89,0.007841328027032541,0.0,-0.106165781951817,-0.1508921644685803,1.277523625886607,88,0.0159362549800796,40,10,0.0,0.0,0.0,市场情绪强，板块情绪强
2026-07-27,301129.SZ,瑞纳智能,chinext,18.35,0.007834114763030094,0.0,-0.0123789020452097,-0.0223761321257324,0.8385666333701439,88,0.0159362549800796,40,10,0.0,0.0,0.0,市场情绪强，板块情绪强
2026-07-27,300171.SZ,东富龙,chinext,11.76,0.00782034349983897,0.0,-0.0142497904442581,0.0068493150684931,1.1226921625637452,88,0.0159362549800796,40,10,0.0,0.0,0.0,市场情绪强，板块情绪强
2026-07-27,300883.SZ,龙利得,chinext,5.01,0.007816329680391816,0.0,-0.0118343195266272,-0.1256544502617802,0.7722307073913234,88,0.0159362549800796,40,10,0.0,0.0,0.0,市场情绪强，板块情绪强
2026-07-27,688435.SH,英方软件,star,25.33,0.007815650540525573,0.0,-0.0379794910748195,-0.0509554140127389,0.6151036614586542,88,0.0159362549800796,40,3,0.0,0.0,0.0,市场情绪强
2026-07-27,300775.SZ,三角防务,chinext,19.85,0.0078155119331359,0.0,0.0045546558704452,0.032241289651586,1.025446852829381,88,0.0159362549800796,40,10,0.0,0.0,0.0,市场情绪强，板块情绪强
2026-07-27,300170.SZ,汉得信息,chinext,13.82,0.007808114177436047,0.0,-0.0961412688031392,-0.0205527994330261,0.8618535834304983,88,0.0159362549800796,40,10,0.0,0.0,0.0,市场情绪强，板块情绪强
2026-07-27,300371.SZ,汇中股份,chinext,8.99,0.007802877235867429,0.0,-0.0206971677559912,-0.0516877637130801,0.6663867803658527,88,0.0159362549800796,40,10,0.0,0.0,0.0,市场情绪强，板块情绪强
2026-07-27,300187.SZ,永清环保,chinext,4.35,0.007801393708824807,0.0,-0.018058690744921,-0.0522875816993464,0.6716918477686789,88,0.0159362549800796,40,10,0.0,0.0,0.0,市场情绪强，板块情绪强
2026-07-27,688111.SH,金山办公,star,226.93,0.0077932095938581065,0.0,-0.0832963037770148,0.0153467561521252,0.6926502037195104,88,0.0159362549800796,40,3,0.0,0.0,0.0,市场情绪强
2026-07-27,688586.SH,江航装备,star,9.86,0.007781803415092089,0.0,-0.018905472636816,-0.0110330992978937,1.420698643851858,88,0.0159362549800796,40,3,0.0,0.0,0.0,市场情绪强
2026-07-27,300484.SZ,蓝海华腾,chinext,11.52,0.007780463867399713,0.0,-0.0391993327773144,-0.0495049504950494,0.6660493109542951,88,0.0159362549800796,40,10,0.0,0.0,0.0,市场情绪强，板块情绪强
2026-07-27,300134.SZ,大富科技,chinext,7.36,0.007779076167624225,0.0,-0.0134048257372653,-0.0054054054054054,0.8675330534827976,88,0.0159362549800796,40,10,0.0,0.0,0.0,市场情绪强，板块情绪强
2026-07-27,688116.SH,天奈科技,star,31.1,0.007776072674935773,0.0,-0.0696978761591384,0.0143509458577952,0.6754587641592683,88,0.0159362549800796,40,3,0.0,0.0,0.0,市场情绪强
2026-07-27,300773.SZ,拉卡拉,chinext,14.17,0.007775805549576267,0.0,-0.0968769917144678,0.0014134275618373,0.6800395219967685,88,0.0159362549800796,40,10,0.0,0.0,0.0,市场情绪强，板块情绪强
2026-07-27,301515.SZ,港通医疗,chinext,16.22,0.007772818065194194,0.0,-0.0097680097680097,-0.0667433831990794,0.6342662134081805,88,0.0159362549800796,40,10,0.0,0.0,0.0,市场情绪强，板块情绪强
2026-07-27,301136.SZ,招标股份,chinext,10.05,0.007770309243293662,0.0,-0.0078973346495557,-0.0446768060836501,0.7358803228480073,88,0.0159362549800796,40,10,0.0,0.0,0.0,市场情绪强，板块情绪强
2026-07-27,301368.SZ,丰立智能,chinext,36.35,0.007761672830946547,0.0,-0.0774111675126902,-0.0953210552513688,0.6405821339886468,88,0.0159362549800796,40,10,0.0,0.0,0.0,市场情绪强，板块情绪强
2026-07-27,300565.SZ,科信技术,chinext,8.29,0.007756396718626824,0.0,-0.0177725118483412,-0.0438292964244522,0.6131214861002887,88,0.0159362549800796,40,10,0.0,0.0,0.0,市场情绪强，板块情绪强
2026-07-27,688122.SH,西部超导,star,49.7,0.00775606108409468,0.0,-0.0536938309215536,0.0247422680412372,0.6847788179768811,88,0.0159362549800796,40,3,0.0,0.0,0.0,市场情绪强
2026-07-27,300707.SZ,威唐工业,chinext,10.64,0.007744615445080257,0.0,0.0211132437619963,-0.0102325581395348,0.735143174765406,88,0.0159362549800796,40,10,0.0,0.0,0.0,市场情绪强，板块情绪强
2026-07-27,300860.SZ,锋尚文化,chinext,23.08,0.007742975256889431,0.0,-0.0610252237591537,-0.1012461059190031,0.7919520416939516,88,0.0159362549800796,40,10,0.0,0.0,0.0,市场情绪强，板块情绪强
2026-07-27,688280.SH,精进电动,star,4.37,0.007730393316899507,0.0,-0.0288888888888888,-0.0416666666666665,0.7444547385242664,88,0.0159362549800796,40,3,0.0,0.0,0.0,市场情绪强
2026-07-27,301162.SZ,国能日新,chinext,35.0,0.007721810840174943,0.0,-0.0042674253200568,-0.0212527964205816,0.7246607920326101,88,0.0159362549800796,40,10,0.0,0.0,0.0,市场情绪强，板块情绪强
2026-07-27,300982.SZ,苏文电能,chinext,13.99,0.007715885228088445,0.0,-0.0070972320794889,-0.0250871080139372,0.5986666939252966,88,0.0159362549800796,40,10,0.0,0.0,0.0,市场情绪强，板块情绪强
2026-07-27,300310.SZ,宜通世纪,chinext,3.93,0.007714710312307769,0.0,-0.0507246376811593,-0.0199501246882791,0.7998130186065038,88,0.0159362549800796,40,10,0.0,0.0,0.0,市场情绪强，板块情绪强
2026-07-27,300952.SZ,恒辉安防,chinext,15.06,0.007707225999742846,0.0,-0.051039697542533,-0.0916767189384799,0.7405140317685601,88,0.0159362549800796,40,10,0.0,0.0,0.0,市场情绪强，板块情绪强
2026-07-27,301083.SZ,百胜智能,chinext,11.93,0.007704454645580118,0.0,-0.0016736401673639,-0.0606299212598424,0.7881447244362279,88,0.0159362549800796,40,10,0.0,0.0,0.0,市场情绪强，板块情绪强
2026-07-27,300061.SZ,旗天科技,chinext,5.74,0.00770330231772612,0.0,-0.0433333333333333,-0.0320404721753793,0.7192914158343326,88,0.0159362549800796,40,10,0.0,0.0,0.0,市场情绪强，板块情绪强
2026-07-27,300906.SZ,日月明,chinext,22.02,0.007702795353271158,0.0,-0.0239361702127659,-0.0549356223175966,0.6232233119172242,88,0.0159362549800796,40,10,0.0,0.0,0.0,市场情绪强，板块情绪强
2026-07-27,300195.SZ,长荣股份,chinext,4.66,0.007701554421132878,0.0,-0.0106157112526539,-0.0528455284552845,0.6768254353670464,88,0.0159362549800796,40,10,0.0,0.0,0.0,市场情绪强，板块情绪强
2026-07-27,300121.SZ,阳谷华泰,chinext,8.94,0.007689876666780148,0.0,-0.0499468650371945,-0.0458911419423692,0.7094680929258405,88,0.0159362549800796,40,10,0.0,0.0,0.0,市场情绪强，板块情绪强
2026-07-27,301383.SZ,天键股份,chinext,19.36,0.007686505008945976,0.0,-0.0377733598409543,-0.0560702096538274,0.6950897889953495,88,0.0159362549800796,40,10,0.0,0.0,0.0,市场情绪强，板块情绪强
2026-07-27,688118.SH,普元信息,star,17.26,0.007682967857610658,0.0,-0.0516483516483515,-0.0516483516483515,0.7752225028245064,88,0.0159362549800796,40,3,0.0,0.0,0.0,市场情绪强
2026-07-27,300659.SZ,中孚信息,chinext,8.92,0.007675341842417485,0.0,-0.0408602150537634,-0.0925737538148525,0.6849668965840977,88,0.0159362549800796,40,10,0.0,0.0,0.0,市场情绪强，板块情绪强
2026-07-27,300066.SZ,三川智慧,chinext,4.58,0.007671758826898543,0.0,-0.023454157782516,-0.0296610169491524,0.7597239711580732,88,0.0159362549800796,40,10,0.0,0.0,0.0,市场情绪强，板块情绪强
2026-07-27,688615.SH,合合信息,star,91.02,0.00767048517742097,0.0,-0.0925224327018943,-0.0489028213166145,0.7858653213183703,88,0.0159362549800796,40,3,0.0,0.0,0.0,市场情绪强
2026-07-27,688557.SH,兰剑智能,star,17.56,0.007661651466442472,0.0,-0.0372807017543859,-0.0704076230809953,0.5291098071002783,88,0.0159362549800796,40,3,0.0,0.0,0.0,市场情绪强
2026-07-27,301355.SZ,南王科技,chinext,8.72,0.007654532059385899,0.0,-0.0246085011185681,-0.0762711864406778,0.7056494271733731,88,0.0159362549800796,40,10,0.0,0.0,0.0,市场情绪强，板块情绪强
2026-07-27,301498.SZ,乖宝宠物,chinext,37.64,0.0076420627313548185,0.0,-0.0852976913730254,-0.0568779754447505,0.5708957758104113,88,0.0159362549800796,40,10,0.0,0.0,0.0,市场情绪强，板块情绪强
2026-07-27,300690.SZ,双一科技,chinext,19.45,0.007639630676069629,0.0,-0.0156882591093118,-0.0265265265265265,0.7667958816977386,88,0.0159362549800796,40,10,0.0,0.0,0.0,市场情绪强，板块情绪强
2026-07-27,688281.SH,华秦科技,star,44.59,0.007622794954174615,0.0,-0.010650099844686,0.0374592833876223,0.6933332848193042,88,0.0159362549800796,40,3,0.0,0.0,0.0,市场情绪强
2026-07-27,300660.SZ,江苏雷利,chinext,24.56,0.007618908017455375,0.0,-0.0629530713468142,-0.0539291217257319,0.6357032375797633,88,0.0159362549800796,40,10,0.0,0.0,0.0,市场情绪强，板块情绪强
2026-07-27,301006.SZ,迈拓股份,chinext,11.37,0.007618322140319608,0.0,-0.0231958762886599,-0.0665024630541872,0.6814322923611666,88,0.0159362549800796,40,10,0.0,0.0,0.0,市场情绪强，板块情绪强
2026-07-27,300778.SZ,新城市,chinext,8.95,0.007616362296348686,0.0,-0.0261153427638738,-0.07061266874351,0.603717895597951,88,0.0159362549800796,40,10,0.0,0.0,0.0,市场情绪强，板块情绪强
2026-07-27,688712.SH,北芯生命,star,32.55,0.007613027057085202,0.0,-0.0225225225225225,-0.0673352435530086,0.802237840896131,88,0.0159362549800796,40,3,0.0,0.0,0.0,市场情绪强
2026-07-27,301337.SZ,亚华电子,chinext,21.01,0.007612706119936506,0.0,-0.0322432058959004,-0.1048146570089474,0.678523115392196,88,0.0159362549800796,40,10,0.0,0.0,0.0,市场情绪强，板块情绪强
2026-07-27,300207.SZ,欣旺达,chinext,16.92,0.00760377983336639,0.0,-0.0225303292894278,0.0205066344993971,0.8438745527041824,88,0.0159362549800796,40,10,0.0,0.0,0.0,市场情绪强，板块情绪强
2026-07-27,300702.SZ,天宇股份,chinext,19.63,0.0076022617126752165,0.0,-0.0512324794586758,-0.0296589223924864,0.7100201034673497,88,0.0159362549800796,40,10,0.0,0.0,0.0,市场情绪强，板块情绪强
2026-07-27,300542.SZ,新晨科技,chinext,10.57,0.00759146093562947,0.0,-0.0927038626609442,-0.0212962962962963,0.541914213190845,88,0.0159362549800796,40,10,0.0,0.0,0.0,市场情绪强，板块情绪强
2026-07-27,300867.SZ,圣元环保,chinext,15.22,0.007588947705059361,0.0,-0.0174306003873466,-0.0725167580743448,0.5730756376555605,88,0.0159362549800796,40,10,0.0,0.0,0.0,市场情绪强，板块情绪强
2026-07-27,300675.SZ,建科院,chinext,11.06,0.007588257424025975,0.0,-0.0238305383936451,-0.0579216354344122,0.5461937750826901,88,0.0159362549800796,40,10,0.0,0.0,0.0,市场情绪强，板块情绪强
2026-07-27,688055.SH,龙腾光电,star,3.74,0.007586259396489703,0.0,-0.0385604113110539,0.0476190476190476,0.5070731664958927,88,0.0159362549800796,40,3,0.0,0.0,0.0,市场情绪强
2026-07-27,688793.SH,倍轻松,star,14.64,0.007563806926058678,0.0,-0.029821073558648,-0.094059405940594,0.5959173797936833,88,0.0159362549800796,40,3,0.0,0.0,0.0,市场情绪强
2026-07-27,301089.SZ,拓新药业,chinext,21.39,0.007561335687107634,0.0,-0.0156465715600552,-0.049755664149267,0.5066632718591693,88,0.0159362549800796,40,10,0.0,0.0,0.0,市场情绪强，板块情绪强
2026-07-27,300073.SZ,当升科技,chinext,39.68,0.007558689112969653,0.0,-0.0345498783454988,0.0365726227795193,0.6390155399376176,88,0.0159362549800796,40,10,0.0,0.0,0.0,市场情绪强，板块情绪强
2026-07-27,688137.SH,近岸蛋白,star,34.01,0.00755631358109901,0.0,-0.0473389355742298,-0.0745578231292517,0.602434930510485,88,0.0159362549800796,40,3,0.0,0.0,0.0,市场情绪强
2026-07-27,688077.SH,大地熊,star,21.43,0.007550454587260444,0.0,-0.0316312697695435,-0.0437304774654172,0.5777078443510989,88,0.0159362549800796,40,3,0.0,0.0,0.0,市场情绪强
2026-07-27,300019.SZ,硅宝科技,chinext,13.5,0.007542641852972708,0.0,-0.041873669268985,-0.0479548660084625,0.7108142645329196,88,0.0159362549800796,40,10,0.0,0.0,0.0,市场情绪强，板块情绪强
2026-07-27,688520.SH,神州细胞,star,33.76,0.007542428975810578,0.0,-0.0635228848821081,-0.0699724517906336,1.0615460143334343,88,0.0159362549800796,40,3,0.0,0.0,0.0,市场情绪强
2026-07-27,688410.SH,山外山,star,9.4,0.007537020445009077,0.0,-0.0802348336594912,-0.0996168582375478,0.9040055986001352,88,0.0159362549800796,40,3,0.0,0.0,0.0,市场情绪强
2026-07-27,300183.SZ,东软载波,chinext,9.84,0.007535687792444512,0.0,0.0250000000000001,0.0260688216892597,0.6176311910208775,88,0.0159362549800796,40,10,0.0,0.0,0.0,市场情绪强，板块情绪强
2026-07-27,300580.SZ,贝斯特,chinext,17.98,0.007535643832875621,0.0,-0.1014492753623188,-0.1164619164619165,0.8016021378039654,88,0.0159362549800796,40,10,0.0,0.0,0.0,市场情绪强，板块情绪强
2026-07-27,300884.SZ,狄耐克,chinext,9.98,0.0075352216692099626,0.0,-0.0338818973862535,-0.0549242424242424,0.5607171636412085,88,0.0159362549800796,40,10,0.0,0.0,0.0,市场情绪强，板块情绪强
2026-07-27,300641.SZ,正丹股份,chinext,13.91,0.007531916177900133,0.0,-0.0085531004989307,0.0116363636363636,1.0209830542990084,88,0.0159362549800796,40,10,0.0,0.0,0.0,市场情绪强，板块情绪强
2026-07-27,688088.SH,虹软科技,star,30.05,0.007531342369740368,0.0,-0.0992206235011989,-0.0579937304075234,0.7136872430036846,88,0.0159362549800796,40,3,0.0,0.0,0.0,市场情绪强
2026-07-27,301229.SZ,纽泰格,chinext,10.65,0.007529449308939701,0.0,-0.0344514959202174,-0.0811044003451251,0.8758425951965613,88,0.0159362549800796,40,10,0.0,0.0,0.0,市场情绪强，板块情绪强
2026-07-27,301100.SZ,风光股份,chinext,14.39,0.007523005841736773,0.0,-0.0613176777560339,-0.1095297029702969,0.574379352408355,88,0.0159362549800796,40,10,0.0,0.0,0.0,市场情绪强，板块情绪强
2026-07-27,300711.SZ,广哈通信,chinext,14.14,0.007520165567064996,0.0,-0.0098039215686274,-0.0153203342618383,0.7966739312517979,88,0.0159362549800796,40,10,0.0,0.0,0.0,市场情绪强，板块情绪强
2026-07-27,300947.SZ,德必集团,chinext,11.94,0.00751908704013016,0.0,-0.0164744645799012,-0.0649960845732184,0.7318626989885223,88,0.0159362549800796,40,10,0.0,0.0,0.0,市场情绪强，板块情绪强
2026-07-27,300512.SZ,中亚股份,chinext,6.24,0.007506620410613318,0.0,-0.0234741784037557,-0.0574018126888217,0.8492361027617209,88,0.0159362549800796,40,10,0.0,0.0,0.0,市场情绪强，板块情绪强
2026-07-27,301586.SZ,佳力奇,chinext,28.7,0.007503493137124638,0.0,0.0027952480782669,-0.0524925718058765,0.7766981931639992,88,0.0159362549800796,40,10,0.0,0.0,0.0,市场情绪强，板块情绪强
2026-07-27,301668.SZ,昊创瑞通,chinext,29.65,0.007500811018962927,0.0,-0.0006740815638693,-0.0307289964040536,0.9476716478862884,88,0.0159362549800796,40,10,0.0,0.0,0.0,市场情绪强，板块情绪强
2026-07-27,300359.SZ,全通教育,chinext,3.41,0.007500635265862927,0.0,-0.014450867052023,-0.0229226361031519,0.6092605115818631,88,0.0159362549800796,40,10,0.0,0.0,0.0,市场情绪强，板块情绪强
2026-07-27,300471.SZ,厚普股份,chinext,8.64,0.007493431181286271,0.0,-0.0159453302961274,-0.0335570469798656,0.801872302470023,88,0.0159362549800796,40,10,0.0,0.0,0.0,市场情绪强，板块情绪强
2026-07-27,300956.SZ,英力股份,chinext,9.37,0.00748531109709197,0.0,-0.0147213459516298,-0.0419222903885481,0.671568084698291,88,0.0159362549800796,40,10,0.0,0.0,0.0,市场情绪强，板块情绪强
2026-07-27,300622.SZ,博士眼镜,chinext,13.65,0.007485034768781553,0.0,-0.0869565217391303,-0.131679389312977,0.8375352070926413,88,0.0159362549800796,40,10,0.0,0.0,0.0,市场情绪强，板块情绪强
2026-07-27,688765.SH,禾元生物,star,45.0,0.007483486066404604,0.0,-0.103942652329749,-0.1219512195121951,0.8133003137577264,88,0.0159362549800796,40,3,0.0,0.0,0.0,市场情绪强
2026-07-27,301077.SZ,星华新材,chinext,18.19,0.007471466772483763,0.0,-0.0421274354923643,-0.0827029752899645,0.5163730085694853,88,0.0159362549800796,40,10,0.0,0.0,0.0,市场情绪强，板块情绪强
2026-07-27,300719.SZ,安达维尔,chinext,10.62,0.007460925581451669,0.0,0.0123927550047664,-0.0202952029520295,1.0051353334474944,88,0.0159362549800796,40,10,0.0,0.0,0.0,市场情绪强，板块情绪强
2026-07-27,688698.SH,伟创电气,star,42.11,0.0074547734831810816,0.0,-0.0730794629099713,-0.0963519313304721,0.7206046014880341,88,0.0159362549800796,40,3,0.0,0.0,0.0,市场情绪强
2026-07-27,300402.SZ,宝色股份,chinext,13.39,0.007452201512970677,0.0,0.0174772036474164,0.0190258751902587,0.7090825082257076,88,0.0159362549800796,40,10,0.0,0.0,0.0,市场情绪强，板块情绪强
2026-07-27,301141.SZ,中科磁业,chinext,33.78,0.007436593663769126,0.0,-0.0067627168479857,-0.0171661332557462,0.6406255947357818,88,0.0159362549800796,40,10,0.0,0.0,0.0,市场情绪强，板块情绪强
2026-07-27,688426.SH,康为世纪,star,14.95,0.007430732534707985,0.0,-0.0519974635383639,-0.0748762376237623,0.6080144536566752,88,0.0159362549800796,40,3,0.0,0.0,0.0,市场情绪强
2026-07-27,300239.SZ,东宝生物,chinext,4.52,0.007427547091625605,0.0,-0.0341880341880341,-0.1013916500994037,0.5535887467058382,88,0.0159362549800796,40,10,0.0,0.0,0.0,市场情绪强，板块情绪强
2026-07-27,300887.SZ,谱尼测试,chinext,6.39,0.007427508865302852,0.0,-0.0199386503067484,-0.0376506024096385,0.7521981300882048,88,0.0159362549800796,40,10,0.0,0.0,0.0,市场情绪强，板块情绪强
2026-07-27,300033.SZ,同花顺,chinext,214.65,0.007426151489878374,0.0,-0.0725858716785482,-0.0042215624420114,0.8997836714409673,88,0.0159362549800796,40,10,0.0,0.0,0.0,市场情绪强，板块情绪强
2026-07-27,301378.SZ,通达海,chinext,21.17,0.007423360224806028,0.0,-0.0306776556776555,-0.0523724261414502,0.7046767455938763,88,0.0159362549800796,40,10,0.0,0.0,0.0,市场情绪强，板块情绪强
2026-07-27,301320.SZ,豪江智能,chinext,11.26,0.007419844165865951,0.0,-0.0200174064403829,-0.0505902192242833,0.8451173705946439,88,0.0159362549800796,40,10,0.0,0.0,0.0,市场情绪强，板块情绪强
2026-07-27,300224.SZ,正海磁材,chinext,10.51,0.007414523841220784,0.0,-0.0277520814061055,-0.0428051001821494,0.6756725929246751,88,0.0159362549800796,40,10,0.0,0.0,0.0,市场情绪强，板块情绪强
2026-07-27,301353.SZ,普莱得,chinext,15.03,0.0074088552201729534,0.0,-0.0309477756286267,-0.0879854368932039,0.9250461977025264,88,0.0159362549800796,40,10,0.0,0.0,0.0,市场情绪强，板块情绪强
2026-07-27,688247.SH,宣泰医药,star,8.17,0.007408093184881174,0.0,-0.0609195402298849,-0.0830527497194164,0.7381652166913464,88,0.0159362549800796,40,3,0.0,0.0,0.0,市场情绪强
2026-07-27,688420.SH,美腾科技,star,18.96,0.007402007039009588,0.0,-0.0236869207003089,-0.0787172011661806,0.6158613548026316,88,0.0159362549800796,40,3,0.0,0.0,0.0,市场情绪强
2026-07-27,300210.SZ,森远股份,chinext,8.27,0.007397483760048636,0.0,-0.0060096153846154,-0.0270588235294118,0.6808015390845342,88,0.0159362549800796,40,10,0.0,0.0,0.0,市场情绪强，板块情绪强
2026-07-27,301131.SZ,聚赛龙,chinext,28.57,0.007393320349175025,0.0,-0.0121023513139696,-0.064505566470203,0.6645245672175475,88,0.0159362549800796,40,10,0.0,0.0,0.0,市场情绪强，板块情绪强
2026-07-27,300698.SZ,万马科技,chinext,22.56,0.007390657300635657,0.0,-0.0358974358974358,-0.0424448217317486,0.7455096549833533,88,0.0159362549800796,40,10,0.0,0.0,0.0,市场情绪强，板块情绪强
2026-07-27,300682.SZ,朗新科技,chinext,9.76,0.007377609232410434,0.0,-0.0412573673870333,0.0360934182590233,0.6579528179868247,88,0.0159362549800796,40,10,0.0,0.0,0.0,市场情绪强，板块情绪强
2026-07-27,688561.SH,奇安信,star,24.0,0.007367793103756806,0.0,-0.0643274853801169,-0.0554899645808736,0.901980714842764,88,0.0159362549800796,40,3,0.0,0.0,0.0,市场情绪强
2026-07-27,688317.SH,之江生物,star,15.09,0.007366435837125139,0.0,-0.0137254901960784,-0.0333119795003202,0.8249185467731881,88,0.0159362549800796,40,3,0.0,0.0,0.0,市场情绪强
2026-07-27,300971.SZ,博亚精工,chinext,16.83,0.0073633988163934365,0.0,-0.0277296360485268,-0.063959955506118,0.6015325259477454,88,0.0159362549800796,40,10,0.0,0.0,0.0,市场情绪强，板块情绪强
2026-07-27,300276.SZ,三丰智能,chinext,6.08,0.007359138979601048,0.0,-0.089820359281437,-0.0829562594268475,0.787675860494308,88,0.0159362549800796,40,10,0.0,0.0,0.0,市场情绪强，板块情绪强
2026-07-27,688318.SH,财富趋势,star,64.49,0.007355290848582702,0.0,-0.0990500139703828,-0.0541214432384865,1.005289211813521,88,0.0159362549800796,40,3,0.0,0.0,0.0,市场情绪强
2026-07-27,688472.SH,阿特斯,star,9.3,0.007348464211174977,0.0,-0.0727816550348952,0.0310421286031044,0.6361822150028306,88,0.0159362549800796,40,3,0.0,0.0,0.0,市场情绪强
2026-07-27,300678.SZ,中科信息,chinext,21.15,0.007347417571862596,0.0,-0.0472972972972973,0.0148752399232245,1.0967770920324342,88,0.0159362549800796,40,10,0.0,0.0,0.0,市场情绪强，板块情绪强
2026-07-27,301036.SZ,双乐股份,chinext,18.3,0.007347231713663202,0.0,-0.0302066772655008,-0.0687022900763357,0.7694277275977742,88,0.0159362549800796,40,10,0.0,0.0,0.0,市场情绪强，板块情绪强
2026-07-27,300177.SZ,中海达,chinext,5.62,0.007333183380451109,0.0,-0.0209059233449477,-0.0070671378091873,0.750037370272516,88,0.0159362549800796,40,10,0.0,0.0,0.0,市场情绪强，板块情绪强
2026-07-27,300289.SZ,利德曼,chinext,5.28,0.0073317555253728595,0.0,-0.0222222222222222,-0.0604982206405694,0.7122208532580933,88,0.0159362549800796,40,10,0.0,0.0,0.0,市场情绪强，板块情绪强
2026-07-27,300724.SZ,捷佳伟创,chinext,55.76,0.007318122443152331,0.0,0.0021567217828899,0.0362386173573683,0.6118161464732298,88,0.0159362549800796,40,10,0.0,0.0,0.0,市场情绪强，板块情绪强
2026-07-27,688651.SH,盛邦安全,star,19.5,0.007314454652948309,0.0,-0.026946107784431,-0.0389354361754558,0.7406678237980237,88,0.0159362549800796,40,3,0.0,0.0,0.0,市场情绪强
2026-07-27,300370.SZ,安控科技,chinext,1.99,0.007314170112241925,0.0,0.0101522842639594,0.0101522842639594,0.8289090657206225,88,0.0159362549800796,40,10,0.0,0.0,0.0,市场情绪强，板块情绪强
2026-07-27,300792.SZ,壹网壹创,chinext,21.42,0.007311882245918483,0.0,-0.0513728963684675,-0.043322912014292,0.7014326025092888,88,0.0159362549800796,40,10,0.0,0.0,0.0,市场情绪强，板块情绪强
2026-07-27,301456.SZ,盘古智能,chinext,20.63,0.007306403612608495,0.0,-0.011499760421658,-0.0643990929705216,0.5389457513075635,88,0.0159362549800796,40,10,0.0,0.0,0.0,市场情绪强，板块情绪强
2026-07-27,300411.SZ,金盾股份,chinext,6.48,0.007305002417024455,0.0,-0.0030769230769229,-0.0196671709531013,0.7224765243948175,88,0.0159362549800796,40,10,0.0,0.0,0.0,市场情绪强，板块情绪强
2026-07-27,300329.SZ,海伦钢琴,chinext,10.06,0.007300690582715734,0.0,-0.0137254901960782,-0.0088669950738916,0.7122126200500568,88,0.0159362549800796,40,10,0.0,0.0,0.0,市场情绪强，板块情绪强
2026-07-27,300950.SZ,德固特,chinext,14.5,0.00729774456941933,0.0,-0.0034364261168385,-0.0473061760840999,0.7428833091277506,88,0.0159362549800796,40,10,0.0,0.0,0.0,市场情绪强，板块情绪强
2026-07-27,300485.SZ,赛升药业,chinext,8.53,0.0072909639851700455,0.0,-0.0501113585746103,-0.095440084835631,0.6239341491532939,88,0.0159362549800796,40,10,0.0,0.0,0.0,市场情绪强，板块情绪强
2026-07-27,300122.SZ,智飞生物,chinext,12.13,0.007289061597911444,0.0,-0.0596899224806201,-0.0114099429502851,0.6926624772918872,88,0.0159362549800796,40,10,0.0,0.0,0.0,市场情绪强，板块情绪强
2026-07-27,300376.SZ,易事特,chinext,4.4,0.007286489126564621,0.0,-0.0265486725663715,-0.037199124726477,0.7215560516914492,88,0.0159362549800796,40,10,0.0,0.0,0.0,市场情绪强，板块情绪强
2026-07-27,300228.SZ,富瑞特装,chinext,6.81,0.007286025177182694,0.0,-0.0158959537572255,-0.0158959537572255,0.899193340010299,88,0.0159362549800796,40,10,0.0,0.0,0.0,市场情绪强，板块情绪强
2026-07-27,301270.SZ,汉仪股份,chinext,26.88,0.007283463374926996,0.0,-0.0762886597938145,-0.1247150765223055,0.5179509492617292,88,0.0159362549800796,40,10,0.0,0.0,0.0,市场情绪强，板块情绪强
2026-07-27,688567.SH,孚能科技,star,9.2,0.007281213371342082,0.0,-0.0336134453781512,0.0325476992143658,0.6502678209013328,88,0.0159362549800796,40,3,0.0,0.0,0.0,市场情绪强
2026-07-27,301584.SZ,建发致新,chinext,20.1,0.007272394272663048,0.0,-0.096629213483146,-0.0904977375565611,0.7566290801072837,88,0.0159362549800796,40,10,0.0,0.0,0.0,市场情绪强，板块情绪强
2026-07-27,300511.SZ,雪榕生物,chinext,4.77,0.007269860995914458,0.0,-0.0628683693516699,-0.1311475409836067,0.8640525394701891,88,0.0159362549800796,40,10,0.0,0.0,0.0,市场情绪强，板块情绪强
2026-07-27,301052.SZ,果麦文化,chinext,20.59,0.007260383209577392,0.0,-0.047641073080481,-0.0580969807868252,0.6695981504394802,88,0.0159362549800796,40,10,0.0,0.0,0.0,市场情绪强，板块情绪强
2026-07-27,688080.SH,映翰通,star,31.97,0.007256524324714377,0.0,-0.0202267851670243,-0.0815857512209136,0.5867350927464509,88,0.0159362549800796,40,3,0.0,0.0,0.0,市场情绪强
2026-07-27,301060.SZ,兰卫医学,chinext,8.17,0.007256081010087555,0.0,-0.0354191263282173,-0.0778781038374717,0.6685671653777177,88,0.0159362549800796,40,10,0.0,0.0,0.0,市场情绪强，板块情绪强
2026-07-27,300229.SZ,拓尔思,chinext,11.91,0.007253151930718593,0.0,-0.0781733746130031,-0.040290088638195,0.771888075579491,88,0.0159362549800796,40,10,0.0,0.0,0.0,市场情绪强，板块情绪强
2026-07-27,300299.SZ,富春股份,chinext,4.88,0.00725263094563678,0.0,0.0041152263374484,0.040511727078891,0.7659845115148978,88,0.0159362549800796,40,10,0.0,0.0,0.0,市场情绪强，板块情绪强
2026-07-27,688489.SH,三未信安,star,20.4,0.007246117955015564,0.0,-0.0773405698778834,-0.0752493200362647,0.5531919893667985,88,0.0159362549800796,40,3,0.0,0.0,0.0,市场情绪强
2026-07-27,301325.SZ,曼恩斯特,chinext,27.13,0.007236213349371704,0.0,-0.0341758632965468,-0.0917308336123201,0.5874124578661898,88,0.0159362549800796,40,10,0.0,0.0,0.0,市场情绪强，板块情绪强
2026-07-27,300803.SZ,指南针,chinext,73.96,0.007234908248622752,0.0,-0.1195238095238095,-0.0752688172043012,1.031835342181615,88,0.0159362549800796,40,10,0.0,0.0,0.0,市场情绪强，板块情绪强
2026-07-27,301622.SZ,英思特,chinext,38.66,0.0072311747759966445,0.0,-0.0043780582024208,-0.0051466803911477,0.6292778917403781,88,0.0159362549800796,40,10,0.0,0.0,0.0,市场情绪强，板块情绪强
2026-07-27,688306.SH,均普智能,star,8.24,0.007223868074633877,0.0,-0.0741573033707865,-0.05720823798627,0.8126362379071929,88,0.0159362549800796,40,3,0.0,0.0,0.0,市场情绪强
2026-07-27,300155.SZ,安居宝,chinext,3.63,0.007221855587171354,0.0,-0.0162601626016259,-0.0522193211488251,0.5935503965604743,88,0.0159362549800796,40,10,0.0,0.0,0.0,市场情绪强，板块情绪强
2026-07-27,300113.SZ,顺网科技,chinext,15.97,0.007219404365571644,0.0,-0.0967194570135746,-0.0611405055849501,0.7320502236405184,88,0.0159362549800796,40,10,0.0,0.0,0.0,市场情绪强，板块情绪强
2026-07-27,688789.SH,宏华数科,star,43.69,0.007219170167038545,0.0,-0.070623271644331,-0.0522776572668113,0.7441816092845358,88,0.0159362549800796,40,3,0.0,0.0,0.0,市场情绪强
2026-07-27,300597.SZ,吉大通信,chinext,6.67,0.007212819386316243,0.0,0.0,-0.0444126074498567,0.6104894659561894,88,0.0159362549800796,40,10,0.0,0.0,0.0,市场情绪强，板块情绪强
2026-07-27,688708.SH,佳驰科技,star,44.7,0.0072052060261917775,0.0,-0.0288941994351509,0.0138353368110681,0.8371606212561322,88,0.0159362549800796,40,3,0.0,0.0,0.0,市场情绪强
2026-07-27,300989.SZ,蕾奥规划,chinext,9.77,0.007204505613075461,0.0,-0.0605769230769231,-0.1353982300884957,0.9474404368237682,88,0.0159362549800796,40,10,0.0,0.0,0.0,市场情绪强，板块情绪强
2026-07-27,301503.SZ,智迪科技,chinext,25.14,0.007202531441020435,0.0,-0.011014948859166,-0.0345622119815667,0.6969844844704155,88,0.0159362549800796,40,10,0.0,0.0,0.0,市场情绪强，板块情绪强
2026-07-27,300833.SZ,浩洋股份,chinext,32.1,0.007200816027538116,0.0,-0.0243161094224922,-0.0480427046263344,0.5180170215969188,88,0.0159362549800796,40,10,0.0,0.0,0.0,市场情绪强，板块情绪强
2026-07-27,301616.SZ,浙江华业,chinext,32.09,0.007199924634879715,0.0,-0.0213479719426653,-0.0668799069496945,0.5955820515845753,88,0.0159362549800796,40,10,0.0,0.0,0.0,市场情绪强，板块情绪强
2026-07-27,300631.SZ,久吾高科,chinext,18.6,0.0071933284375425115,0.0,0.0048622366288493,-0.1502969392416627,0.5242527269664223,88,0.0159362549800796,40,10,0.0,0.0,0.0,市场情绪强，板块情绪强
2026-07-27,301449.SZ,天溯计量,chinext,31.06,0.007186072375333387,0.0,-0.010828025477707,-0.0647395362842517,0.6141258067458264,88,0.0159362549800796,40,10,0.0,0.0,0.0,市场情绪强，板块情绪强
2026-07-27,300979.SZ,华利集团,chinext,32.83,0.007183278329650364,0.0,-0.0170658682634731,0.0101538461538461,0.5450364081124288,88,0.0159362549800796,40,10,0.0,0.0,0.0,市场情绪强，板块情绪强
2026-07-27,301110.SZ,青木科技,chinext,31.59,0.007182368854636166,0.0,-0.0667651403249631,-0.1063649222065064,0.8622730821809496,88,0.0159362549800796,40,10,0.0,0.0,0.0,市场情绪强，板块情绪强
2026-07-27,300378.SZ,鼎捷数智,chinext,26.41,0.0071779967557628966,0.0,-0.0867911479944675,-0.0445007235890014,0.94201632767262,88,0.0159362549800796,40,10,0.0,0.0,0.0,市场情绪强，板块情绪强
2026-07-27,300712.SZ,永福股份,chinext,20.55,0.00717288275035285,0.0,-0.0091610414657665,-0.0616438356164382,1.1469572858186246,88,0.0159362549800796,40,10,0.0,0.0,0.0,市场情绪强，板块情绪强
2026-07-27,300573.SZ,兴齐眼药,chinext,38.66,0.007170758457192973,0.0,-0.0704496273142584,-0.0244764067625538,0.7443864652970663,88,0.0159362549800796,40,10,0.0,0.0,0.0,市场情绪强，板块情绪强
2026-07-27,301177.SZ,迪阿股份,chinext,20.67,0.007164917922623488,0.0,-0.0152453549309193,-0.023156899810964,0.6656447779581349,88,0.0159362549800796,40,10,0.0,0.0,0.0,市场情绪强，板块情绪强
2026-07-27,301167.SZ,建研设计,chinext,11.54,0.007157973294419783,0.0,-0.0178723404255319,-0.0517666392769105,0.6682418563625059,88,0.0159362549800796,40,10,0.0,0.0,0.0,市场情绪强，板块情绪强
2026-07-27,688348.SH,昱能科技,star,29.77,0.0071570666154655805,0.0,0.0020195220464489,-0.0073357785928642,0.8823704652642005,88,0.0159362549800796,40,3,0.0,0.0,0.0,市场情绪强
2026-07-27,300333.SZ,兆日科技,chinext,6.86,0.007153784731140092,0.0,-0.0157819225251075,-0.0199999999999999,0.6597129293172417,88,0.0159362549800796,40,10,0.0,0.0,0.0,市场情绪强，板块情绪强
2026-07-27,301062.SZ,上海艾录,chinext,5.53,0.007137494298948592,0.0,-0.0349040139616055,-0.0752508361204014,0.7705244219692442,88,0.0159362549800796,40,10,0.0,0.0,0.0,市场情绪强，板块情绪强
2026-07-27,688616.SH,西力科技,star,9.39,0.007134528431515052,0.0,-0.0094936708860758,-0.0398773006134968,0.7906741961435619,88,0.0159362549800796,40,3,0.0,0.0,0.0,市场情绪强
2026-07-27,688349.SH,三一重能,star,14.15,0.007121883409238197,0.0,-0.0241379310344826,0.03134110787172,0.7234997457963058,88,0.0159362549800796,40,3,0.0,0.0,0.0,市场情绪强
2026-07-27,300110.SZ,华仁药业,chinext,2.59,0.007117864917253901,0.0,-0.0152091254752851,-0.0477941176470589,0.811319665944475,88,0.0159362549800796,40,10,0.0,0.0,0.0,市场情绪强，板块情绪强
2026-07-27,300664.SZ,鹏鹞环保,chinext,4.36,0.007109383068502505,0.0,0.0069284064665127,-0.0113378684807256,0.8827997809802102,88,0.0159362549800796,40,10,0.0,0.0,0.0,市场情绪强，板块情绪强
2026-07-27,300251.SZ,光线传媒,chinext,11.12,0.007106143680923032,0.0,-0.0855263157894737,-0.1118210862619808,0.6571380964252824,88,0.0159362549800796,40,10,0.0,0.0,0.0,市场情绪强，板块情绪强
2026-07-27,300556.SZ,丝路视觉,chinext,14.02,0.0070912805674476385,0.0,-0.0390678546949966,-0.0776315789473683,0.7900206644028471,88,0.0159362549800796,40,10,0.0,0.0,0.0,市场情绪强，板块情绪强
2026-07-27,300787.SZ,海能实业,chinext,7.54,0.0070849879914338,0.0,-0.0220492866407263,-0.0598503740648378,0.7492190849977088,88,0.0159362549800796,40,10,0.0,0.0,0.0,市场情绪强，板块情绪强
2026-07-27,301149.SZ,隆华新材,chinext,6.92,0.007083831308169631,0.0,-0.0308123249299719,-0.0673854447439352,0.8900479239117032,88,0.0159362549800796,40,10,0.0,0.0,0.0,市场情绪强，板块情绪强
2026-07-27,300415.SZ,伊之密,chinext,19.47,0.007081786567857209,0.0,-0.002561475409836,-0.015174506828528,0.7280373102000421,88,0.0159362549800796,40,10,0.0,0.0,0.0,市场情绪强，板块情绪强
2026-07-27,688027.SH,国盾量子,star,364.27,0.007079202490664108,0.0,-0.08676795026073,-0.0258597635984383,0.8066209942476353,88,0.0159362549800796,40,3,0.0,0.0,0.0,市场情绪强
2026-07-27,301330.SZ,熵基科技,chinext,21.42,0.007069639278695895,0.0,-0.0307692307692307,-0.0420393559928442,0.989814283658954,88,0.0159362549800796,40,10,0.0,0.0,0.0,市场情绪强，板块情绪强
2026-07-27,300967.SZ,晓鸣股份,chinext,13.75,0.0070645170635003154,0.0,-0.0199572344975053,-0.0549828178694158,0.7892590004733542,88,0.0159362549800796,40,10,0.0,0.0,0.0,市场情绪强，板块情绪强
2026-07-27,300851.SZ,交大思诺,chinext,20.74,0.007063880589587919,0.0,-0.008130081300813,-0.0429164743885557,0.6042906067136357,88,0.0159362549800796,40,10,0.0,0.0,0.0,市场情绪强，板块情绪强
2026-07-27,300092.SZ,科新机电,chinext,10.44,0.007061312470142595,0.0,-0.0038167938931298,-0.03601108033241,0.6685451518311604,88,0.0159362549800796,40,10,0.0,0.0,0.0,市场情绪强，板块情绪强
2026-07-27,688065.SH,凯赛生物,star,43.19,0.007061164691428451,0.0,-0.0569868995633188,0.0102923976608186,0.6612522793155228,88,0.0159362549800796,40,3,0.0,0.0,0.0,市场情绪强
2026-07-27,688466.SH,金科环境,star,11.7,0.007059294646088064,0.0,-0.0126582278481013,-0.0714285714285715,0.8249928368622519,88,0.0159362549800796,40,3,0.0,0.0,0.0,市场情绪强
2026-07-27,300341.SZ,麦克奥迪,chinext,11.44,0.007047378983550244,0.0,-0.0354131534569983,-0.0255536626916524,0.6870733565402184,88,0.0159362549800796,40,10,0.0,0.0,0.0,市场情绪强，板块情绪强
2026-07-27,301015.SZ,百洋医药,chinext,22.64,0.007047019170286612,0.0,-0.0199134199134199,0.0184435447593342,0.629017901999792,88,0.0159362549800796,40,10,0.0,0.0,0.0,市场情绪强，板块情绪强
2026-07-27,688576.SH,西山科技,star,35.57,0.007045306805852853,0.0,-0.0334239130434781,-0.0811159907000774,0.645238629639454,88,0.0159362549800796,40,3,0.0,0.0,0.0,市场情绪强
2026-07-27,300150.SZ,世纪瑞尔,chinext,3.66,0.00704244254737761,0.0,-0.0213903743315507,-0.0493506493506493,0.7794590125274097,88,0.0159362549800796,40,10,0.0,0.0,0.0,市场情绪强，板块情绪强
2026-07-27,301339.SZ,通行宝,chinext,10.64,0.007037934968010993,0.0,0.0142993326978073,0.0524233432245302,1.1409426931851394,88,0.0159362549800796,40,10,0.0,0.0,0.0,市场情绪强，板块情绪强
2026-07-27,300748.SZ,金力永磁,chinext,24.23,0.007034277932324519,0.0,-0.0623065015479875,-0.0369634340222575,1.0631444391337703,88,0.0159362549800796,40,10,0.0,0.0,0.0,市场情绪强，板块情绪强
2026-07-27,300645.SZ,正元智慧,chinext,11.1,0.007029736713669479,0.0,-0.0305676855895196,-0.0496575342465753,0.662669037674207,88,0.0159362549800796,40,10,0.0,0.0,0.0,市场情绪强，板块情绪强
2026-07-27,300662.SZ,科锐国际,chinext,17.9,0.007028415614057442,0.0,0.0257879656160457,0.0400929692039511,0.6826392388260696,88,0.0159362549800796,40,10,0.0,0.0,0.0,市场情绪强，板块情绪强
2026-07-27,300634.SZ,彩讯股份,chinext,17.45,0.007021382321111954,0.0,-0.0718085106382979,-0.0157924421883813,0.8005699503417564,88,0.0159362549800796,40,10,0.0,0.0,0.0,市场情绪强，板块情绪强
2026-07-27,688566.SH,吉贝尔,star,23.1,0.00702120929585656,0.0,-0.0563725490196077,-0.0759999999999999,0.881241828267637,88,0.0159362549800796,40,3,0.0,0.0,0.0,市场情绪强
2026-07-27,688357.SH,建龙微纳,star,23.39,0.007014827857996412,0.0,-0.0172268907563025,-0.019287211740042,0.7176622226421688,88,0.0159362549800796,40,3,0.0,0.0,0.0,市场情绪强
2026-07-27,300575.SZ,中旗股份,chinext,5.16,0.007014084879586746,0.0,0.032,0.009784735812133,0.9416573233857216,88,0.0159362549800796,40,10,0.0,0.0,0.0,市场情绪强，板块情绪强
2026-07-27,301608.SZ,博实结,chinext,41.8,0.007013741586283384,0.0,-0.0441344614680997,-0.0395220588235295,0.9516955447021824,88,0.0159362549800796,40,10,0.0,0.0,0.0,市场情绪强，板块情绪强
2026-07-27,300002.SZ,神州泰岳,chinext,7.59,0.007011309233944601,0.0,-0.0942720763723151,-0.0355781448538755,0.8075027536771165,88,0.0159362549800796,40,10,0.0,0.0,0.0,市场情绪强，板块情绪强
2026-07-27,688755.SH,汉邦科技,star,22.12,0.0069960402276489685,0.0,-0.0259797446059004,-0.0787172011661807,0.9167541042568272,88,0.0159362549800796,40,3,0.0,0.0,0.0,市场情绪强
2026-07-27,300800.SZ,力合科技,chinext,8.64,0.006995091018327739,0.0,-0.0248306997742662,-0.0618892508143322,0.5851031353397823,88,0.0159362549800796,40,10,0.0,0.0,0.0,市场情绪强，板块情绪强
2026-07-27,688098.SH,申联生物,star,7.95,0.006992207159014562,0.0,-0.0535714285714286,-0.0535714285714286,0.4872612566930541,88,0.0159362549800796,40,3,0.0,0.0,0.0,市场情绪强
2026-07-27,300784.SZ,利安科技,chinext,35.08,0.006985399782533068,0.0,-0.0260966129927818,-0.0744063324538258,0.6799086303996446,88,0.0159362549800796,40,10,0.0,0.0,0.0,市场情绪强，板块情绪强
2026-07-27,300616.SZ,尚品宅配,chinext,9.02,0.006981286716257838,0.0,-0.0120481927710844,-0.0424628450106157,0.6304768830377597,88,0.0159362549800796,40,10,0.0,0.0,0.0,市场情绪强，板块情绪强
2026-07-27,688439.SH,振华风光,star,37.14,0.006973993410631882,0.0,-0.0552022386161282,-0.0616472966144516,0.6023808040591102,88,0.0159362549800796,40,3,0.0,0.0,0.0,市场情绪强
2026-07-27,300864.SZ,南大环境,chinext,17.58,0.0069718038842577395,0.0,-0.0123595505617979,-0.0757097791798108,0.5079161158676763,88,0.0159362549800796,40,10,0.0,0.0,0.0,市场情绪强，板块情绪强
2026-07-27,300003.SZ,乐普医疗,chinext,12.11,0.00697044520116097,0.0,-0.0634184068058778,-0.0373608903020667,0.8901462118502064,88,0.0159362549800796,40,10,0.0,0.0,0.0,市场情绪强，板块情绪强
2026-07-27,301459.SZ,丰茂股份,chinext,29.67,0.00696406033257789,0.0,-0.0291230366492145,-0.1193232413178984,0.5515709510208217,88,0.0159362549800796,40,10,0.0,0.0,0.0,市场情绪强，板块情绪强
2026-07-27,300539.SZ,横河精密,chinext,16.88,0.006962983797797645,0.0,-0.0490140845070422,-0.064819944598338,0.5950488172490717,88,0.0159362549800796,40,10,0.0,0.0,0.0,市场情绪强，板块情绪强
2026-07-27,301601.SZ,惠通科技,chinext,14.15,0.0069611872581974155,0.0,-0.030821917808219,-0.0647719762062128,0.7483000183325624,88,0.0159362549800796,40,10,0.0,0.0,0.0,市场情绪强，板块情绪强
2026-07-27,300403.SZ,汉宇集团,chinext,8.49,0.006956514829768354,0.0,-0.0503355704697985,-0.0598006644518271,0.8736247204176765,88,0.0159362549800796,40,10,0.0,0.0,0.0,市场情绪强，板块情绪强
2026-07-27,301522.SZ,上大股份,chinext,21.09,0.0069349807542049315,0.0,-0.0249653259361997,-0.0240629338269319,0.6231523197109581,88,0.0159362549800796,40,10,0.0,0.0,0.0,市场情绪强，板块情绪强
2026-07-27,300190.SZ,维尔利,chinext,3.58,0.006930468666630722,0.0,-0.0083102493074791,-0.089058524173028,0.5552929227193452,88,0.0159362549800796,40,10,0.0,0.0,0.0,市场情绪强，板块情绪强
2026-07-27,688305.SH,科德数控,star,52.0,0.006925482939524243,0.0,-0.046396479002384,-0.0598445127463388,0.706111086947698,88,0.0159362549800796,40,3,0.0,0.0,0.0,市场情绪强
2026-07-27,300176.SZ,鸿特科技,chinext,4.68,0.006921717230408078,0.0,-0.0168067226890756,-0.0545454545454546,0.6877609513676315,88,0.0159362549800796,40,10,0.0,0.0,0.0,市场情绪强，板块情绪强
2026-07-27,300278.SZ,华昌达,chinext,3.38,0.006921067688904896,0.0,-0.028735632183908,-0.0370370370370369,0.7900698820737028,88,0.0159362549800796,40,10,0.0,0.0,0.0,市场情绪强，板块情绪强
2026-07-27,688070.SH,纵横股份,star,30.05,0.006901673335591119,0.0,-0.0322061191626409,-0.0702351485148514,0.6973992905403401,88,0.0159362549800796,40,3,0.0,0.0,0.0,市场情绪强
2026-07-27,300213.SZ,佳讯飞鸿,chinext,5.53,0.006901183986584568,0.0,-0.0177619893428063,-0.0246913580246913,0.6879252645434228,88,0.0159362549800796,40,10,0.0,0.0,0.0,市场情绪强，板块情绪强
2026-07-27,300043.SZ,星辉娱乐,chinext,4.27,0.006888585539040856,0.0,-0.0511111111111112,-0.0511111111111112,0.7282381646105098,88,0.0159362549800796,40,10,0.0,0.0,0.0,市场情绪强，板块情绪强
2026-07-27,300012.SZ,华测检测,chinext,13.39,0.006888537965030439,0.0,-0.0183284457478005,0.0098039215686274,0.9175505997893276,88,0.0159362549800796,40,10,0.0,0.0,0.0,市场情绪强，板块情绪强
2026-07-27,301318.SZ,维海德,chinext,18.58,0.006884589068868575,0.0,-0.0397932816537469,-0.0568527918781726,0.7318328983772541,88,0.0159362549800796,40,10,0.0,0.0,0.0,市场情绪强，板块情绪强
2026-07-27,301501.SZ,恒鑫生活,chinext,26.65,0.006883133444652807,0.0,-0.0245241581259151,-0.0569709837225761,0.8996806803301407,88,0.0159362549800796,40,10,0.0,0.0,0.0,市场情绪强，板块情绪强
2026-07-27,688639.SH,华恒生物,star,15.46,0.006882571560155782,0.0,-0.0427244582043342,-0.0421313506815365,0.6886956710216618,88,0.0159362549800796,40,3,0.0,0.0,0.0,市场情绪强
2026-07-27,688363.SH,华熙生物,star,36.33,0.006882275889535916,0.0,-0.0143787303309821,0.0038684719535784,0.986455739344396,88,0.0159362549800796,40,3,0.0,0.0,0.0,市场情绪强
2026-07-27,301199.SZ,迈赫股份,chinext,16.5,0.0068821325826925895,0.0,-0.0538990825688073,-0.131121642969984,0.4871473220992094,88,0.0159362549800796,40,10,0.0,0.0,0.0,市场情绪强，板块情绪强
2026-07-27,300107.SZ,建新股份,chinext,5.73,0.006881261591775495,0.0,-0.0385906040268455,-0.0621931260229132,0.813454038643302,88,0.0159362549800796,40,10,0.0,0.0,0.0,市场情绪强，板块情绪强
2026-07-27,688187.SH,时代电气,star,45.5,0.006875428907718542,0.0,-0.0768918644755528,-0.005029521102121,0.7191839634564434,88,0.0159362549800796,40,3,0.0,0.0,0.0,市场情绪强
2026-07-27,300915.SZ,海融科技,chinext,17.7,0.006869543962527097,0.0,-0.0215588723051409,-0.0885684860968075,0.4884490683138897,88,0.0159362549800796,40,10,0.0,0.0,0.0,市场情绪强，板块情绪强
2026-07-27,301220.SZ,亚香股份,chinext,25.16,0.006867901088755932,0.0,-0.0285714285714284,-0.0837581937363437,0.54441595214333,88,0.0159362549800796,40,10,0.0,0.0,0.0,市场情绪强，板块情绪强
2026-07-27,688152.SH,麒麟信安,star,24.45,0.006859227539370975,0.0,-0.0419278996865204,-0.0339786645594626,0.6685670248958595,88,0.0159362549800796,40,3,0.0,0.0,0.0,市场情绪强
2026-07-27,688208.SH,道通科技,star,26.01,0.00685425419109934,0.0,-0.0330855018587359,0.0019260400616332,0.7155811175536774,88,0.0159362549800796,40,3,0.0,0.0,0.0,市场情绪强
2026-07-27,301156.SZ,美农生物,chinext,9.96,0.006850471984428787,0.0,-0.0311284046692605,-0.0870760769935837,0.8162112743635963,88,0.0159362549800796,40,10,0.0,0.0,0.0,市场情绪强，板块情绪强
2026-07-27,301277.SZ,新天地,chinext,9.44,0.006842647362184686,0.0,-0.0736015701668302,-0.090558766859345,0.664612577993587,88,0.0159362549800796,40,10,0.0,0.0,0.0,市场情绪强，板块情绪强
2026-07-27,688303.SH,大全能源,star,16.72,0.006839146384822546,0.0,0.0078360458107293,0.0582278481012656,0.7716205138725375,88,0.0159362549800796,40,3,0.0,0.0,0.0,市场情绪强
2026-07-27,300080.SZ,易成新能,chinext,3.4,0.0068280426134142815,0.0,-0.0144927536231884,0.0089020771513352,0.87730888584565,88,0.0159362549800796,40,10,0.0,0.0,0.0,市场情绪强，板块情绪强
2026-07-27,300918.SZ,南山智尚,chinext,9.27,0.006823797436523363,0.0,-0.0453141091658085,-0.0617408906882592,0.6999611255256535,88,0.0159362549800796,40,10,0.0,0.0,0.0,市场情绪强，板块情绪强
2026-07-27,300793.SZ,佳禾智能,chinext,10.08,0.0068227688703558255,0.0,-0.0251450676982591,-0.0354066985645932,0.7960761329740385,88,0.0159362549800796,40,10,0.0,0.0,0.0,市场情绪强，板块情绪强
2026-07-27,688032.SH,禾迈股份,star,74.04,0.006822100510811521,0.0,0.0008110300081103,-0.0063078781371628,0.6602674199861238,88,0.0159362549800796,40,3,0.0,0.0,0.0,市场情绪强
2026-07-27,300182.SZ,捷成股份,chinext,4.34,0.0068158754484619055,0.0,-0.1033057851239669,-0.0765957446808511,1.3503350491897304,88,0.0159362549800796,40,10,0.0,0.0,0.0,市场情绪强，板块情绪强
2026-07-27,301598.SZ,博科测试,chinext,44.59,0.00680426370111009,0.0,-0.0197845680369311,-0.037348877374784,0.5481682021599986,88,0.0159362549800796,40,10,0.0,0.0,0.0,市场情绪强，板块情绪强
2026-07-27,301272.SZ,英华特,chinext,29.35,0.006803323020573067,0.0,-0.0177376171352073,-0.0532258064516129,0.5340738261862975,88,0.0159362549800796,40,10,0.0,0.0,0.0,市场情绪强，板块情绪强
2026-07-27,301336.SZ,趣睡科技,chinext,34.9,0.006799846395088262,0.0,-0.0603123317178244,-0.1053576006152268,0.7021609910781968,88,0.0159362549800796,40,10,0.0,0.0,0.0,市场情绪强，板块情绪强
2026-07-27,300158.SZ,振东制药,chinext,4.7,0.006798874421686703,0.0,-0.0269151138716355,-0.0349075975359343,0.7976883313465337,88,0.0159362549800796,40,10,0.0,0.0,0.0,市场情绪强，板块情绪强
2026-07-27,300830.SZ,金现代,chinext,7.21,0.006796823726115631,0.0,-0.0256756756756757,-0.0150273224043716,0.6718523141291445,88,0.0159362549800796,40,10,0.0,0.0,0.0,市场情绪强，板块情绪强
2026-07-27,300324.SZ,旋极信息,chinext,3.37,0.0067871556047748895,0.0,-0.0426136363636363,-0.0316091954022987,0.8438703471290964,88,0.0159362549800796,40,10,0.0,0.0,0.0,市场情绪强，板块情绪强
2026-07-27,301258.SZ,富士莱,chinext,21.91,0.00678404384249349,0.0,-0.0279503105590062,-0.1020491803278688,0.5173804018548641,88,0.0159362549800796,40,10,0.0,0.0,0.0,市场情绪强，板块情绪强
2026-07-27,300266.SZ,兴源环境,chinext,1.68,0.006778356814523564,0.0,-0.0175438596491228,-0.0344827586206897,0.7654098935842274,88,0.0159362549800796,40,10,0.0,0.0,0.0,市场情绪强，板块情绪强
2026-07-27,688013.SH,天臣医疗,star,22.3,0.006777832718046466,0.0,-0.0141467727674624,-0.0461933276304533,0.7052280235481007,88,0.0159362549800796,40,3,0.0,0.0,0.0,市场情绪强
2026-07-27,300755.SZ,华致酒行,chinext,10.3,0.006777485733978168,0.0,-0.0498154981549814,-0.0762331838565022,0.5775822593658066,88,0.0159362549800796,40,10,0.0,0.0,0.0,市场情绪强，板块情绪强
2026-07-27,300533.SZ,冰川网络,chinext,12.94,0.0067763464240775265,0.0,-0.0743919885550787,-0.0697340043134435,0.6624113324698939,88,0.0159362549800796,40,10,0.0,0.0,0.0,市场情绪强，板块情绪强
2026-07-27,688408.SH,中信博,star,24.0,0.0067742675194878855,0.0,-0.0263691683569978,-0.0283400809716598,0.7812531011464208,88,0.0159362549800796,40,3,0.0,0.0,0.0,市场情绪强
2026-07-27,300898.SZ,熊猫乳品,chinext,17.79,0.006771302817050791,0.0,-0.0491715660074827,-0.1033266129032258,0.7391496563554362,88,0.0159362549800796,40,10,0.0,0.0,0.0,市场情绪强，板块情绪强
2026-07-27,300543.SZ,朗科智能,chinext,6.62,0.006771070229820246,0.0,-0.0163447251114413,-0.0419681620839362,0.7799486824540136,88,0.0159362549800796,40,10,0.0,0.0,0.0,市场情绪强，板块情绪强
2026-07-27,300772.SZ,运达股份,chinext,11.16,0.006767725053079656,0.0,0.0081300813008129,0.0314232902033271,0.9091792724152464,88,0.0159362549800796,40,10,0.0,0.0,0.0,市场情绪强，板块情绪强
2026-07-27,301299.SZ,卓创资讯,chinext,37.98,0.006766784870773095,0.0,-0.0481203007518797,-0.0734325445230544,0.6450762223962676,88,0.0159362549800796,40,10,0.0,0.0,0.0,市场情绪强，板块情绪强
2026-07-27,300928.SZ,华安鑫创,chinext,22.51,0.0067666181308929495,0.0,-0.0314113597246126,-0.1053259141494434,0.4768515793688987,88,0.0159362549800796,40,10,0.0,0.0,0.0,市场情绪强，板块情绪强
2026-07-27,300644.SZ,南京聚隆,chinext,19.04,0.006766059498465296,0.0,-0.0290668026517083,-0.0815243608297154,0.6381611175550872,88,0.0159362549800796,40,10,0.0,0.0,0.0,市场情绪强，板块情绪强
2026-07-27,300078.SZ,思创智联,chinext,2.66,0.006764922718465546,0.0,-0.0256410256410255,-0.0256410256410255,0.8186764628612344,88,0.0159362549800796,40,10,0.0,0.0,0.0,市场情绪强，板块情绪强
2026-07-27,688722.SH,同益中,star,13.0,0.006757233872164241,0.0,-0.040590405904059,-0.0517870167760758,0.750486994001756,88,0.0159362549800796,40,3,0.0,0.0,0.0,市场情绪强
2026-07-27,300233.SZ,金城医药,chinext,12.21,0.006749071554205386,0.0,-0.0324881141045957,-0.0564142194744975,0.691165980985042,88,0.0159362549800796,40,10,0.0,0.0,0.0,市场情绪强，板块情绪强
2026-07-27,300732.SZ,设研院,chinext,5.35,0.006747607111666273,0.0,-0.0272727272727273,-0.0564373897707231,0.8615021970052692,88,0.0159362549800796,40,10,0.0,0.0,0.0,市场情绪强，板块情绪强
2026-07-27,300387.SZ,富邦科技,chinext,6.56,0.006742310905576581,0.0,-0.0135338345864662,-0.0478955007256893,0.7469633447264173,88,0.0159362549800796,40,10,0.0,0.0,0.0,市场情绪强，板块情绪强
2026-07-27,300628.SZ,亿联网络,chinext,36.42,0.006731969704862649,0.0,-0.0352317880794701,-0.0078997548351947,0.713809427970842,88,0.0159362549800796,40,10,0.0,0.0,0.0,市场情绪强，板块情绪强
2026-07-27,301556.SZ,托普云农,chinext,52.18,0.006731549491220844,0.0,-0.0338826143306795,-0.0169555388093443,0.8698893343401503,88,0.0159362549800796,40,10,0.0,0.0,0.0,市场情绪强，板块情绪强
2026-07-27,301011.SZ,华立科技,chinext,13.35,0.006731148433536058,0.0,-0.0319071791153009,-0.0690376569037657,0.4728534263420647,88,0.0159362549800796,40,10,0.0,0.0,0.0,市场情绪强，板块情绪强
2026-07-27,301386.SZ,未来电器,chinext,18.38,0.006726848268500784,0.0,-0.0064864864864865,-0.0361824855794442,0.5637260323565403,88,0.0159362549800796,40,10,0.0,0.0,0.0,市场情绪强，板块情绪强
2026-07-27,300240.SZ,飞力达,chinext,4.93,0.006725407188133899,0.0,-0.0198807157057655,-0.0573613766730403,0.6516062178309651,88,0.0159362549800796,40,10,0.0,0.0,0.0,市场情绪强，板块情绪强
2026-07-27,301208.SZ,中亦科技,chinext,26.16,0.006722692212396082,0.0,-0.0368188512518409,-0.0449069003285871,0.6882988283284198,88,0.0159362549800796,40,10,0.0,0.0,0.0,市场情绪强，板块情绪强
2026-07-27,300701.SZ,森霸传感,chinext,8.36,0.0067016085945001075,0.0,-0.0301624129930394,-0.0596175478065242,0.760281952883459,88,0.0159362549800796,40,10,0.0,0.0,0.0,市场情绪强，板块情绪强
2026-07-27,300094.SZ,国联水产,chinext,2.53,0.006696828442134172,0.0,-0.0117187500000001,-0.034351145038168,0.9731964293693164,88,0.0159362549800796,40,10,0.0,0.0,0.0,市场情绪强，板块情绪强
2026-07-27,688223.SH,晶科能源,star,4.05,0.006696322006037651,0.0,-0.0311004784688995,0.0099750623441396,0.8094636753399034,88,0.0159362549800796,40,3,0.0,0.0,0.0,市场情绪强
2026-07-27,301221.SZ,光庭信息,chinext,24.74,0.006693643145992283,0.0,-0.0425696594427245,-0.0568051849027831,0.6531214031270285,88,0.0159362549800796,40,10,0.0,0.0,0.0,市场情绪强，板块情绪强
2026-07-27,688816.SH,易思维,star,46.01,0.006689845614796711,0.0,-0.0084051724137931,-0.0456336859572703,0.6626961235918578,88,0.0159362549800796,40,3,0.0,0.0,0.0,市场情绪强
2026-07-27,301066.SZ,万事利,chinext,10.6,0.006682642788088254,0.0,-0.0257352941176471,-0.0586145648312611,0.5988024282569844,88,0.0159362549800796,40,10,0.0,0.0,0.0,市场情绪强，板块情绪强
2026-07-27,300703.SZ,创源股份,chinext,11.69,0.006681767062726881,0.0,-0.0314830157415079,-0.0610441767068272,0.7852970503274752,88,0.0159362549800796,40,10,0.0,0.0,0.0,市场情绪强，板块情绪强
2026-07-27,688271.SH,XD联影医,star,109.77,0.006679853710578925,0.0,-0.0414774711840726,-0.005436259853221,0.6509732768959892,88,0.0159362549800796,40,3,0.0,0.0,0.0,市场情绪强
2026-07-27,688203.SH,海正生材,star,8.75,0.00667630987312655,0.0,-0.0168539325842697,-0.054054054054054,0.7559360442361267,88,0.0159362549800796,40,3,0.0,0.0,0.0,市场情绪强
2026-07-27,301166.SZ,优宁维,chinext,24.09,0.006672500488983617,0.0,-0.0363999999999999,-0.1004480955937267,0.8526421620163929,88,0.0159362549800796,40,10,0.0,0.0,0.0,市场情绪强，板块情绪强
2026-07-27,300339.SZ,润和软件,chinext,34.0,0.00666919360910537,0.0,-0.0602542841348811,-0.0179087232813401,0.7789077519215567,88,0.0159362549800796,40,10,0.0,0.0,0.0,市场情绪强，板块情绪强
2026-07-27,688692.SH,达梦数据,star,205.51,0.006664387809282923,0.0,-0.0813963883425711,-0.0459145775301764,0.7358426969773885,88,0.0159362549800796,40,3,0.0,0.0,0.0,市场情绪强
2026-07-27,300307.SZ,慈星股份,chinext,6.07,0.006661753786116682,0.0,-0.0303514376996804,-0.0545171339563862,0.5464417776602328,88,0.0159362549800796,40,10,0.0,0.0,0.0,市场情绪强，板块情绪强
2026-07-27,301047.SZ,义翘神州,chinext,68.3,0.006655878481750477,0.0,-0.0292779988629903,-0.0209288990825688,0.6397944024353517,88,0.0159362549800796,40,10,0.0,0.0,0.0,市场情绪强，板块情绪强
2026-07-27,300247.SZ,融捷健康,chinext,3.64,0.00664991646489082,0.0,0.0139275766016713,0.011111111111111,0.6461522844771374,88,0.0159362549800796,40,10,0.0,0.0,0.0,市场情绪强，板块情绪强
2026-07-27,301026.SZ,浩通科技,chinext,16.62,0.00664715793567454,0.0,-0.0459242250287026,-0.0229276895943563,0.8123698648726972,88,0.0159362549800796,40,10,0.0,0.0,0.0,市场情绪强，板块情绪强
2026-07-27,301116.SZ,益客食品,chinext,8.08,0.006637094610824364,0.0,-0.0334928229665071,-0.0870056497175141,0.7160984038538248,88,0.0159362549800796,40,10,0.0,0.0,0.0,市场情绪强，板块情绪强
2026-07-27,300389.SZ,艾比森,chinext,11.63,0.006625077165688036,0.0,-0.021043771043771,-0.0267782426778241,0.5737418895457027,88,0.0159362549800796,40,10,0.0,0.0,0.0,市场情绪强，板块情绪强
2026-07-27,688177.SH,百奥泰,star,16.58,0.006616233978589331,0.0,-0.0482204362801379,-0.0606232294617563,0.6860072521094114,88,0.0159362549800796,40,3,0.0,0.0,0.0,市场情绪强
2026-07-27,300532.SZ,今天国际,chinext,6.51,0.006615804000033608,0.0,-0.0869565217391304,-0.0933147632311978,0.993246750900962,88,0.0159362549800796,40,10,0.0,0.0,0.0,市场情绪强，板块情绪强
2026-07-27,688687.SH,凯因科技,star,15.03,0.0066126922349187415,0.0,-0.0779141104294479,-0.0829774252593045,0.6381973450705264,88,0.0159362549800796,40,3,0.0,0.0,0.0,市场情绪强
2026-07-27,300124.SZ,汇川技术,chinext,59.35,0.0066102570136378205,0.0,-0.035429871607346,0.0038903924221922,0.8380286908176944,88,0.0159362549800796,40,10,0.0,0.0,0.0,市场情绪强，板块情绪强
2026-07-27,301268.SZ,铭利达,chinext,11.9,0.006597201336689599,0.0,-0.011627906976744,-0.029363784665579,0.6462776095692462,88,0.0159362549800796,40,10,0.0,0.0,0.0,市场情绪强，板块情绪强
2026-07-27,300451.SZ,创业慧康,chinext,3.16,0.0065854686094576585,0.0,-0.051051051051051,-0.0481927710843372,0.8238581654544054,88,0.0159362549800796,40,10,0.0,0.0,0.0,市场情绪强，板块情绪强
2026-07-27,300633.SZ,开立医疗,chinext,18.12,0.006585323341892733,0.0,-0.0503144654088049,-0.0407623080995235,0.5661229689146551,88,0.0159362549800796,40,10,0.0,0.0,0.0,市场情绪强，板块情绪强
2026-07-27,301275.SZ,汉朔科技,chinext,39.8,0.006578847299799236,0.0,-0.0774223458507187,-0.0391115403186866,0.7922377881358044,88,0.0159362549800796,40,10,0.0,0.0,0.0,市场情绪强，板块情绪强
2026-07-27,300381.SZ,溢多利,chinext,5.4,0.006577662677596368,0.0,-0.0391459074733095,-0.0689655172413792,0.7432900153727838,88,0.0159362549800796,40,10,0.0,0.0,0.0,市场情绪强，板块情绪强
2026-07-27,300598.SZ,诚迈科技,chinext,26.41,0.006569905504176848,0.0,-0.0611446853892641,-0.0108614232209737,0.7035501727655284,88,0.0159362549800796,40,10,0.0,0.0,0.0,市场情绪强，板块情绪强
2026-07-27,300569.SZ,天能重工,chinext,4.6,0.006569236100090328,0.0,-0.0191897654584223,-0.0086206896551723,0.9596730865112442,88,0.0159362549800796,40,10,0.0,0.0,0.0,市场情绪强，板块情绪强
2026-07-27,300492.SZ,华图山鼎,chinext,20.8,0.006567710748787142,0.0,-0.0554041780199817,-0.040590405904059,0.7045304846702433,88,0.0159362549800796,40,10,0.0,0.0,0.0,市场情绪强，板块情绪强
2026-07-27,300045.SZ,华力创通,chinext,11.46,0.0065657395134993395,0.0,-0.216142270861833,-0.206371191135734,2.1948180697628232,88,0.0159362549800796,40,10,0.0,0.0,0.0,成交量放大，市场情绪强，板块情绪强
2026-07-27,301050.SZ,雷电微力,chinext,28.32,0.006561803640040127,0.0,-0.0234482758620689,-0.0350936967632027,0.8078887719940485,88,0.0159362549800796,40,10,0.0,0.0,0.0,市场情绪强，板块情绪强
2026-07-27,301559.SZ,中集环科,chinext,12.55,0.006561112366220423,0.0,-0.001591089896579,0.0194963444354183,0.496084084445374,88,0.0159362549800796,40,10,0.0,0.0,0.0,市场情绪强，板块情绪强
2026-07-27,301073.SZ,君亭酒店,chinext,15.6,0.006557796805678233,0.0,-0.0346534653465346,-0.0602409638554217,0.8908781908179044,88,0.0159362549800796,40,10,0.0,0.0,0.0,市场情绪强，板块情绪强
2026-07-27,688269.SH,凯立新材,star,27.86,0.006553749449089751,0.0,-0.0312934631432545,-0.0409638554216867,0.5821369035287777,88,0.0159362549800796,40,3,0.0,0.0,0.0,市场情绪强
2026-07-27,301091.SZ,深城交,chinext,14.78,0.006551262744462036,0.0,-0.0218398411647915,0.0020338983050847,0.783715702824996,88,0.0159362549800796,40,10,0.0,0.0,0.0,市场情绪强，板块情绪强
2026-07-27,300446.SZ,航天智造,chinext,12.86,0.006530807364333534,0.0,-0.0551065393093314,-0.0287009063444109,0.7957895652532204,88,0.0159362549800796,40,10,0.0,0.0,0.0,市场情绪强，板块情绪强
2026-07-27,688169.SH,石头科技,star,97.06,0.006524891534216514,0.0,-0.0651126950491234,-0.0212765957446808,0.5488424451452715,88,0.0159362549800796,40,3,0.0,0.0,0.0,市场情绪强
2026-07-27,301602.SZ,超研股份,chinext,14.22,0.006517005538329893,0.0,-0.0644736842105262,-0.0443548387096773,0.658661284046077,88,0.0159362549800796,40,10,0.0,0.0,0.0,市场情绪强，板块情绪强
2026-07-27,301187.SZ,欧圣电气,chinext,12.89,0.006516401190992167,0.0,-0.0227445034116754,-0.0451851851851851,0.6756651496286191,88,0.0159362549800796,40,10,0.0,0.0,0.0,市场情绪强，板块情绪强
2026-07-27,300579.SZ,数字认证,chinext,19.99,0.006499015897349343,0.0,-0.0588512241054614,-0.0196174595389898,0.6544769464263049,88,0.0159362549800796,40,10,0.0,0.0,0.0,市场情绪强，板块情绪强
2026-07-27,300817.SZ,双飞集团,chinext,13.65,0.006484462372299449,0.0,-0.0277777777777776,-0.0533980582524271,0.6221698230413782,88,0.0159362549800796,40,10,0.0,0.0,0.0,市场情绪强，板块情绪强
2026-07-27,300822.SZ,贝仕达克,chinext,10.17,0.006482673500891524,0.0,-0.0323501427212178,-0.0846084608460845,0.7146158035025034,88,0.0159362549800796,40,10,0.0,0.0,0.0,市场情绪强，板块情绪强
2026-07-27,300098.SZ,高新兴,chinext,4.22,0.006459707866963822,0.0,-0.0343249427917621,0.0047619047619047,0.8333058652392127,88,0.0159362549800796,40,10,0.0,0.0,0.0,市场情绪强，板块情绪强
2026-07-27,300859.SZ,西域旅游,chinext,23.72,0.006454903715874431,0.0,-0.0278688524590163,-0.0523371953655613,0.98901481431483,88,0.0159362549800796,40,10,0.0,0.0,0.0,市场情绪强，板块情绪强
2026-07-27,300161.SZ,华中数控,chinext,22.87,0.0064480913070660145,0.0,-0.0665306122448978,-0.0707029662738724,0.6426340017899463,88,0.0159362549800796,40,10,0.0,0.0,0.0,市场情绪强，板块情绪强
2026-07-27,300099.SZ,尤洛卡,chinext,5.55,0.006443079859477422,0.0,-0.0496575342465753,-0.0280210157618213,0.6031962983504944,88,0.0159362549800796,40,10,0.0,0.0,0.0,市场情绪强，板块情绪强
2026-07-27,688602.SH,康鹏科技,star,5.96,0.006442874511374168,0.0,-0.0448717948717949,-0.0628930817610063,0.7317417345625654,88,0.0159362549800796,40,3,0.0,0.0,0.0,市场情绪强
2026-07-27,300743.SZ,天地数码,chinext,13.0,0.0064408819262223626,0.0,-0.0384615384615384,-0.0660919540229885,0.5939232363313454,88,0.0159362549800796,40,10,0.0,0.0,0.0,市场情绪强，板块情绪强
2026-07-27,300217.SZ,东方电热,chinext,3.93,0.006420053692814344,0.0,-0.0507246376811593,-0.0484261501210653,0.7788086656366688,88,0.0159362549800796,40,10,0.0,0.0,0.0,市场情绪强，板块情绪强
2026-07-27,300697.SZ,电工合金,chinext,12.79,0.00641857274719534,0.0,0.0007824726134584,0.0110671936758892,0.7255632771537169,88,0.0159362549800796,40,10,0.0,0.0,0.0,市场情绪强，板块情绪强
2026-07-27,300945.SZ,曼卡龙,chinext,10.24,0.0064168817174519175,0.0,-0.0172744721689058,-0.0087124878993223,0.9365604022310108,88,0.0159362549800796,40,10,0.0,0.0,0.0,市场情绪强，板块情绪强
2026-07-27,688315.SH,诺禾致源,star,11.94,0.006414990838076474,0.0,-0.0508744038155802,-0.0605822187254131,0.6691403667476309,88,0.0159362549800796,40,3,0.0,0.0,0.0,市场情绪强
2026-07-27,688370.SH,丛麟科技,star,20.21,0.006413163879966088,0.0,-0.0213075060532687,-0.0733608436497018,0.4893578398928798,88,0.0159362549800796,40,3,0.0,0.0,0.0,市场情绪强
2026-07-27,300685.SZ,艾德生物,chinext,16.52,0.0064130343834398135,0.0,-0.0698198198198198,-0.0613636363636365,0.849602714825748,88,0.0159362549800796,40,10,0.0,0.0,0.0,市场情绪强，板块情绪强
2026-07-27,300127.SZ,银河磁体,chinext,22.1,0.006410932890683731,0.0,-0.0272887323943661,-0.0120697362539115,0.6966966952114247,88,0.0159362549800796,40,10,0.0,0.0,0.0,市场情绪强，板块情绪强
2026-07-27,300258.SZ,精锻科技,chinext,9.12,0.0064085395054153,0.0,-0.0674846625766871,-0.081570996978852,0.7789665081661165,88,0.0159362549800796,40,10,0.0,0.0,0.0,市场情绪强，板块情绪强
2026-07-27,300399.SZ,天利科技,chinext,15.1,0.006398828992338781,0.0,-0.0764525993883793,-0.0509113764927718,0.7833612817999799,88,0.0159362549800796,40,10,0.0,0.0,0.0,市场情绪强，板块情绪强
2026-07-27,301289.SZ,国缆检测,chinext,40.38,0.006398609081075409,0.0,-0.0117474302496327,-0.0229857246552139,0.6623767316758518,88,0.0159362549800796,40,10,0.0,0.0,0.0,市场情绪强，板块情绪强
2026-07-27,688326.SH,经纬恒润,star,62.86,0.006396051906401282,0.0,-0.0451162084156159,-0.0061660079051383,0.6755251845317741,88,0.0159362549800796,40,3,0.0,0.0,0.0,市场情绪强
2026-07-27,301185.SZ,鸥玛软件,chinext,15.53,0.006394809597588509,0.0,0.0064808813998704,0.0097529258777633,0.882264396759607,88,0.0159362549800796,40,10,0.0,0.0,0.0,市场情绪强，板块情绪强
2026-07-27,688475.SH,萤石网络,star,27.95,0.006392993737491888,0.0,-0.0144569816643159,0.049174174174174,0.8756187993335733,88,0.0159362549800796,40,3,0.0,0.0,0.0,市场情绪强
2026-07-27,300625.SZ,三雄极光,chinext,8.41,0.00638945295188344,0.0,-0.0094228504122496,-0.0603351955307261,0.7024391569514391,88,0.0159362549800796,40,10,0.0,0.0,0.0,市场情绪强，板块情绪强
2026-07-27,300306.SZ,远方信息,chinext,8.68,0.006386211825003423,0.0,-0.0136363636363637,-0.0355555555555555,0.7489161756617349,88,0.0159362549800796,40,10,0.0,0.0,0.0,市场情绪强，板块情绪强
2026-07-27,300994.SZ,久祺股份,chinext,9.71,0.0063829225077141885,0.0,-0.0280280280280279,-0.0627413127413125,0.5225950920633654,88,0.0159362549800796,40,10,0.0,0.0,0.0,市场情绪强，板块情绪强
2026-07-27,300314.SZ,戴维医疗,chinext,9.12,0.006379540243925689,0.0,-0.0235546038543897,-0.0617283950617285,0.6496563307240162,88,0.0159362549800796,40,10,0.0,0.0,0.0,市场情绪强，板块情绪强
2026-07-27,301335.SZ,天元宠物,chinext,19.4,0.006377288712437375,0.0,-0.0396039603960396,-0.0717703349282297,0.6806411024247613,88,0.0159362549800796,40,10,0.0,0.0,0.0,市场情绪强，板块情绪强
2026-07-27,300957.SZ,贝泰妮,chinext,31.46,0.006370337506225482,0.0,-0.0293119407590248,-0.0034843205574912,0.7713479818853841,88,0.0159362549800796,40,10,0.0,0.0,0.0,市场情绪强，板块情绪强
2026-07-27,688819.SH,天能股份,star,21.28,0.006367717244447183,0.0,-0.0243007794589636,0.0225852955309948,0.7517860151400126,88,0.0159362549800796,40,3,0.0,0.0,0.0,市场情绪强
2026-07-27,688100.SH,威胜信息,star,28.35,0.006365152812166515,0.0,-0.0393087089122331,0.0157649587961303,0.7727114235303025,88,0.0159362549800796,40,3,0.0,0.0,0.0,市场情绪强
2026-07-27,300925.SZ,法本信息,chinext,13.48,0.006345584102946023,0.0,-0.0606271777003484,-0.0073637702503681,0.727210560368566,88,0.0159362549800796,40,10,0.0,0.0,0.0,市场情绪强，板块情绪强
2026-07-27,301173.SZ,毓恬冠佳,chinext,27.65,0.006343621424061273,0.0,-0.0264084507042253,-0.1019811627151673,0.6405200433369448,88,0.0159362549800796,40,10,0.0,0.0,0.0,市场情绪强，板块情绪强
2026-07-27,688236.SH,春立医疗,star,13.24,0.006335429019586499,0.0,-0.0391872278664731,-0.0887818306951134,0.6564671680329891,88,0.0159362549800796,40,3,0.0,0.0,0.0,市场情绪强
2026-07-27,301315.SZ,威士顿,chinext,33.25,0.006331895556181532,0.0,-0.0649606299212599,-0.0580736543909348,0.7143428098647516,88,0.0159362549800796,40,10,0.0,0.0,0.0,市场情绪强，板块情绪强
2026-07-27,300374.SZ,中铁装配,chinext,10.16,0.0063301588588282895,0.0,0.0029615004935834,0.0039525691699606,0.6876596230550852,88,0.0159362549800796,40,10,0.0,0.0,0.0,市场情绪强，板块情绪强
2026-07-27,688211.SH,中科微至,star,27.4,0.006330008857149722,0.0,-0.0338504936530325,-0.0626069107081765,0.5839784293205645,88,0.0159362549800796,40,3,0.0,0.0,0.0,市场情绪强
2026-07-27,688092.SH,爱科科技,star,19.54,0.006327554190331056,0.0,-0.0341077607513594,-0.0673031026252983,0.7182667585061019,88,0.0159362549800796,40,3,0.0,0.0,0.0,市场情绪强
2026-07-27,300026.SZ,红日药业,chinext,3.27,0.006325868898190119,0.0,-0.018018018018018,-0.0030487804878047,0.6826471959972987,88,0.0159362549800796,40,10,0.0,0.0,0.0,市场情绪强，板块情绪强
2026-07-27,300386.SZ,飞天诚信,chinext,9.16,0.00632325838683997,0.0,-0.0527404343329885,-0.0171673819742489,0.6226400022596692,88,0.0159362549800796,40,10,0.0,0.0,0.0,市场情绪强，板块情绪强
2026-07-27,301025.SZ,读客文化,chinext,7.4,0.0063226053557161625,0.0,-0.057324840764331,-0.0830235439900867,0.5903585483637173,88,0.0159362549800796,40,10,0.0,0.0,0.0,市场情绪强，板块情绪强
2026-07-27,300100.SZ,双林股份,chinext,21.4,0.006318491556316442,0.0,-0.0719861231569818,-0.0420769919427037,0.8626015365754691,88,0.0159362549800796,40,10,0.0,0.0,0.0,市场情绪强，板块情绪强
2026-07-27,301065.SZ,本立科技,chinext,16.87,0.006316076760989087,0.0,-0.0180442374854481,-0.074602303894679,0.652908181257163,88,0.0159362549800796,40,10,0.0,0.0,0.0,市场情绪强，板块情绪强
2026-07-27,300507.SZ,苏奥传感,chinext,5.92,0.006311679332229278,0.0,-0.0405186385737439,-0.0807453416149068,0.7011489429676216,88,0.0159362549800796,40,10,0.0,0.0,0.0,市场情绪强，板块情绪强
2026-07-27,688114.SH,华大智造,star,47.11,0.006311564607721033,0.0,-0.0482828282828282,-0.0199708758061161,0.7728936012413977,88,0.0159362549800796,40,3,0.0,0.0,0.0,市场情绪强
2026-07-27,300034.SZ,钢研高纳,chinext,14.96,0.006299544798368844,0.0,-0.0404105195638229,0.0033534540576793,0.7201905160951911,88,0.0159362549800796,40,10,0.0,0.0,0.0,市场情绪强，板块情绪强
2026-07-27,301589.SZ,诺瓦星云,chinext,130.31,0.0062952349576459055,0.0,-0.0627876869965476,-0.038160614112784,0.8085816657184051,88,0.0159362549800796,40,10,0.0,0.0,0.0,市场情绪强，板块情绪强
2026-07-27,688029.SH,南微医学,star,71.0,0.006292834672334015,0.0,-0.0657894736842105,-0.0468519264330782,0.7163651338496336,88,0.0159362549800796,40,3,0.0,0.0,0.0,市场情绪强
2026-07-27,300011.SZ,鼎汉技术,chinext,5.48,0.006278677365829711,0.0,-0.0161579892280071,-0.0266429840142095,0.6958937011396203,88,0.0159362549800796,40,10,0.0,0.0,0.0,市场情绪强，板块情绪强
2026-07-27,300993.SZ,玉马科技,chinext,9.1,0.006275399855469962,0.0,-0.0119435396308361,-0.0349946977730647,0.6619542597461165,88,0.0159362549800796,40,10,0.0,0.0,0.0,市场情绪强，板块情绪强
2026-07-27,301551.SZ,无线传媒,chinext,18.95,0.00627008241946742,0.0,-0.0760604583130181,-0.042929292929293,0.8749268166731926,88,0.0159362549800796,40,10,0.0,0.0,0.0,市场情绪强，板块情绪强
2026-07-27,300172.SZ,中电环保,chinext,4.26,0.006269942036847507,0.0,0.009478672985782,-0.0046728971962617,0.8548724392826795,88,0.0159362549800796,40,10,0.0,0.0,0.0,市场情绪强，板块情绪强
2026-07-27,300256.SZ,星星科技,chinext,2.42,0.006261795456639964,0.0,-0.0081967213114754,0.0083333333333333,0.7868825457147993,88,0.0159362549800796,40,10,0.0,0.0,0.0,市场情绪强，板块情绪强
2026-07-27,300148.SZ,天舟文化,chinext,3.1,0.006256273378338356,0.0,-0.0282131661442005,-0.0220820189274447,0.7101155996745901,88,0.0159362549800796,40,10,0.0,0.0,0.0,市场情绪强，板块情绪强
2026-07-27,300180.SZ,华峰超纤,chinext,3.92,0.006254773531247886,0.0,-0.0415647921760391,0.0155440414507772,0.5839053366563676,88,0.0159362549800796,40,10,0.0,0.0,0.0,市场情绪强，板块情绪强
2026-07-27,300910.SZ,瑞丰新材,chinext,28.18,0.006240776183330193,0.0,-0.0091420534458509,0.0243547800799708,0.8597067770859604,88,0.0159362549800796,40,10,0.0,0.0,0.0,市场情绪强，板块情绪强
2026-07-27,301193.SZ,家联科技,chinext,15.09,0.0062319297572540336,0.0,-0.0455407969639468,-0.0598130841121495,0.6945474298966948,88,0.0159362549800796,40,10,0.0,0.0,0.0,市场情绪强，板块情绪强
2026-07-27,300479.SZ,神思电子,chinext,12.34,0.006226343646845041,0.0,-0.033672670321065,-0.0321568627450981,0.834790868978169,88,0.0159362549800796,40,10,0.0,0.0,0.0,市场情绪强，板块情绪强
2026-07-27,300047.SZ,天源迪科,chinext,8.99,0.006215442595821216,0.0,-0.0374732334047108,0.0181200453001133,0.768090181994737,88,0.0159362549800796,40,10,0.0,0.0,0.0,市场情绪强，板块情绪强
2026-07-27,300272.SZ,开能健康,chinext,5.12,0.006192964021498522,0.0,-0.0411985018726591,-0.0673952641165755,0.801215842153762,88,0.0159362549800796,40,10,0.0,0.0,0.0,市场情绪强，板块情绪强
2026-07-27,300699.SZ,光威复材,chinext,24.51,0.006184360974255056,0.0,-0.0300751879699247,0.0049200492004919,0.6649040140360041,88,0.0159362549800796,40,10,0.0,0.0,0.0,市场情绪强，板块情绪强
2026-07-27,300466.SZ,赛摩智能,chinext,6.63,0.006181112952107076,0.0,-0.0264317180616739,-0.0405209840810419,0.6951357205079197,88,0.0159362549800796,40,10,0.0,0.0,0.0,市场情绪强，板块情绪强
2026-07-27,301239.SZ,普瑞眼科,chinext,29.99,0.00616781495686051,0.0,-0.0409338023664854,-0.0780817706732247,0.5859722457823823,88,0.0159362549800796,40,10,0.0,0.0,0.0,市场情绪强，板块情绪强
2026-07-27,300425.SZ,中建环能,chinext,3.74,0.006167126596359299,0.0,-0.0026666666666665,-0.0285714285714285,0.8024607190414718,88,0.0159362549800796,40,10,0.0,0.0,0.0,市场情绪强，板块情绪强
2026-07-27,688563.SH,航材股份,star,50.0,0.006165330194445192,0.0,-0.0182603573532299,0.0375596596804317,0.8263465904193785,88,0.0159362549800796,40,3,0.0,0.0,0.0,市场情绪强
2026-07-27,300824.SZ,北鼎股份,chinext,7.03,0.006165177445456041,0.0,-0.0383036935704513,-0.0688741721854304,0.6491135887204917,88,0.0159362549800796,40,10,0.0,0.0,0.0,市场情绪强，板块情绪强
2026-07-27,300253.SZ,卫宁健康,chinext,6.52,0.006158891883950581,0.0,-0.0790960451977401,-0.0326409495548962,0.910837006279155,88,0.0159362549800796,40,10,0.0,0.0,0.0,市场情绪强，板块情绪强
2026-07-27,301170.SZ,锡南科技,chinext,19.88,0.006158421217128836,0.0,-0.0292968750000001,-0.0587121212121213,0.5912964619932939,88,0.0159362549800796,40,10,0.0,0.0,0.0,市场情绪强，板块情绪强
2026-07-27,300188.SZ,国投智能,chinext,9.78,0.0061428412510565675,0.0,-0.0392927308447937,0.0124223602484472,0.7635908210078682,88,0.0159362549800796,40,10,0.0,0.0,0.0,市场情绪强，板块情绪强
2026-07-27,688186.SH,广大特材,star,13.39,0.006140989160902045,0.0,-0.0132645541635961,-0.0254730713245996,0.7979929996389977,88,0.0159362549800796,40,3,0.0,0.0,0.0,市场情绪强
2026-07-27,300022.SZ,吉峰科技,chinext,7.47,0.006124461569256683,0.0,-0.0260756192959582,-0.0260756192959582,0.5213652007552046,88,0.0159362549800796,40,10,0.0,0.0,0.0,市场情绪强，板块情绪强
2026-07-27,300315.SZ,掌趣科技,chinext,3.89,0.006122375726503783,0.0,-0.0603864734299516,-0.0126903553299492,0.7949282949754234,88,0.0159362549800796,40,10,0.0,0.0,0.0,市场情绪强，板块情绪强
2026-07-27,301665.SZ,泰禾股份,chinext,22.48,0.006116005041074725,0.0,-0.0518768452129903,-0.020052310374891,0.6519015142275483,88,0.0159362549800796,40,10,0.0,0.0,0.0,市场情绪强，板块情绪强
2026-07-27,301260.SZ,格力博,chinext,12.14,0.00611541360680615,0.0,-0.0105949470252647,-0.0380348652931853,0.5330248584926985,88,0.0159362549800796,40,10,0.0,0.0,0.0,市场情绪强，板块情绪强
2026-07-27,300275.SZ,梅安森,chinext,7.48,0.006111845400801963,0.0,-0.0118890356671069,-0.0285714285714285,0.6690864038150287,88,0.0159362549800796,40,10,0.0,0.0,0.0,市场情绪强，板块情绪强
2026-07-27,300380.SZ,安硕信息,chinext,26.27,0.006095406421557558,0.0,-0.0903739612188365,-0.0457682528151108,0.8165710333621278,88,0.0159362549800796,40,10,0.0,0.0,0.0,市场情绪强，板块情绪强
2026-07-27,301039.SZ,中集车辆,chinext,7.32,0.0060922984274338265,0.0,0.0027397260273973,0.0324400564174895,0.6871766689252802,88,0.0159362549800796,40,10,0.0,0.0,0.0,市场情绪强，板块情绪强
2026-07-27,301296.SZ,新巨丰,chinext,5.94,0.006079839198044032,0.0,-0.0214168039538714,-0.0526315789473682,0.5837555668671474,88,0.0159362549800796,40,10,0.0,0.0,0.0,市场情绪强，板块情绪强
2026-07-27,300958.SZ,建工修复,chinext,10.48,0.0060725045927042445,0.0,-0.0141110065851364,-0.059245960502693,0.685259625169275,88,0.0159362549800796,40,10,0.0,0.0,0.0,市场情绪强，板块情绪强
2026-07-27,688631.SH,莱斯信息,star,37.98,0.006072238043448489,0.0,-0.0353060706121411,-0.0223938223938224,0.6829327417353194,88,0.0159362549800796,40,3,0.0,0.0,0.0,市场情绪强
2026-07-27,300673.SZ,佩蒂股份,chinext,11.04,0.0060702199434589325,0.0,-0.0482758620689656,-0.1103948428686544,0.7564685578908137,88,0.0159362549800796,40,10,0.0,0.0,0.0,市场情绪强，板块情绪强
2026-07-27,300523.SZ,辰安科技,chinext,17.63,0.006064723774970064,0.0,-0.0194660734149055,-0.0408052230685528,0.6150239852520956,88,0.0159362549800796,40,10,0.0,0.0,0.0,市场情绪强，板块情绪强
2026-07-27,300601.SZ,康泰生物,chinext,11.72,0.006049947978349346,0.0,-0.0487012987012986,-0.0345963756177923,0.7402097109421383,88,0.0159362549800796,40,10,0.0,0.0,0.0,市场情绪强，板块情绪强
2026-07-27,301632.SZ,广东建科,chinext,14.02,0.00604981999051717,0.0,-0.0357634112792296,-0.0304287690179807,1.0428393176484367,88,0.0159362549800796,40,10,0.0,0.0,0.0,市场情绪强，板块情绪强
2026-07-27,688089.SH,嘉必优,star,9.94,0.006045553428811062,0.0,-0.0273972602739727,-0.063147973609802,0.6540156690876089,88,0.0159362549800796,40,3,0.0,0.0,0.0,市场情绪强
2026-07-27,301090.SZ,华润材料,chinext,6.2,0.006040867346730397,0.0,-0.0127388535031847,-0.0174326465927099,0.8744641327094033,88,0.0159362549800796,40,10,0.0,0.0,0.0,市场情绪强，板块情绪强
2026-07-27,688212.SH,澳华内镜,star,25.37,0.006036292213277968,0.0,-0.0227272727272727,-0.0533582089552239,0.7383355418346946,88,0.0159362549800796,40,3,0.0,0.0,0.0,市场情绪强
2026-07-27,301575.SZ,艾芬达,chinext,25.07,0.006035341573922999,0.0,-0.0485768500948766,-0.0578729800826756,0.6709656419281398,88,0.0159362549800796,40,10,0.0,0.0,0.0,市场情绪强，板块情绪强
2026-07-27,300498.SZ,温氏股份,chinext,13.73,0.0060264610782701,0.0,-0.0192857142857142,-0.0227758007117437,0.5465506517157724,88,0.0159362549800796,40,10,0.0,0.0,0.0,市场情绪强，板块情绪强
2026-07-27,688562.SH,航天软件,star,12.91,0.006025475230891225,0.0,-0.0528246515040352,-0.0444115470022205,0.7203989498256896,88,0.0159362549800796,40,3,0.0,0.0,0.0,市场情绪强
2026-07-27,300987.SZ,川网传媒,chinext,11.78,0.0060215496854419915,0.0,-0.0407166123778501,-0.0673000791765638,0.6824930607622234,88,0.0159362549800796,40,10,0.0,0.0,0.0,市场情绪强，板块情绪强
2026-07-27,300119.SZ,瑞普生物,chinext,15.53,0.006020919778145302,0.0,-0.0419494139420112,-0.0214240705734088,0.5534624626163814,88,0.0159362549800796,40,10,0.0,0.0,0.0,市场情绪强，板块情绪强
2026-07-27,300248.SZ,新开普,chinext,7.45,0.006016159948638574,0.0,-0.0399484536082473,-0.0026773761713519,0.6531344063284852,88,0.0159362549800796,40,10,0.0,0.0,0.0,市场情绪强，板块情绪强
2026-07-27,688429.SH,时创能源,star,8.78,0.006002413720490974,0.0,-0.0233592880978866,-0.0538793103448276,0.8380764458412772,88,0.0159362549800796,40,3,0.0,0.0,0.0,市场情绪强
2026-07-27,301009.SZ,可靠股份,chinext,7.95,0.005999522180375425,0.0,-0.0351941747572815,-0.0798611111111111,0.7225860133887398,88,0.0159362549800796,40,10,0.0,0.0,0.0,市场情绪强，板块情绪强
2026-07-27,688330.SH,宏力达,star,31.15,0.005980993252145716,0.0,-0.0022421524663677,0.0019298809906722,0.9203595935741116,88,0.0159362549800796,40,3,0.0,0.0,0.0,市场情绪强
2026-07-27,300075.SZ,数字政通,chinext,10.26,0.00597866146135349,0.0,-0.0647219690063811,-0.0134615384615385,0.728077014932801,88,0.0159362549800796,40,10,0.0,0.0,0.0,市场情绪强，板块情绪强
2026-07-27,300009.SZ,安科生物,chinext,7.87,0.005962203448259318,0.0,-0.0586124401913874,-0.0378973105134473,0.7921049094623489,88,0.0159362549800796,40,10,0.0,0.0,0.0,市场情绪强，板块情绪强
2026-07-27,688590.SH,新致软件,star,10.99,0.0059616279388394105,0.0,-0.0484848484848485,-0.0501296456352635,0.6415765285584131,88,0.0159362549800796,40,3,0.0,0.0,0.0,市场情绪强
2026-07-27,300349.SZ,金卡智能,chinext,9.48,0.005947301750008881,0.0,-0.0424242424242423,-0.0462776659959757,0.6221846238192187,88,0.0159362549800796,40,10,0.0,0.0,0.0,市场情绪强，板块情绪强
2026-07-27,688505.SH,复旦张江,star,7.07,0.0059417450404592245,0.0,-0.0510067114093959,-0.0535475234270413,0.640984334036214,88,0.0159362549800796,40,3,0.0,0.0,0.0,市场情绪强
2026-07-27,300048.SZ,合康新能,chinext,4.77,0.0059413508054720525,0.0,-0.0144628099173553,-0.0304878048780488,0.6537700690159879,88,0.0159362549800796,40,10,0.0,0.0,0.0,市场情绪强，板块情绪强
2026-07-27,301088.SZ,戎美股份,chinext,10.89,0.005938559727785867,0.0,-0.0285459411239964,-0.0747663551401868,0.6037537673395563,88,0.0159362549800796,40,10,0.0,0.0,0.0,市场情绪强，板块情绪强
2026-07-27,300829.SZ,金丹科技,chinext,13.02,0.0059248701419976745,0.0,-0.0290827740492169,-0.0646551724137931,0.8095465966967084,88,0.0159362549800796,40,10,0.0,0.0,0.0,市场情绪强，板块情绪强
2026-07-27,688509.SH,正元地信,star,3.7,0.00592319887863142,0.0,-0.0237467018469657,-0.0106951871657754,0.6652648821619856,88,0.0159362549800796,40,3,0.0,0.0,0.0,市场情绪强
2026-07-27,688351.SH,微电生理,star,18.87,0.005922510424763454,0.0,-0.0536609829488465,-0.0421319796954313,0.6401865091970879,88,0.0159362549800796,40,3,0.0,0.0,0.0,市场情绪强
2026-07-27,300858.SZ,科拓生物,chinext,13.03,0.005896353994117674,0.0,-0.0516739446870452,-0.0811001410437235,0.954774323898315,88,0.0159362549800796,40,10,0.0,0.0,0.0,市场情绪强，板块情绪强
2026-07-27,301207.SZ,华兰疫苗,chinext,16.13,0.005895828307120222,0.0,-0.0534037558685446,-0.0375894988066827,0.8640291136879066,88,0.0159362549800796,40,10,0.0,0.0,0.0,市场情绪强，板块情绪强
2026-07-27,300206.SZ,理邦仪器,chinext,11.09,0.005892779030124568,0.0,-0.0464316423043852,-0.0364900086880972,0.7463565992848775,88,0.0159362549800796,40,10,0.0,0.0,0.0,市场情绪强，板块情绪强
2026-07-27,300611.SZ,美力科技,chinext,23.22,0.005874448443227026,0.0,-0.064464141821112,-0.0385093167701863,0.6350954054672907,88,0.0159362549800796,40,10,0.0,0.0,0.0,市场情绪强，板块情绪强
2026-07-27,300271.SZ,华宇软件,chinext,4.83,0.005856195473913843,0.0,-0.0397614314115308,-0.0301204819277108,0.8130944395948333,88,0.0159362549800796,40,10,0.0,0.0,0.0,市场情绪强，板块情绪强
2026-07-27,300459.SZ,汤姆猫,chinext,3.4,0.005830816389100087,0.0,-0.0340909090909091,0.0059171597633136,0.770120325681221,88,0.0159362549800796,40,10,0.0,0.0,0.0,市场情绪强，板块情绪强
2026-07-27,300941.SZ,创识科技,chinext,13.0,0.005829061876617159,0.0,-0.0566037735849056,-0.0363232023721274,0.7092399386145446,88,0.0159362549800796,40,10,0.0,0.0,0.0,市场情绪强，板块情绪强
2026-07-27,300024.SZ,机器人,chinext,14.6,0.005827756323448507,0.0,-0.0794451450189155,-0.037574159525379,0.7103863277934045,88,0.0159362549800796,40,10,0.0,0.0,0.0,市场情绪强，板块情绪强
2026-07-27,300203.SZ,聚光科技,chinext,11.61,0.005802851833066808,0.0,-0.0059931506849315,0.0,0.5755641252827858,88,0.0159362549800796,40,10,0.0,0.0,0.0,市场情绪强，板块情绪强
2026-07-27,300546.SZ,雄帝科技,chinext,13.65,0.0057985479785962225,0.0,-0.0650684931506848,-0.040084388185654,0.5949770780308151,88,0.0159362549800796,40,10,0.0,0.0,0.0,市场情绪强，板块情绪强
2026-07-27,688185.SH,康希诺,star,48.35,0.005785775112368549,0.0,-0.0358923230309071,-0.0242179616548939,0.7237105465384129,88,0.0159362549800796,40,3,0.0,0.0,0.0,市场情绪强
2026-07-27,300760.SZ,迈瑞医疗,chinext,146.38,0.005781172303927695,0.0,-0.0385550082101806,-0.02041089473332,0.741394607811837,88,0.0159362549800796,40,10,0.0,0.0,0.0,市场情绪强，板块情绪强
2026-07-27,300841.SZ,康华生物,chinext,42.86,0.005779026490321991,0.0,-0.0452216529293829,-0.0625546806649168,0.8753091206729942,88,0.0159362549800796,40,10,0.0,0.0,0.0,市场情绪强，板块情绪强
2026-07-27,300653.SZ,正海生物,chinext,13.54,0.005774186050014879,0.0,-0.0397163120567376,-0.0738714090287278,0.7573912734830721,88,0.0159362549800796,40,10,0.0,0.0,0.0,市场情绪强，板块情绪强
2026-07-27,300796.SZ,贝斯美,chinext,6.02,0.005769519837803159,0.0,-0.0066006600660065,-0.045958795562599,0.6964868515852933,88,0.0159362549800796,40,10,0.0,0.0,0.0,市场情绪强，板块情绪强
2026-07-27,300978.SZ,东箭科技,chinext,7.78,0.0057658121736961065,0.0,-0.022613065326633,-0.0512195121951218,0.61070585659046,88,0.0159362549800796,40,10,0.0,0.0,0.0,市场情绪强，板块情绪强
2026-07-27,688588.SH,凌志软件,star,8.35,0.005759614939733646,0.0,-0.0500568828213878,-0.0290697674418605,0.8219622244521109,88,0.0159362549800796,40,3,0.0,0.0,0.0,市场情绪强
2026-07-27,688696.SH,极米科技,star,60.6,0.005745915358085804,0.0,-0.031639501438159,-0.0365659777424483,1.107764605227414,88,0.0159362549800796,40,3,0.0,0.0,0.0,市场情绪强
2026-07-27,301283.SZ,聚胶股份,chinext,23.6,0.005735125402221099,0.0,0.0102739726027398,-0.0117252931323281,0.6197463060665718,88,0.0159362549800796,40,10,0.0,0.0,0.0,市场情绪强，板块情绪强
2026-07-27,301102.SZ,兆讯传媒,chinext,8.78,0.00571288696707159,0.0,-0.0362239297475301,-0.0528586839266451,0.8004543538929304,88,0.0159362549800796,40,10,0.0,0.0,0.0,市场情绪强，板块情绪强
2026-07-27,300185.SZ,通裕重工,chinext,2.7,0.0057109281779016445,0.0,-0.018181818181818,0.0112359550561798,0.8948230264354494,88,0.0159362549800796,40,10,0.0,0.0,0.0,市场情绪强，板块情绪强
2026-07-27,300676.SZ,华大基因,chinext,36.5,0.005702660084665605,0.0,-0.0068027210884353,0.0155815247634947,0.7327084262736941,88,0.0159362549800796,40,10,0.0,0.0,0.0,市场情绪强，板块情绪强
2026-07-27,300036.SZ,超图软件,chinext,10.31,0.00568917844888917,0.0,-0.0541284403669725,-0.0264400377714825,0.925987510359907,88,0.0159362549800796,40,10,0.0,0.0,0.0,市场情绪强，板块情绪强
2026-07-27,300226.SZ,上海钢联,chinext,14.57,0.005683967092198116,0.0,-0.0618158403090791,-0.0427069645203679,1.0077676584351478,88,0.0159362549800796,40,10,0.0,0.0,0.0,市场情绪强，板块情绪强
2026-07-27,300452.SZ,山河药辅,chinext,11.56,0.005683667011740145,0.0,-0.0462046204620461,-0.0729751403368083,0.75618134283738,88,0.0159362549800796,40,10,0.0,0.0,0.0,市场情绪强，板块情绪强
2026-07-27,300284.SZ,苏交科,chinext,5.18,0.005682126918258526,0.0,-0.0263157894736842,-0.0207939508506617,0.679339445143387,88,0.0159362549800796,40,10,0.0,0.0,0.0,市场情绪强，板块情绪强
2026-07-27,300318.SZ,博晖创新,chinext,4.45,0.0056802734425195865,0.0,-0.03470715835141,-0.0552016985138004,0.7936327222214169,88,0.0159362549800796,40,10,0.0,0.0,0.0,市场情绪强，板块情绪强
2026-07-27,300893.SZ,松原安全,chinext,14.39,0.005672543289611058,0.0,-0.0470198675496688,-0.0457559681697612,0.8115796865299043,88,0.0159362549800796,40,10,0.0,0.0,0.0,市场情绪强，板块情绪强
2026-07-27,300168.SZ,万达信息,chinext,4.52,0.005655525114681587,0.0,-0.048421052631579,-0.027956989247312,0.8689470285223627,88,0.0159362549800796,40,10,0.0,0.0,0.0,市场情绪强，板块情绪强
2026-07-27,300360.SZ,炬华科技,chinext,11.74,0.005653521811162709,0.0,-0.0265339966832504,0.0120689655172414,0.7487930458328379,88,0.0159362549800796,40,10,0.0,0.0,0.0,市场情绪强，板块情绪强
2026-07-27,688579.SH,地纬智能,star,7.18,0.00565140081801623,0.0,-0.0527704485488127,-0.0589777195281783,0.7939097562033428,88,0.0159362549800796,40,3,0.0,0.0,0.0,市场情绪强
2026-07-27,300482.SZ,万孚生物,chinext,15.69,0.005650995152227769,0.0,-0.069946650859514,-0.0621637776449492,1.305035331718445,88,0.0159362549800796,40,10,0.0,0.0,0.0,市场情绪强，板块情绪强
2026-07-27,301585.SZ,蓝宇股份,chinext,23.9,0.005649883689576449,0.0,-0.0455271565495207,-0.0821812596006145,0.8133420553637374,88,0.0159362549800796,40,10,0.0,0.0,0.0,市场情绪强，板块情绪强
2026-07-27,300375.SZ,鹏翎股份,chinext,3.67,0.00563100226940678,0.0,-0.0134408602150538,-0.026525198938992,0.8118620317553478,88,0.0159362549800796,40,10,0.0,0.0,0.0,市场情绪强，板块情绪强
2026-07-27,688015.SH,交控科技,star,14.46,0.0056201244254768384,0.0,-0.0242914979757085,-0.0430178689609529,0.581310444333174,88,0.0159362549800796,40,3,0.0,0.0,0.0,市场情绪强
2026-07-27,300529.SZ,健帆生物,chinext,16.8,0.005613723369106842,0.0,-0.0470788428814519,-0.0344827586206895,0.6512031846389791,88,0.0159362549800796,40,10,0.0,0.0,0.0,市场情绪强，板块情绪强
2026-07-27,300059.SZ,东方财富,chinext,19.4,0.0056126238698986815,0.0,-0.0438639724001971,-0.0152284263959391,0.9314359792646631,88,0.0159362549800796,40,10,0.0,0.0,0.0,市场情绪强，板块情绪强
2026-07-27,300079.SZ,数码视讯,chinext,4.13,0.0055996231114021746,0.0,-0.0327868852459015,0.0048661800486617,0.8541706944407663,88,0.0159362549800796,40,10,0.0,0.0,0.0,市场情绪强，板块情绪强
2026-07-27,301327.SZ,华宝新能,chinext,42.24,0.005597427104797158,0.0,-0.0244803695150114,-0.0160726764500348,0.7564649176732462,88,0.0159362549800796,40,10,0.0,0.0,0.0,市场情绪强，板块情绪强
2026-07-27,300439.SZ,美康生物,chinext,8.1,0.005593714943874961,0.0,-0.029940119760479,-0.0689655172413792,0.6589106088569799,88,0.0159362549800796,40,10,0.0,0.0,0.0,市场情绪强，板块情绪强
2026-07-27,688468.SH,科美诊断,star,5.55,0.00558623587843922,0.0,-0.0431034482758621,-0.0719063545150502,0.6568546948835811,88,0.0159362549800796,40,3,0.0,0.0,0.0,市场情绪强
2026-07-27,688575.SH,亚辉龙,star,8.52,0.005578608760332598,0.0,-0.0668127053669224,-0.0897435897435897,0.8907708110410725,88,0.0159362549800796,40,3,0.0,0.0,0.0,市场情绪强
2026-07-27,300218.SZ,安利股份,chinext,11.21,0.0055718524596148795,0.0,-0.0201048951048949,-0.0727874276261372,0.5652954400844102,88,0.0159362549800796,40,10,0.0,0.0,0.0,市场情绪强，板块情绪强
2026-07-27,301223.SZ,中荣股份,chinext,15.35,0.005552940263253715,0.0,-0.0339836375078665,-0.0617359413202933,1.0004763292594911,88,0.0159362549800796,40,10,0.0,0.0,0.0,市场情绪强，板块情绪强
2026-07-27,300761.SZ,立华股份,chinext,17.87,0.005547622404144733,0.0,-0.0218938149972631,-0.0639078051335777,0.7030276033425991,88,0.0159362549800796,40,10,0.0,0.0,0.0,市场情绪强，板块情绪强
2026-07-27,688750.SH,金天钛业,star,13.63,0.0055408307620466776,0.0,-0.0201294033069733,-0.0257326661901358,0.7114528180449137,88,0.0159362549800796,40,3,0.0,0.0,0.0,市场情绪强
2026-07-27,300705.SZ,九典制药,chinext,10.15,0.0055288872928977795,0.0,-0.0469483568075117,-0.0593141797961074,0.774988504676705,88,0.0159362549800796,40,10,0.0,0.0,0.0,市场情绪强，板块情绪强
2026-07-27,300296.SZ,利亚德,chinext,4.98,0.005528788364569676,0.0,-0.0514285714285713,-0.0404624277456647,0.7957982037660822,88,0.0159362549800796,40,10,0.0,0.0,0.0,市场情绪强，板块情绪强
2026-07-27,300973.SZ,立高食品,chinext,21.95,0.0055262671528245365,0.0,-0.0746205733558178,-0.0978216193999177,0.7287932819031437,88,0.0159362549800796,40,10,0.0,0.0,0.0,市场情绪强，板块情绪强
2026-07-27,301206.SZ,三元生物,chinext,22.26,0.005514586695013697,0.0,-0.0215384615384615,-0.0479041916167664,0.8326592841394178,88,0.0159362549800796,40,10,0.0,0.0,0.0,市场情绪强，板块情绪强
2026-07-27,300015.SZ,爱尔眼科,chinext,8.46,0.005511581298897034,0.0,-0.0364464692482914,-0.0253456221198155,0.823732636625279,88,0.0159362549800796,40,10,0.0,0.0,0.0,市场情绪强，板块情绪强
2026-07-27,300494.SZ,盛天网络,chinext,7.59,0.00550927099736609,0.0,-0.064118372379778,-0.05125,0.8196451533121079,88,0.0159362549800796,40,10,0.0,0.0,0.0,市场情绪强，板块情绪强
2026-07-27,300294.SZ,博雅生物,chinext,14.42,0.005504150264822057,0.0,-0.0636363636363637,-0.0791826309067688,0.8449087849985132,88,0.0159362549800796,40,10,0.0,0.0,0.0,市场情绪强，板块情绪强
2026-07-27,688334.SH,西高院,star,17.47,0.005500537671952521,0.0,0.0127536231884057,0.0168800931315482,0.8769547952221373,88,0.0159362549800796,40,3,0.0,0.0,0.0,市场情绪强
2026-07-27,300021.SZ,大禹节水,chinext,3.66,0.005499152310730458,0.0,-0.0161290322580645,-0.0161290322580645,0.67373928898538,88,0.0159362549800796,40,10,0.0,0.0,0.0,市场情绪强，板块情绪强
2026-07-27,300441.SZ,鲍斯股份,chinext,6.19,0.005491204835989465,0.0,-0.0963503649635035,-0.0691729323308271,0.7710720736447431,88,0.0159362549800796,40,10,0.0,0.0,0.0,市场情绪强，板块情绪强
2026-07-27,301301.SZ,川宁生物,chinext,8.37,0.005484334310341982,0.0,-0.022196261682243,-0.0141342756183746,0.873637593568227,88,0.0159362549800796,40,10,0.0,0.0,0.0,市场情绪强，板块情绪强
2026-07-27,688219.SH,会通股份,star,9.9,0.005476607641390935,0.0,-0.0625,-0.033203125,0.9567209947316548,88,0.0159362549800796,40,3,0.0,0.0,0.0,市场情绪强
2026-07-27,301103.SZ,何氏眼科,chinext,14.65,0.0054693559628461496,0.0,-0.0349143610013175,-0.0791954745443117,0.7807849038504924,88,0.0159362549800796,40,10,0.0,0.0,0.0,市场情绪强，板块情绪强
2026-07-27,300627.SZ,华测导航,chinext,26.76,0.005465197950731295,0.0,-0.0237139730025537,0.0082893745290129,0.7307490383393627,88,0.0159362549800796,40,10,0.0,0.0,0.0,市场情绪强，板块情绪强
2026-07-27,301558.SZ,三态股份,chinext,6.09,0.005455332902399735,0.0,-0.0302547770700637,-0.0287081339712917,0.7618921757525359,88,0.0159362549800796,40,10,0.0,0.0,0.0,市场情绪强，板块情绪强
2026-07-27,301507.SZ,民生健康,chinext,11.45,0.005445351741593215,0.0,-0.0458333333333333,-0.0706168831168831,0.9722389357112974,88,0.0159362549800796,40,10,0.0,0.0,0.0,市场情绪强，板块情绪强
2026-07-27,300999.SZ,金龙鱼,chinext,25.61,0.005442275736608692,0.0,-0.0073643410852713,0.0162698412698412,0.5918083438303173,88,0.0159362549800796,40,10,0.0,0.0,0.0,市场情绪强，板块情绪强
2026-07-27,688581.SH,安杰思,star,50.26,0.005435358834202349,0.0,-0.0104351250246111,-0.0306653809064609,0.6640070597516887,88,0.0159362549800796,40,3,0.0,0.0,0.0,市场情绪强
2026-07-27,300160.SZ,秀强股份,chinext,4.07,0.005428268747626063,0.0,-0.0145278450363195,-0.0355450236966823,0.6482959035035716,88,0.0159362549800796,40,10,0.0,0.0,0.0,市场情绪强，板块情绪强
2026-07-27,300783.SZ,三只松鼠,chinext,15.94,0.005424163691402752,0.0,-0.0506253722453841,-0.0579196217494091,0.8172438905042358,88,0.0159362549800796,40,10,0.0,0.0,0.0,市场情绪强，板块情绪强
2026-07-27,300636.SZ,同和药业,chinext,6.42,0.005419107901893338,0.0,-0.018348623853211,-0.0572687224669603,0.79036382612359,88,0.0159362549800796,40,10,0.0,0.0,0.0,市场情绪强，板块情绪强
2026-07-27,688128.SH,中国电研,star,21.36,0.005415258142024378,0.0,-0.0124826629680998,0.0195704057279235,0.700210083531264,88,0.0159362549800796,40,3,0.0,0.0,0.0,市场情绪强
2026-07-27,300288.SZ,朗玛信息,chinext,8.81,0.005413165423236228,0.0,-0.0465367965367965,-0.057754010695187,0.8670842711809419,88,0.0159362549800796,40,10,0.0,0.0,0.0,市场情绪强，板块情绪强
2026-07-27,300355.SZ,蒙草生态,chinext,2.75,0.00540861002053439,0.0,-0.0178571428571427,0.0,0.9147994174474549,88,0.0159362549800796,40,10,0.0,0.0,0.0,市场情绪强，板块情绪强
2026-07-27,300962.SZ,中金辐照,chinext,12.08,0.005404340706655607,0.0,-0.0335999999999999,-0.064291247095275,0.7543444524531918,88,0.0159362549800796,40,10,0.0,0.0,0.0,市场情绪强，板块情绪强
2026-07-27,300926.SZ,博俊科技,chinext,16.14,0.005401572636947794,0.0,-0.0323741007194243,-0.0194410692588092,0.7114555821534816,88,0.0159362549800796,40,10,0.0,0.0,0.0,市场情绪强，板块情绪强
2026-07-27,300232.SZ,洲明科技,chinext,4.76,0.0053780577293790705,0.0,-0.0325203252032521,-0.0245901639344262,0.6881691281447418,88,0.0159362549800796,40,10,0.0,0.0,0.0,市场情绪强，板块情绪强
2026-07-27,688198.SH,佰仁医疗,star,77.6,0.005371025986183526,0.0,-0.0096988259315977,-0.0246354952237306,0.7227401971283246,88,0.0159362549800796,40,3,0.0,0.0,0.0,市场情绪强
2026-07-27,300384.SZ,三联虹普,chinext,11.11,0.005369304135117127,0.0,-0.0520477815699659,-0.054468085106383,0.7852173069667847,88,0.0159362549800796,40,10,0.0,0.0,0.0,市场情绪强，板块情绪强
2026-07-27,301153.SZ,中科江南,chinext,15.77,0.005363983955978103,0.0,-0.0629827688651217,-0.0366524129505193,0.7589266966811747,88,0.0159362549800796,40,10,0.0,0.0,0.0,市场情绪强，板块情绪强
2026-07-27,300869.SZ,康泰医学,chinext,10.26,0.005357681656046025,0.0,-0.0348071495766698,-0.0561177552897883,0.7050920144295569,88,0.0159362549800796,40,10,0.0,0.0,0.0,市场情绪强，板块情绪强
2026-07-27,301370.SZ,国科恒泰,chinext,8.14,0.005352016920284682,0.0,-0.0355450236966823,-0.0654420206659013,0.656266034853048,88,0.0159362549800796,40,10,0.0,0.0,0.0,市场情绪强，板块情绪强
2026-07-27,688366.SH,昊海生科,star,29.56,0.005343874721066234,0.0,-0.0618851158362425,-0.0756722951844903,1.099041375713702,88,0.0159362549800796,40,3,0.0,0.0,0.0,市场情绪强
2026-07-27,301262.SZ,海看股份,chinext,17.88,0.0053249446086076095,0.0,-0.0554675118858954,-0.0494417862838915,0.9168255156234844,88,0.0159362549800796,40,10,0.0,0.0,0.0,市场情绪强，板块情绪强
2026-07-27,688569.SH,铁科轨道,star,15.77,0.0053222043677456955,0.0,-0.0223186608803471,-0.0477053140096618,0.8730265754325199,88,0.0159362549800796,40,3,0.0,0.0,0.0,市场情绪强
2026-07-27,688050.SH,爱博医疗,star,38.71,0.005321768598539923,0.0,-0.0547008547008547,-0.0620305306518051,0.7432764161549933,88,0.0159362549800796,40,3,0.0,0.0,0.0,市场情绪强
2026-07-27,300138.SZ,晨光生物,chinext,10.14,0.005316064678893974,0.0,-0.0478873239436619,-0.0155339805825243,0.7591521151524057,88,0.0159362549800796,40,10,0.0,0.0,0.0,市场情绪强，板块情绪强
2026-07-27,688298.SH,东方生物,star,17.87,0.005298538703029906,0.0,-0.0413090128755364,-0.0835897435897435,0.6996604013912857,88,0.0159362549800796,40,3,0.0,0.0,0.0,市场情绪强
2026-07-27,301048.SZ,金鹰重工,chinext,8.46,0.005291300535178204,0.0,-0.0139860139860138,-0.0287026406429391,0.6178024492975921,88,0.0159362549800796,40,10,0.0,0.0,0.0,市场情绪强，板块情绪强
2026-07-27,688016.SH,心脉医疗,star,89.0,0.005262583226774554,0.0,-0.0377338090604388,-0.0075825156110616,0.7573889638508533,88,0.0159362549800796,40,3,0.0,0.0,0.0,市场情绪强
2026-07-27,301491.SZ,汉桑科技,chinext,36.38,0.005256765412479234,0.0,-0.0478932216697198,-0.0337317397078352,0.7084461975070545,88,0.0159362549800796,40,10,0.0,0.0,0.0,市场情绪强，板块情绪强
2026-07-27,300070.SZ,碧水源,chinext,3.38,0.005225197334677863,0.0,-0.028735632183908,-0.0145772594752187,0.7043297557613594,88,0.0159362549800796,40,10,0.0,0.0,0.0,市场情绪强，板块情绪强
2026-07-27,301656.SZ,联合动力,chinext,16.17,0.005218081136360846,0.0,-0.0471420153211548,-0.0437610881135421,0.7989583892283416,88,0.0159362549800796,40,10,0.0,0.0,0.0,市场情绪强，板块情绪强
2026-07-27,301109.SZ,军信股份,chinext,13.45,0.005172735260501047,0.0,-0.0330697340043134,-0.0132061628760089,0.7272117509577862,88,0.0159362549800796,40,10,0.0,0.0,0.0,市场情绪强，板块情绪强
2026-07-27,301004.SZ,嘉益股份,chinext,32.57,0.00516805163168222,0.0,-0.0207456404088994,-0.0520954598370198,0.5203792070261101,88,0.0159362549800796,40,10,0.0,0.0,0.0,市场情绪强，板块情绪强
2026-07-27,300729.SZ,乐歌股份,chinext,9.58,0.005158650334488151,0.0,-0.0164271047227926,-0.0303643724696357,0.6033301851607674,88,0.0159362549800796,40,10,0.0,0.0,0.0,市场情绪强，板块情绪强
2026-07-27,688533.SH,上声电子,star,19.91,0.005152377837950607,0.0,-0.033495145631068,-0.0330257406508013,0.588728567520786,88,0.0159362549800796,40,3,0.0,0.0,0.0,市场情绪强
2026-07-27,300194.SZ,福安药业,chinext,3.59,0.005148850529835915,0.0,-0.0217983651226157,-0.0452127659574468,0.7847403148356913,88,0.0159362549800796,40,10,0.0,0.0,0.0,市场情绪强，板块情绪强
2026-07-27,300463.SZ,迈克生物,chinext,8.51,0.005142413288234611,0.0,-0.0351473922902494,-0.061742006615215,0.587912274058913,88,0.0159362549800796,40,10,0.0,0.0,0.0,市场情绪强，板块情绪强
2026-07-27,300143.SZ,盈康生命,chinext,6.92,0.005127920795783137,0.0,-0.0184397163120567,-0.0225988700564971,0.6884021552093028,88,0.0159362549800796,40,10,0.0,0.0,0.0,市场情绪强，板块情绪强
2026-07-27,688285.SH,高铁电气,star,6.68,0.005120154388738711,0.0,-0.0219619326500732,-0.0429799426934098,0.687784682122999,88,0.0159362549800796,40,3,0.0,0.0,0.0,市场情绪强
2026-07-27,301371.SZ,敷尔佳,chinext,22.96,0.005114010662895029,0.0,-0.0250530785562632,-0.0304054054054053,0.6695146323022227,88,0.0159362549800796,40,10,0.0,0.0,0.0,市场情绪强，板块情绪强
2026-07-27,301267.SZ,华厦眼科,chinext,15.45,0.005111281243858826,0.0,-0.0521472392638037,-0.0544675642594859,0.6450687193834769,88,0.0159362549800796,40,10,0.0,0.0,0.0,市场情绪强，板块情绪强
2026-07-27,688289.SH,圣湘生物,star,14.56,0.005101760824293283,0.0,-0.0539311241065627,-0.0508474576271186,0.6125564525898608,88,0.0159362549800796,40,3,0.0,0.0,0.0,市场情绪强
2026-07-27,300791.SZ,仙乐健康,chinext,15.63,0.005093047850294122,0.0,-0.0584337349397591,-0.0778761061946902,0.9165449890506044,88,0.0159362549800796,40,10,0.0,0.0,0.0,市场情绪强，板块情绪强
2026-07-27,300406.SZ,九强生物,chinext,11.08,0.0050861027745865315,0.0,-0.0229276895943562,-0.0280701754385964,0.586836667005753,88,0.0159362549800796,40,10,0.0,0.0,0.0,市场情绪强，板块情绪强
2026-07-27,300144.SZ,宋城演艺,chinext,5.83,0.00507021713731072,0.0,-0.0395387149917627,-0.0168634064080943,0.7687293499683729,88,0.0159362549800796,40,10,0.0,0.0,0.0,市场情绪强，板块情绪强
2026-07-27,688139.SH,海尔生物,star,26.58,0.005060331210277866,0.0,-0.0407795019848431,-0.0140949554896143,0.5897019687621193,88,0.0159362549800796,40,3,0.0,0.0,0.0,市场情绪强
2026-07-27,301195.SZ,北路智控,chinext,23.75,0.005055578285355022,0.0,-0.0302164148632093,-0.0396279822078446,0.6541174132528403,88,0.0159362549800796,40,10,0.0,0.0,0.0,市场情绪强，板块情绪强
2026-07-27,300413.SZ,芒果超媒,chinext,14.6,0.005046259147526886,0.0,-0.0592783505154639,-0.035667107001321,0.7549971746299509,88,0.0159362549800796,40,10,0.0,0.0,0.0,市场情绪强，板块情绪强
2026-07-27,300298.SZ,三诺生物,chinext,15.02,0.005045903823397827,0.0,-0.0565326633165829,-0.0402555910543132,0.705427833801284,88,0.0159362549800796,40,10,0.0,0.0,0.0,市场情绪强，板块情绪强
2026-07-27,301332.SZ,德尔玛,chinext,7.49,0.005041306599244945,0.0,-0.0260078023407022,-0.0506970849176171,0.8704486578201367,88,0.0159362549800796,40,10,0.0,0.0,0.0,市场情绪强，板块情绪强
2026-07-27,301215.SZ,中汽股份,chinext,5.0,0.005038167093567158,0.0,-0.0099009900990099,-0.0059642147117296,0.7502196762816203,88,0.0159362549800796,40,10,0.0,0.0,0.0,市场情绪强，板块情绪强
2026-07-27,688389.SH,普门科技,star,10.24,0.005024727745943184,0.0,-0.0474418604651162,-0.0605504587155963,0.9926595675403151,88,0.0159362549800796,40,3,0.0,0.0,0.0,市场情绪强
2026-07-27,300595.SZ,欧普康视,chinext,10.56,0.005012595063236171,0.0,-0.0469314079422382,-0.0408719346049045,0.8573135059790824,88,0.0159362549800796,40,10,0.0,0.0,0.0,市场情绪强，板块情绪强
2026-07-27,688232.SH,新点软件,star,16.95,0.004997227792785565,0.0,-0.050420168067227,-0.0456081081081082,0.685929530750552,88,0.0159362549800796,40,3,0.0,0.0,0.0,市场情绪强
2026-07-27,300140.SZ,节能环境,chinext,5.32,0.00499685767661746,0.0,-0.020257826887661,0.0056710775047259,0.699523544331642,88,0.0159362549800796,40,10,0.0,0.0,0.0,市场情绪强，板块情绪强
2026-07-27,300788.SZ,中信出版,chinext,22.6,0.004993851007370766,0.0,-0.0543933054393304,-0.0536013400335007,0.7515266013344911,88,0.0159362549800796,40,10,0.0,0.0,0.0,市场情绪强，板块情绪强
2026-07-27,301175.SZ,中科环保,chinext,5.12,0.004990611383057385,0.0,-0.0134874759152215,0.0158730158730158,0.7278117053014928,88,0.0159362549800796,40,10,0.0,0.0,0.0,市场情绪强，板块情绪强
2026-07-27,300525.SZ,博思软件,chinext,7.45,0.0049894402339830946,0.0,-0.0485312899106002,-0.0066666666666665,0.6345776426036384,88,0.0159362549800796,40,10,0.0,0.0,0.0,市场情绪强，板块情绪强
2026-07-27,300856.SZ,科思股份,chinext,10.27,0.004951877943266569,0.0,-0.0329566854990583,-0.045539033457249,0.6899208939425837,88,0.0159362549800796,40,10,0.0,0.0,0.0,市场情绪强，板块情绪强
2026-07-27,301508.SZ,中机认检,chinext,22.09,0.004940452303589467,0.0,-0.0173487544483985,-0.0085278276481149,0.6379793989629141,88,0.0159362549800796,40,10,0.0,0.0,0.0,市场情绪强，板块情绪强
2026-07-27,300470.SZ,中密控股,chinext,28.66,0.004933865811263768,0.0,-0.0052065255119749,0.0049088359046283,0.7564959249701109,88,0.0159362549800796,40,10,0.0,0.0,0.0,市场情绪强，板块情绪强
2026-07-27,688276.SH,百克生物,star,13.92,0.004919649082303854,0.0,-0.0446122168840082,-0.0556309362279511,0.7601853089716437,88,0.0159362549800796,40,3,0.0,0.0,0.0,市场情绪强
2026-07-27,301078.SZ,孩子王,chinext,6.78,0.004876196622898587,0.0,-0.0300429184549355,-0.0328102710413693,0.7585543589812171,88,0.0159362549800796,40,10,0.0,0.0,0.0,市场情绪强，板块情绪强
2026-07-27,688161.SH,威高骨科,star,20.15,0.00487554772139207,0.0,-0.0504241281809614,-0.0739889705882353,0.7364533190559098,88,0.0159362549800796,40,3,0.0,0.0,0.0,市场情绪强
2026-07-27,688075.SH,安旭生物,star,26.9,0.0048745888835507525,0.0,-0.03584229390681,-0.0743289745354439,0.6617188663934818,88,0.0159362549800796,40,3,0.0,0.0,0.0,市场情绪强
2026-07-27,300741.SZ,华宝股份,chinext,12.1,0.004872657636404804,0.0,-0.0234059725585149,-0.020242914979757,0.9207831912761976,88,0.0159362549800796,40,10,0.0,0.0,0.0,市场情绪强，板块情绪强
2026-07-27,300453.SZ,三鑫医疗,chinext,9.18,0.004860050847820939,0.0,-0.0223642172523962,-0.0347003154574132,0.7200495862761592,88,0.0159362549800796,40,10,0.0,0.0,0.0,市场情绪强，板块情绪强
2026-07-27,688606.SH,奥泰生物,star,41.95,0.004806307318716395,0.0,-0.0307301293900184,-0.0657015590200444,0.7122045589794234,88,0.0159362549800796,40,3,0.0,0.0,0.0,市场情绪强
2026-07-27,300388.SZ,节能国祯,chinext,6.58,0.00480568647328699,0.0,-0.0090361445783131,-0.0222882615156018,0.68660929455363,88,0.0159362549800796,40,10,0.0,0.0,0.0,市场情绪强，板块情绪强
2026-07-27,688009.SH,中国通号,star,5.07,0.004805015719753038,0.0,-0.0305927342256214,0.0242424242424241,0.5279640954688839,88,0.0159362549800796,40,3,0.0,0.0,0.0,市场情绪强
2026-07-27,301101.SZ,明月镜片,chinext,27.03,0.004796808603109531,0.0,-0.0485744456177401,-0.067287784679089,0.6207983504871744,88,0.0159362549800796,40,10,0.0,0.0,0.0,市场情绪强，板块情绪强
2026-07-27,300908.SZ,仲景食品,chinext,21.97,0.0047426995142377725,0.0,-0.0317320405464963,-0.0643100511073254,0.6656970341719128,88,0.0159362549800796,40,10,0.0,0.0,0.0,市场情绪强，板块情绪强
2026-07-27,688425.SH,铁建重工,star,4.14,0.004707273117774418,0.0,-0.0212765957446809,0.0147058823529411,0.620100335842307,88,0.0159362549800796,40,3,0.0,0.0,0.0,市场情绪强
2026-07-27,300888.SZ,稳健医疗,chinext,28.88,0.004618768422459819,0.0,-0.0389351081530782,-0.0337905654064905,0.6474454768974,88,0.0159362549800796,40,10,0.0,0.0,0.0,市场情绪强，板块情绪强
2026-07-27,688538.SH,和辉光电,star,2.33,0.004606294332083377,0.0,-0.0291666666666665,0.0086580086580085,0.6241400285585658,88,0.0159362549800796,40,3,0.0,0.0,0.0,市场情绪强
2026-07-27,301058.SZ,中粮科工,chinext,7.82,0.004575884095303471,0.0,-0.0261519302615191,-0.0345679012345678,0.7549511045254468,88,0.0159362549800796,40,10,0.0,0.0,0.0,市场情绪强，板块情绪强
2026-07-27,300193.SZ,佳士科技,chinext,7.17,0.004503871159919742,0.0,-0.0478087649402391,-0.0578186596583443,0.842633533551992,88,0.0159362549800796,40,10,0.0,0.0,0.0,市场情绪强，板块情绪强
2026-07-27,300770.SZ,新媒股份,chinext,32.85,0.00443146522538497,0.0,-0.0278188813258359,-0.019695613249776,0.605152626818571,88,0.0159362549800796,40,10,0.0,0.0,0.0,市场情绪强，板块情绪强
2026-07-27,300230.SZ,永利股份,chinext,4.02,0.004407306419958789,0.0,-0.0195121951219512,-0.0336538461538462,0.7347156101953923,88,0.0159362549800796,40,10,0.0,0.0,0.0,市场情绪强，板块情绪强
2026-07-27,688570.SH,天玛智控,star,13.98,0.0042071149279878555,0.0,-0.0325259515570933,-0.0196353436185132,0.6870338291970955,88,0.0159362549800796,40,3,0.0,0.0,0.0,市场情绪强
2026-07-27,688739.SH,成大生物,star,19.26,0.00419043191767083,0.0,-0.030699547055863,-0.0321608040201003,0.6370776880123031,88,0.0159362549800796,40,3,0.0,0.0,0.0,市场情绪强
2026-07-27,688526.SH,科前生物,star,12.32,0.004079703056232171,0.0,-0.0344827586206896,-0.0352388410336725,0.9471007207036768,88,0.0159362549800796,40,3,0.0,0.0,0.0,市场情绪强
2026-07-27,688459.SH,哈铁科技,star,7.91,0.0035970958664276183,0.0,-0.0234567901234566,-0.0246609124537606,0.7105639714904305,88,0.0159362549800796,40,3,0.0,0.0,0.0,市场情绪强
