{
  "rows": 1349779,
  "positive_rate": 0.02252887324517569,
  "accuracy_at_0_5": 0.9773985222766097,
  "precision_at_0_5": 0.3915929203539823,
  "recall_at_0_5": 0.005820645203722582,
  "top_decile_hit_rate": 0.12179852863821243
}