{
  "feature_columns": [
    "pct_chg",
    "intraday_ret",
    "close_to_high",
    "upper_shadow",
    "volume_ratio_5",
    "amount_ratio_5",
    "turnover",
    "ret_3",
    "ret_5",
    "ret_10",
    "volatility_5",
    "limit_gap",
    "mkt_cap_log",
    "market_ret",
    "market_limit_hits",
    "board_main",
    "board_star",
    "board_chinext",
    "board_bse",
    "is_st",
    "tail_ret_1430_1457",
    "tail_ret_1450_1457",
    "tail_volume_ratio",
    "tail_amount_ratio",
    "tail_volume_vs_5d",
    "tail_high_break",
    "tail_close_to_high",
    "tail_limit_gap",
    "tail_vwap_deviation",
    "tail_pullback",
    "tail_range"
  ],
  "weights": [
    0.10484563346761003,
    0.005158662383404842,
    -0.103025430484056,
    -0.001033360067344099,
    0.01036831819875839,
    0.014701191236029287,
    0.0,
    0.07774131694317336,
    0.08826081725734318,
    0.12054178138997511,
    0.22197895928205014,
    -0.23363844440000955,
    0.10677438718724755,
    -0.03985031282073554,
    0.017502010514873198,
    0.1823032631771236,
    -0.09008342382684763,
    -0.1170096426828797,
    -0.048511721366145615,
    0.29982521714413735,
    -0.0018353216526405367,
    0.0024448833621212294,
    0.0008822105896659914,
    0.0008801780410421267,
    0.0005407644103585616,
    -0.001170740817475586,
    0.0005678369899508367,
    0.0009644127802875059,
    0.0008912717964583833,
    0.0005678369899508367,
    -0.0002860225618422343
  ],
  "bias": -4.052074544272562,
  "mean": [
    0.0008100817233736585,
    0.001262973854393853,
    -0.019259501519355203,
    0.010795244536654059,
    1.0089618699968868,
    1.0106315405475204,
    0.0,
    0.002564225074651539,
    0.004285671853142269,
    0.008401205080864423,
    0.024871510863943964,
    0.14390736781835978,
    23.592273083230157,
    0.0007970131579844086,
    122.08646378407131,
    0.5841111767185592,
    0.10903266386571431,
    0.25441498200816576,
    0.052441177407560796,
    0.04023769817133027,
    -7.3182487911293636e-09,
    -7.898822999746403e-09,
    8.60901064738288e-07,
    8.598158352945117e-07,
    2.22258606779332e-06,
    7.408620225977734e-07,
    -4.6415636917655484e-08,
    1.3405118732922715e-07,
    -1.9323740243460746e-08,
    -4.6415636917655484e-08,
    5.6565977716839716e-08
  ],
  "std": [
    0.03084361001511838,
    0.028072075414180907,
    0.017714211243373156,
    0.012117292095700439,
    0.35082728040982425,
    0.364703984394179,
    1.0,
    0.054702494931645744,
    0.071707877553531,
    0.10290612528253117,
    0.017842445151312367,
    0.07649075731510002,
    1.1980602562379148,
    0.011965280611565515,
    34.98203084928826,
    0.4928745377385805,
    0.3116801919854077,
    0.43553185754655227,
    0.22291500694136665,
    0.19651622278377734,
    6.700954894858389e-06,
    9.271269400700927e-06,
    0.0006101402280584108,
    0.0006100254494155746,
    0.0014908323607651173,
    0.0008607331024895213,
    3.285602544355384e-05,
    9.091891328730304e-05,
    1.5487279200536876e-05,
    3.285602544355384e-05,
    3.970831912667221e-05
  ]
}