{
  "rows": 1350221,
  "positive_rate": 0.02251409213750934,
  "accuracy_at_0_5": 0.9774007366201533,
  "precision_at_0_5": 0.37894736842105264,
  "recall_at_0_5": 0.005921247409454258,
  "top_decile_hit_rate": 0.12219490157159574
}