{
  "rows": 1349751,
  "positive_rate": 0.022481924443841863,
  "accuracy_at_0_5": 0.9774425060622293,
  "precision_at_0_5": 0.38913043478260867,
  "recall_at_0_5": 0.005898830120283407,
  "top_decile_hit_rate": 0.12160770513057974
}