{
  "feature_columns": [
    "pct_chg",
    "intraday_ret",
    "close_to_high",
    "upper_shadow",
    "volume_ratio_5",
    "amount_ratio_5",
    "turnover",
    "ret_3",
    "ret_5",
    "ret_10",
    "volatility_5",
    "limit_gap",
    "mkt_cap_log",
    "market_ret",
    "market_limit_hits",
    "board_main",
    "board_star",
    "board_chinext",
    "board_bse",
    "is_st",
    "tail_ret_1430_1457",
    "tail_ret_1450_1457",
    "tail_volume_ratio",
    "tail_amount_ratio",
    "tail_volume_vs_5d",
    "tail_high_break",
    "tail_close_to_high",
    "tail_limit_gap",
    "tail_vwap_deviation",
    "tail_pullback",
    "tail_range"
  ],
  "weights": [
    0.10445673263726009,
    0.0031757810159792105,
    -0.10260508737288578,
    -0.0012748821891939669,
    0.010109216460743083,
    0.014553351660723824,
    0.0,
    0.07938808466018436,
    0.08773291167954,
    0.11906875735112729,
    0.22191017673793284,
    -0.23945438969531058,
    0.10161299941733323,
    -0.039619287149977894,
    0.012018686429286208,
    0.17726899112397734,
    -0.08856394965232676,
    -0.1129458194144061,
    -0.04746206235114594,
    0.30237007157714607,
    -0.00014545924049506672,
    0.0,
    -0.001168611598692441,
    -0.001145094907402533,
    -0.0020554675781032923,
    -0.00014545924049506672,
    0.0,
    0.0,
    -0.00014545924049508266,
    0.0,
    -0.00014545924049506675
  ],
  "bias": -4.0557472859922195,
  "mean": [
    0.0008533721289990574,
    0.0012916220129187256,
    -0.019117209775859595,
    0.010744435582341266,
    1.0079923256145105,
    1.0096670761520679,
    0.0,
    0.002603414837775191,
    0.004182089496150757,
    0.00878402052991712,
    0.0247285913274989,
    0.14370642490530078,
    23.58745963206226,
    0.0008381403796061824,
    121.8815379112012,
    0.5841725169435226,
    0.10911250824864967,
    0.254447234934133,
    0.05226773987369475,
    0.04132656802108692,
    5.961083769105102e-08,
    0.0,
    8.511466029344038e-07,
    8.667075043431189e-07,
    2.221858495757361e-06,
    7.406194985857871e-07,
    0.0,
    0.0,
    3.4993689064869706e-08,
    0.0,
    5.96108376910511e-08
  ],
  "std": [
    0.030640939783011054,
    0.027875638414125797,
    0.017617755732842126,
    0.012073037497704643,
    0.35205998344572004,
    0.3659376382412784,
    1.0,
    0.05434701780321594,
    0.07105349784664232,
    0.10219634090960877,
    0.0177908526860702,
    0.07386404323355618,
    1.1917170428541284,
    0.012005764841650045,
    34.10959869558904,
    0.49286406583498504,
    0.31178032136800743,
    0.4355500425536739,
    0.22256644680227636,
    0.19904442417883855,
    6.92671777918111e-05,
    1.0,
    0.0006433164442080516,
    0.0006588250373285549,
    0.0014905883265013803,
    0.0008605922089285642,
    1.0,
    1.0,
    4.0662305311162404e-05,
    1.0,
    6.926717779181118e-05
  ]
}