{
  "feature_columns": [
    "pct_chg",
    "intraday_ret",
    "close_to_high",
    "upper_shadow",
    "volume_ratio_5",
    "amount_ratio_5",
    "turnover",
    "ret_3",
    "ret_5",
    "ret_10",
    "volatility_5",
    "limit_gap",
    "mkt_cap_log",
    "market_ret",
    "market_limit_hits",
    "board_main",
    "board_star",
    "board_chinext",
    "board_bse",
    "is_st",
    "tail_ret_1430_1457",
    "tail_ret_1450_1457",
    "tail_volume_ratio",
    "tail_amount_ratio",
    "tail_volume_vs_5d",
    "tail_high_break",
    "tail_close_to_high",
    "tail_limit_gap",
    "tail_vwap_deviation",
    "tail_pullback",
    "tail_range"
  ],
  "weights": [
    0.10496940629242849,
    0.004194135406571117,
    -0.10359980371415213,
    -0.000649789845552598,
    0.010428599994895092,
    0.014718311568677613,
    0.0,
    0.07812869737835255,
    0.0875085551249514,
    0.11902245440016505,
    0.22227337537621006,
    -0.23615926336818263,
    0.10370912523798792,
    -0.04024528527584894,
    0.017514907849454954,
    0.18039828943375824,
    -0.08936851289394962,
    -0.11573811557557812,
    -0.04782258766773265,
    0.2993269237667966,
    0.0,
    0.0,
    0.0,
    0.0,
    0.0,
    0.0,
    0.0,
    0.0,
    0.0,
    0.0,
    0.0
  ],
  "bias": -4.0550338344713985,
  "mean": [
    0.0008313066755419521,
    0.0012792849726097721,
    -0.019171917819015886,
    0.010748237073735975,
    1.008895492714717,
    1.0105456403825257,
    0.0,
    0.0025388220392774017,
    0.004302118904552645,
    0.008463270236971127,
    0.02480344076326676,
    0.1438416611357057,
    23.59016817962173,
    0.0008181724357940711,
    121.53088977152082,
    0.5842499838859168,
    0.10900084534110366,
    0.25438617937678876,
    0.052362991396190856,
    0.04023853288495434,
    0.0,
    0.0,
    0.0,
    0.0,
    0.0,
    0.0,
    0.0,
    0.0,
    0.0,
    0.0,
    0.0
  ],
  "std": [
    0.030756368084488117,
    0.02797498763620607,
    0.017659146078625135,
    0.012082875491831043,
    0.35159163733342896,
    0.3654429985583837,
    1.0,
    0.05455836406669181,
    0.07144908624590107,
    0.10249458839272649,
    0.017803282372731755,
    0.07507200956729403,
    1.195106917248943,
    0.012009272952055929,
    34.642070291747444,
    0.4928508295774927,
    0.3116402750865627,
    0.4355156152411404,
    0.22275795951712543,
    0.19651817563833834,
    1.0,
    1.0,
    1.0,
    1.0,
    1.0,
    1.0,
    1.0,
    1.0,
    1.0,
    1.0,
    1.0
  ]
}